AÑO;MES;PRODUCTO;CATEGORIA;CCAA;PROVINCIA;ENTRADAS;VISITAS_PAGINAS;GASTO_TOTAL;PRECIO_MEDIO_ENTRADA;TRANSACCIONES
2023;8;Espectaculos;Cultura, teatro y danza;País Vasco;Araba/Álava;2;8;6,3;3,15;1
2023;8;Espectaculos;Música;País Vasco;Araba/Álava;204;3669;854,76;4,19;114
2023;8;Actividades;Actividades infantiles;País Vasco;Araba/Álava;61;243;267,79;4,39;16
2023;8;Espectaculos;Cultura, teatro y danza;País Vasco;Araba/Álava;295;1174;1516,3;5,14;105
2023;8;Espectaculos;Museo y exposiciones;País Vasco;Araba/Álava;47;187;199,75;4,25;13
2023;8;Espectaculos;Música;Castilla - La Mancha;Albacete;18;72;234;13;9
2023;8;Espectaculos;Cultura, teatro y danza;Castilla - La Mancha;Albacete;118;470;926,3;7,85;57
2023;8;Espectaculos;Cine;Castilla - La Mancha;Albacete;21;84;68,46;3,26;8
2023;8;Espectaculos;Música;Castilla - La Mancha;Albacete;311;1238;3110;10;308
2023;8;Espectaculos;Música;Comunitat Valenciana;Alicante/Alacant;933;3531;14704,08;15,76;494
2023;8;Espectaculos;Cultura, teatro y danza;Comunitat Valenciana;Alicante/Alacant;134;533;3355,36;25,04;52
2023;8;Actividades;Gastronomía;Comunitat Valenciana;Alicante/Alacant;10;40;150;15;4
2023;8;Actividades;Actividades infantiles;Comunitat Valenciana;Alicante/Alacant;6;24;147,36;24,56;5
2023;8;Espectaculos;Música;Comunitat Valenciana;Alicante/Alacant;25;99;375;15;11
2023;8;Espectaculos;Música;Comunitat Valenciana;Alicante/Alacant;12;48;186;15,5;3
2023;8;Espectaculos;Música;Comunitat Valenciana;Alicante/Alacant;2;8;32,48;16,24;1
2023;8;Espectaculos;Música;Comunitat Valenciana;Alicante/Alacant;271;1079;5235,72;19,32;114
2023;8;Espectaculos;Cultura, teatro y danza;Comunitat Valenciana;Alicante/Alacant;41;155;291,92;7,12;19
2023;8;Espectaculos;Música;Comunitat Valenciana;Alicante/Alacant;164;653;2835,56;17,29;69
2023;8;Espectaculos;Música;Comunitat Valenciana;Alicante/Alacant;42;167;714,84;17,02;27
2023;8;Espectaculos;Música;Comunitat Valenciana;Alicante/Alacant;228;907;1388,52;6,09;90
2023;8;Espectaculos;Música;Comunitat Valenciana;Alicante/Alacant;247;983;6804,85;27,55;110
2023;8;Espectaculos;Música;Comunitat Valenciana;Alicante/Alacant;100;398;1519;15,19;50
2023;8;Espectaculos;Música;Andalucía;Almería;630;2507;10791,9;17,13;332
2023;8;Espectaculos;Música;Andalucía;Almería;14;56;231;16,5;6
2023;8;Espectaculos;Música;Andalucía;Almería;5;20;149,8;29,96;3
2023;8;Espectaculos;Música;Andalucía;Almería;5517;21956;278277,48;50,44;4080
2023;8;Actividades;Deportes y aventuras;Andalucía;Almería;7;28;361,9;51,7;3
2023;8;Espectaculos;Cultura, teatro y danza;Andalucía;Almería;1023;3834;19181,25;18,75;397
2023;8;Espectaculos;Cultura, teatro y danza;Andalucía;Almería;960;3821;23011,2;23,97;292
2023;8;Espectaculos;Cultura, teatro y danza;Castilla y León;Ávila;38;151;482,22;12,69;18
2023;8;Espectaculos;Música;Castilla y León;Ávila;35;139;350;10;29
2023;8;Actividades;Actividades infantiles;Extremadura;Badajoz;21;84;336;16;19
2023;8;Espectaculos;Cultura, teatro y danza;Extremadura;Badajoz;82;326;1481,74;18,07;60
2023;8;Espectaculos;Música;Extremadura;Badajoz;5;20;84,2;16,84;3
2023;8;Espectaculos;Música;Extremadura;Badajoz;18;72;452,52;25,14;8
2023;8;Actividades;Actividades infantiles;Extremadura;Badajoz;18;72;452,52;25,14;8
2023;8;Espectaculos;Música;Extremadura;Badajoz;50;199;351,5;7,03;25
2023;8;Actividades;Deportes y aventuras;Extremadura;Badajoz;14;337;194,04;13,86;12
2023;8;Espectaculos;Musicales;Extremadura;Badajoz;4;16;70,4;17,6;1
2023;8;Espectaculos;Música;Extremadura;Badajoz;9;36;198;22;5
2023;8;Actividades;Actividades infantiles;Extremadura;Badajoz;4;16;70,4;17,6;1
2023;8;Espectaculos;Cultura, teatro y danza;Extremadura;Badajoz;4;16;70,4;17,6;1
2023;8;Actividades;Deportes y aventuras;Extremadura;Badajoz;92;391;710,24;7,72;61
2023;8;Espectaculos;Musicales;Extremadura;Badajoz;14;56;224;16;4
2023;8;Actividades;Deportes y aventuras;Extremadura;Badajoz;2;8;38;19;2
2023;8;Actividades;Actividades infantiles;Extremadura;Badajoz;16;64;280;17,5;6
2023;8;Espectaculos;Cultura, teatro y danza;Extremadura;Badajoz;14;56;224;16;4
2023;8;Espectaculos;Música;Illes Balears;Illes Balears;8;32;109,12;13,64;5
2023;8;Espectaculos;Música;Illes Balears;Illes Balears;175;696;3228,75;18,45;98
2023;8;Espectaculos;Música;Illes Balears;Illes Balears;165;657;2121,9;12,86;60
2023;8;Espectaculos;Música;Illes Balears;Illes Balears;43;171;429,57;9,99;16
2023;8;Actividades;Cursos;Illes Balears;Illes Balears;30;119;155,4;5,18;22
2023;8;Espectaculos;Música;Illes Balears;Illes Balears;118;470;1430,16;12,12;52
2023;8;Espectaculos;Cultura, teatro y danza;Illes Balears;Illes Balears;113;450;1132,26;10,02;52
2023;8;Espectaculos;Música;Illes Balears;Illes Balears;18;72;151,74;8,43;6
2023;8;Actividades;Cursos;Illes Balears;Illes Balears;16;64;445,6;27,85;15
2023;8;Espectaculos;Música;Illes Balears;Illes Balears;1281;5098;49677,18;38,78;667
2023;8;Actividades;Cursos;Illes Balears;Illes Balears;15;60;735;49;6
2023;8;Espectaculos;Música;Illes Balears;Illes Balears;58;231;929,74;16,03;20
2023;8;Actividades;Gastronomía;Illes Balears;Illes Balears;15;60;735;49;6
2023;8;Actividades;Cursos;Illes Balears;Illes Balears;59;235;3186;54;22
2023;8;Espectaculos;Música;Illes Balears;Illes Balears;175;696;2527;14,44;93
2023;8;Actividades;Gastronomía;Illes Balears;Illes Balears;59;235;3186;54;22
2023;8;Espectaculos;Música;Illes Balears;Illes Balears;4;16;77,4;19,35;3
2023;8;Espectaculos;Música;Illes Balears;Illes Balears;1890;7522;30277,8;16,02;812
2023;8;Espectaculos;Música;Illes Balears;Illes Balears;18;72;186,48;10,36;8
2023;8;Espectaculos;Música;Illes Balears;Illes Balears;775;3084;17050;22;320
2023;8;Espectaculos;Música;Illes Balears;Illes Balears;23;92;4586,43;199,41;16
2023;8;Espectaculos;Musicales;Illes Balears;Illes Balears;71;283;1795,59;25,29;32
2023;8;Espectaculos;Música;Illes Balears;Illes Balears;11;5090;459,91;41,81;5
2023;8;Espectaculos;Cultura, teatro y danza;Illes Balears;Illes Balears;71;283;1795,59;25,29;32
2023;8;Espectaculos;Música;Illes Balears;Illes Balears;79;314;579,86;7,34;38
2023;8;Espectaculos;Música;Illes Balears;Illes Balears;239;951;2707,87;11,33;127
2023;8;Actividades;Cursos;Illes Balears;Illes Balears;3;12;150;50;3
2023;8;Espectaculos;Cine;Illes Balears;Illes Balears;1;4;3;3;1
2023;8;Espectaculos;Música;Illes Balears;Illes Balears;46;183;480,7;10,45;18
2023;8;Espectaculos;Música;Illes Balears;Illes Balears;1495;5950;10554,7;7,06;519
2023;8;Espectaculos;Cultura, teatro y danza;Illes Balears;Illes Balears;190;756;2650,5;13,95;80
2023;8;Actividades;Cursos;Illes Balears;Illes Balears;101;402;1575,6;15,6;80
2023;8;Espectaculos;Música;Illes Balears;Illes Balears;685;2726;9569,45;13,97;482
2023;8;Espectaculos;Musicales;Illes Balears;Illes Balears;300;1194;9417;31,39;110
2023;8;Espectaculos;Música;Illes Balears;Illes Balears;13721;51375;218026,69;15,89;8802
2023;8;Actividades;Deportes y aventuras;Illes Balears;Illes Balears;9;36;121,23;13,47;9
2023;8;Actividades;Actividades infantiles;Illes Balears;Illes Balears;19;76;2390,01;125,79;15
2023;8;Espectaculos;Cultura, teatro y danza;Illes Balears;Illes Balears;384;1432;6424,32;16,73;153
2023;8;Espectaculos;Museo y exposiciones;Illes Balears;Illes Balears;1;4;5,18;5,18;1
2023;8;Espectaculos;Música;Illes Balears;Illes Balears;257;1023;3379,55;13,15;87
2023;8;Espectaculos;Música;Illes Balears;Illes Balears;331;1317;5021,27;15,17;153
2023;8;Espectaculos;Cultura, teatro y danza;Illes Balears;Illes Balears;51;203;528,36;10,36;25
2023;8;Espectaculos;Música;Illes Balears;Illes Balears;737;2933;16258,22;22,06;359
2023;8;Espectaculos;Música;Illes Balears;Illes Balears;1540;5781;19511,8;12,67;706
2023;8;Espectaculos;Música;Illes Balears;Illes Balears;460;1830;5669,5;12,325;233
2023;8;Espectaculos;Música;Illes Balears;Illes Balears;99;572;977,13;9,87;54
2023;8;Actividades;Deportes y aventuras;Illes Balears;Illes Balears;52;207;780;15;34
2023;8;Actividades;Actividades infantiles;Illes Balears;Illes Balears;21;154;63;3;6
2023;8;Espectaculos;Cultura, teatro y danza;Illes Balears;Illes Balears;33;131;178,2;5,4;11
2023;8;Espectaculos;Música;Illes Balears;Illes Balears;4;16;60;15;2
2023;8;Actividades;Actividades infantiles;Illes Balears;Illes Balears;4;16;60;15;2
2023;8;Espectaculos;Música;Illes Balears;Illes Balears;552;2197;3726;6,75;422
2023;8;Actividades;Cursos;Illes Balears;Illes Balears;15;60;735;49;5
2023;8;Espectaculos;Música;Illes Balears;Illes Balears;50;199;524;10,48;36
2023;8;Actividades;Gastronomía;Illes Balears;Illes Balears;15;60;735;49;5
2023;8;Espectaculos;Música;Illes Balears;Illes Balears;518;3068;6749,54;13,03;298
2023;8;Espectaculos;Cultura, teatro y danza;Illes Balears;Illes Balears;64;255;1004,8;15,7;35
2023;8;Actividades;Cursos;Illes Balears;Illes Balears;17;68;1003;59;7
2023;8;Espectaculos;Música;Illes Balears;Illes Balears;155;617;2218,05;14,31;99
2023;8;Actividades;Gastronomía;Illes Balears;Illes Balears;17;68;1003;59;7
2023;8;Espectaculos;Cultura, teatro y danza;Illes Balears;Illes Balears;29;115;375,55;12,95;16
2023;8;Espectaculos;Música;Illes Balears;Illes Balears;92;366;2006,52;21,81;40
2023;8;Actividades;Actividades infantiles;Illes Balears;Illes Balears;38;151;440,04;11,58;14
2023;8;Espectaculos;Cultura, teatro y danza;Illes Balears;Illes Balears;10;40;80,3;8,03;5
2023;8;Espectaculos;Museo y exposiciones;Illes Balears;Illes Balears;1;4;5,18;5,18;1
2023;8;Espectaculos;Música;Illes Balears;Illes Balears;138;549;2156,94;15,63;57
2023;8;Espectaculos;Música;Illes Balears;Illes Balears;510;2029;14642,1;28,71;209
2023;8;Espectaculos;Cultura, teatro y danza;Illes Balears;Illes Balears;4;16;20,72;5,18;3
2023;8;Espectaculos;Museo y exposiciones;Illes Balears;Illes Balears;4;16;20,72;5,18;3
2023;8;Espectaculos;Música;Cataluña;Barcelona;8;32;39,28;4,91;8
2023;8;Espectaculos;Música;Cataluña;Barcelona;343;1365;7014,35;20,45;197
2023;8;Actividades;Cursos;Cataluña;Barcelona;29;115;2721,94;93,86;27
2023;8;Espectaculos;Cine;Cataluña;Barcelona;26;121;261,56;10,06;18
2023;8;Espectaculos;Musicales;Cataluña;Barcelona;125;497;1845;14,76;54
2023;8;Espectaculos;Música;Cataluña;Barcelona;7312;26208;101124,96;13,83;4322
2023;8;Actividades;Deportes y aventuras;Cataluña;Barcelona;39;155;1599,39;41,01;25
2023;8;Actividades;Actividades infantiles;Cataluña;Barcelona;84;334;857,64;10,21;33
2023;8;Espectaculos;Cultura, teatro y danza;Cataluña;Barcelona;742;2823;10677,38;14,39;387
2023;8;Espectaculos;Museo y exposiciones;Cataluña;Barcelona;112;494;1238,72;11,06;46
2023;8;Actividades;Gastronomía;Cataluña;Barcelona;1009;4016;11754,85;11,65;479
2023;8;Espectaculos;Música;Cataluña;Barcelona;4;16;20,44;5,11;2
2023;8;Espectaculos;Cultura, teatro y danza;Cataluña;Barcelona;21;84;156,03;7,43;10
2023;8;Espectaculos;Música;Cataluña;Barcelona;91;362;3265,99;35,89;60
2023;8;Espectaculos;Música;Cataluña;Barcelona;527;2097;4242,35;8,05;204
2023;8;Espectaculos;Cine;Cataluña;Barcelona;97;386;679;7;38
2023;8;Espectaculos;Música;Cataluña;Barcelona;287;1143;5803,14;20,22;180
2023;8;Espectaculos;Música;Cataluña;Barcelona;20;80;172,4;8,62;14
2023;8;Espectaculos;Música;Cataluña;Barcelona;229;911;4289,17;18,73;93
2023;8;Espectaculos;Música;Cataluña;Barcelona;11;44;266,97;24,27;6
2023;8;Espectaculos;Música;Cataluña;Barcelona;246;979;3692,46;15,01;129
2023;8;Actividades;Actividades infantiles;Cataluña;Barcelona;296;1178;2341,36;7,91;96
2023;8;Espectaculos;Música;Cataluña;Barcelona;150;597;2611,5;17,41;105
2023;8;Actividades;Actividades infantiles;Cataluña;Barcelona;150;597;2611,5;17,41;105
2023;8;Actividades;Cursos;Cataluña;Barcelona;1;4;121;121;1
2023;8;Actividades;Actividades infantiles;Cataluña;Barcelona;1;4;121;121;1
2023;8;Actividades;Gastronomía;Cataluña;Barcelona;1;4;121;121;1
2023;8;Espectaculos;Música;Cataluña;Barcelona;8;32;120;15;4
2023;8;Espectaculos;Música;Cataluña;Barcelona;9;36;70,74;7,86;3
2023;8;Espectaculos;Música;Cataluña;Barcelona;69;275;1043,97;15,13;27
2023;8;Espectaculos;Cultura, teatro y danza;Cataluña;Barcelona;30;119;300;10;16
2023;8;Espectaculos;Música;Cataluña;Barcelona;42;168;468,3;11,15;26
2023;8;Espectaculos;Música;Cataluña;Barcelona;16;64;214,88;13,43;7
2023;8;Espectaculos;Cultura, teatro y danza;Cataluña;Barcelona;12;48;129,96;10,83;5
2023;8;Espectaculos;Música;Cataluña;Barcelona;13;52;441,74;33,98;7
2023;8;Actividades;Actividades infantiles;Cataluña;Barcelona;13;52;441,74;33,98;7
2023;8;Actividades;Actividades infantiles;Cataluña;Barcelona;2;8;12;6;1
2023;8;Espectaculos;Cultura, teatro y danza;Cataluña;Barcelona;2;8;12;6;1
2023;8;Espectaculos;Cultura, teatro y danza;Cataluña;Barcelona;41;163;199,26;4,86;8
2023;8;Espectaculos;Museo y exposiciones;Cataluña;Barcelona;34;135;160,14;4,71;7
2023;8;Espectaculos;Música;Cataluña;Barcelona;4;16;44;11;2
2023;8;Espectaculos;Música;Cataluña;Barcelona;16;64;1444,96;90,31;7
2023;8;Actividades;Actividades infantiles;Cataluña;Barcelona;16;64;1444,96;90,31;7
2023;8;Espectaculos;Música;Cataluña;Barcelona;2;8;22;11;2
2023;8;Espectaculos;Cine;Cataluña;Barcelona;526;2093;3655,7;6,95;232
2023;8;Espectaculos;Música;Cataluña;Barcelona;7;28;90,79;12,97;5
2023;8;Actividades;Actividades infantiles;Cataluña;Barcelona;253;1007;1768,47;6,99;107
2023;8;Espectaculos;Música;Cataluña;Barcelona;65;258;742,3;11,42;30
2023;8;Espectaculos;Cultura, teatro y danza;Cataluña;Barcelona;74;295;966,44;13,06;43
2023;8;Actividades;Gastronomía;Cataluña;Barcelona;9;36;110,97;12,33;4
2023;8;Espectaculos;Música;Cataluña;Barcelona;350;1393;5439;15,54;154
2023;8;Espectaculos;Música;Castilla y León;Burgos;4;16;83,8;20,95;2
2023;8;Espectaculos;Cultura, teatro y danza;Castilla y León;Burgos;253;1007;1019,59;4,03;98
2023;8;Espectaculos;Cultura, teatro y danza;Castilla y León;Burgos;20;80;407,2;20,36;6
2023;8;Espectaculos;Música;Castilla y León;Burgos;6;24;342;57;5
2023;8;Espectaculos;Música;Castilla y León;Burgos;351;1397;3710,07;10,57;149
2023;8;Actividades;Actividades infantiles;Castilla y León;Burgos;351;1397;3710,07;10,57;149
2023;8;Espectaculos;Música;Extremadura;Cáceres;26;103;315,9;12,15;13
2023;8;Actividades;Deportes y aventuras;Extremadura;Cáceres;94;374;1679,78;17,87;88
2023;8;Actividades;Actividades infantiles;Extremadura;Cáceres;3;12;95,01;31,67;3
2023;8;Espectaculos;Musicales;Extremadura;Cáceres;15;60;264;17,6;5
2023;8;Espectaculos;Música;Extremadura;Cáceres;14;56;291,9;20,85;6
2023;8;Actividades;Actividades infantiles;Extremadura;Cáceres;15;60;264;17,6;5
2023;8;Espectaculos;Cultura, teatro y danza;Extremadura;Cáceres;15;60;264;17,6;5
2023;8;Espectaculos;Música;Andalucía;Cádiz;1474;5866;18601,88;12,62;662
2023;8;Espectaculos;Cultura, teatro y danza;Andalucía;Cádiz;79;314;1198,43;15,17;30
2023;8;Espectaculos;Música;Andalucía;Cádiz;151;601;2369,19;15,69;101
2023;8;Espectaculos;Música;Andalucía;Cádiz;12;48;315,36;26,28;8
2023;8;Actividades;Actividades infantiles;Andalucía;Cádiz;12;48;315,36;26,28;8
2023;8;Espectaculos;Música;Andalucía;Cádiz;130;517;3149,9;24,23;67
2023;8;Actividades;Gastronomía;Andalucía;Cádiz;10;40;560;56;5
2023;8;Espectaculos;Música;Andalucía;Cádiz;48;191;1250,88;26,06;20
2023;8;Espectaculos;Música;Andalucía;Cádiz;85;338;605,2;7,12;38
2023;8;Espectaculos;Música;Andalucía;Cádiz;135;537;3712,5;27,5;55
2023;8;Espectaculos;Música;Andalucía;Cádiz;1425;5671;45842,25;32,17;892
2023;8;Espectaculos;Cultura, teatro y danza;Andalucía;Cádiz;62;247;1023;16,5;28
2023;8;Espectaculos;Música;Comunitat Valenciana;Castellón/Castelló;271;1078;4075,84;15,04;105
2023;8;Actividades;Gastronomía;Comunitat Valenciana;Castellón/Castelló;136;541;685,44;5,04;20
2023;8;Espectaculos;Música;Castilla - La Mancha;Ciudad Real;13;52;403,78;31,06;7
2023;8;Espectaculos;Parques temáticos;Castilla - La Mancha;Ciudad Real;4;16;82,24;20,56;3
2023;8;Actividades;Deportes y aventuras;Castilla - La Mancha;Ciudad Real;4;16;82,24;20,56;3
2023;8;Actividades;Actividades infantiles;Castilla - La Mancha;Ciudad Real;4;16;82,24;20,56;3
2023;8;Espectaculos;Música;Castilla - La Mancha;Ciudad Real;10;40;160;16;5
2023;8;Espectaculos;Música;Castilla - La Mancha;Ciudad Real;177;704;2835,54;16,02;83
2023;8;Espectaculos;Musicales;Andalucía;Córdoba;2;8;23,76;11,88;1
2023;8;Espectaculos;Música;Andalucía;Córdoba;29;115;301,02;10,38;14
2023;8;Actividades;Actividades infantiles;Andalucía;Córdoba;1043;4151;11274,83;10,81;363
2023;8;Espectaculos;Cultura, teatro y danza;Andalucía;Córdoba;1208;4808;14761,76;12,22;420
2023;8;Espectaculos;Música;Andalucía;Córdoba;3;12;123,72;41,24;2
2023;8;Actividades;Actividades infantiles;Andalucía;Córdoba;3;12;123,72;41,24;2
2023;8;Espectaculos;Música;Andalucía;Córdoba;76;302;1912,16;25,16;50
2023;8;Espectaculos;Música;Andalucía;Córdoba;8;32;178;22,25;4
2023;8;Espectaculos;Música;Andalucía;Córdoba;106;422;2189,96;20,66;52
2023;8;Espectaculos;Música;Galicia;A Coruña;20;80;221;11,05;11
2023;8;Espectaculos;Musicales;Galicia;A Coruña;28;111;181,44;6,48;16
2023;8;Espectaculos;Música;Galicia;A Coruña;118;464;1266,14;10,73;65
2023;8;Espectaculos;Cultura, teatro y danza;Galicia;A Coruña;28;111;181,44;6,48;16
2023;8;Espectaculos;Música;Galicia;A Coruña;130;517;2566,2;19,74;60
2023;8;Espectaculos;Música;Galicia;A Coruña;8;32;64;8;6
2023;8;Actividades;Deportes y aventuras;Galicia;A Coruña;5;20;50;10;5
2023;8;Actividades;Cursos;Galicia;A Coruña;3;12;194,31;64,77;3
2023;8;Espectaculos;Música;Galicia;A Coruña;7;28;57,75;8,25;6
2023;8;Espectaculos;Música;Galicia;A Coruña;66;263;1087,68;16,48;29
2023;8;Espectaculos;Música;Galicia;A Coruña;1312;5221;14274,56;10,88;730
2023;8;Espectaculos;Música;Castilla - La Mancha;Cuenca;4;16;54,6;13,65;1
2023;8;Espectaculos;Música;Castilla - La Mancha;Cuenca;17;68;277,95;16,35;9
2023;8;Espectaculos;Cultura, teatro y danza;Castilla - La Mancha;Cuenca;29;115;612,48;21,12;19
2023;8;Espectaculos;Cultura, teatro y danza;Castilla - La Mancha;Cuenca;42;167;340,2;8,1;12
2023;8;Espectaculos;Música;Cataluña;Girona;50;199;402,5;8,05;19
2023;8;Espectaculos;Música;Cataluña;Girona;76;302;761,52;10,02;36
2023;8;Actividades;Deportes y aventuras;Cataluña;Girona;2;8;48,28;24,14;1
2023;8;Espectaculos;Música;Cataluña;Girona;1359;5408;13834,62;10,18;515
2023;8;Espectaculos;Música;Cataluña;Girona;97;386;1461,79;15,07;35
2023;8;Espectaculos;Música;Cataluña;Girona;14;56;112;8;6
2023;8;Espectaculos;Música;Cataluña;Girona;9;36;72;8;5
2023;8;Espectaculos;Cultura, teatro y danza;Cataluña;Girona;65;259;1221,025;18,785;38
2023;8;Espectaculos;Música;Cataluña;Girona;7;28;105;15;3
2023;8;Espectaculos;Música;Cataluña;Girona;91;362;1376,83;15,13;37
2023;8;Espectaculos;Música;Cataluña;Girona;159;633;2396,13;15,07;59
2023;8;Espectaculos;Música;Cataluña;Girona;40;159;522,8;13,07;17
2023;8;Espectaculos;Música;Cataluña;Girona;54;215;545,94;10,11;23
2023;8;Actividades;Actividades infantiles;Cataluña;Girona;19;76;190;10;9
2023;8;Actividades;Gastronomía;Cataluña;Girona;54;215;545,94;10,11;23
2023;8;Espectaculos;Música;Cataluña;Girona;20;80;553,4;27,67;10
2023;8;Espectaculos;Música;Cataluña;Girona;105;418;3130,05;29,81;77
2023;8;Actividades;Actividades infantiles;Cataluña;Girona;21;84;532,14;25,34;15
2023;8;Actividades;Gastronomía;Cataluña;Girona;70;279;1628,9;23,27;52
2023;8;Espectaculos;Música;Cataluña;Girona;127;505;1905;15;46
2023;8;Espectaculos;Música;Cataluña;Girona;73;291;365;5;42
2023;8;Espectaculos;Música;Andalucía;Granada;297;1182;5025,24;16,92;124
2023;8;Espectaculos;Cultura, teatro y danza;Andalucía;Granada;213;848;4123,68;19,36;99
2023;8;Espectaculos;Música;Andalucía;Granada;44;175;976,8;22,2;33
2023;8;Espectaculos;Música;Andalucía;Granada;232;923;3674,88;15,84;147
2023;8;Espectaculos;Cultura, teatro y danza;Andalucía;Granada;20;80;302,2;15,11;12
2023;8;Espectaculos;Música;Andalucía;Granada;423;2559;1408,59;3,33;179
2023;8;Espectaculos;Música;Andalucía;Granada;187;744;1931,71;10,33;86
2023;8;Actividades;Deportes y aventuras;Andalucía;Granada;8;32;414,4;51,8;5
2023;8;Espectaculos;Música;Andalucía;Granada;21;84;557,34;26,54;14
2023;8;Espectaculos;Música;Andalucía;Granada;30;119;1017;33,9;9
2023;8;Espectaculos;Cultura, teatro y danza;Andalucía;Granada;29;115;479,08;16,52;12
2023;8;Espectaculos;Música;Castilla - La Mancha;Guadalajara;18;72;1229,94;68,33;11
2023;8;Espectaculos;Cultura, teatro y danza;Castilla - La Mancha;Guadalajara;82;326;819,18;9,99;74
2023;8;Espectaculos;Música;Castilla - La Mancha;Guadalajara;21;84;210;10;20
2023;8;Espectaculos;Música;País Vasco;Gipuzkoa;248;987;3055,36;12,32;129
2023;8;Actividades;Actividades infantiles;País Vasco;Gipuzkoa;3;12;48;16;1
2023;8;Espectaculos;Cultura, teatro y danza;País Vasco;Gipuzkoa;118;470;1807,76;15,32;39
2023;8;Espectaculos;Música;País Vasco;Gipuzkoa;14;56;295,96;21,14;5
2023;8;Espectaculos;Música;País Vasco;Gipuzkoa;3;12;30,93;10,31;2
2023;8;Espectaculos;Música;País Vasco;Gipuzkoa;37;147;1038,22;28,06;15
2023;8;Espectaculos;Cine;País Vasco;Gipuzkoa;29;115;174;6;18
2023;8;Espectaculos;Música;País Vasco;Gipuzkoa;62;247;727,26;11,73;36
2023;8;Espectaculos;Música;País Vasco;Gipuzkoa;176;700;3340,48;18,98;76
2023;8;Actividades;Actividades infantiles;Andalucía;Huelva;4;16;68;17;1
2023;8;Espectaculos;Cultura, teatro y danza;Andalucía;Huelva;4;16;68;17;1
2023;8;Espectaculos;Música;Aragón;Huesca;131;521;1380,74;10,54;65
2023;8;Espectaculos;Cine;Aragón;Huesca;287;1892;3228,75;11,25;140
2023;8;Actividades;Actividades infantiles;Aragón;Huesca;143;1148;715;5;64
2023;8;Espectaculos;Música;Aragón;Huesca;34;135;517,48;15,22;21
2023;8;Espectaculos;Música;Aragón;Huesca;26;103;582,92;22,42;13
2023;8;Actividades;Gastronomía;Aragón;Huesca;26;103;582,92;22,42;13
2023;8;Espectaculos;Música;Andalucía;Jaén;46;183;1155,06;25,11;25
2023;8;Espectaculos;Música;Andalucía;Jaén;12;48;317,52;26,46;8
2023;8;Espectaculos;Música;Andalucía;Jaén;153;609;1416,78;9,26;60
2023;8;Actividades;Cursos;Andalucía;Jaén;4;16;39,28;9,82;4
2023;8;Espectaculos;Música;Andalucía;Jaén;299;1190;4640,48;15,52;143
2023;8;Actividades;Actividades infantiles;Andalucía;Jaén;4;16;39,28;9,82;4
2023;8;Espectaculos;Cultura, teatro y danza;Andalucía;Jaén;16;64;568,96;35,56;5
2023;8;Espectaculos;Música;Castilla y León;León;168;669;2578,8;15,35;94
2023;8;Espectaculos;Música;Cataluña;Lleida;37;147;610,87;16,51;31
2023;8;Espectaculos;Música;Cataluña;Lleida;182;724;2569,84;14,12;72
2023;8;Espectaculos;Cultura, teatro y danza;Cataluña;Lleida;154;613;2088,24;13,56;65
2023;8;Espectaculos;Música;Cataluña;Lleida;64;255;2517,12;39,33;44
2023;8;Espectaculos;Música;La Rioja;La Rioja;69;275;705,18;10,22;31
2023;8;Actividades;Actividades infantiles;La Rioja;La Rioja;100;398;762;7,62;44
2023;8;Espectaculos;Cultura, teatro y danza;La Rioja;La Rioja;239;951;1520,04;6,36;103
2023;8;Espectaculos;Música;La Rioja;La Rioja;2;8;28,6;14,3;1
2023;8;Actividades;Actividades infantiles;La Rioja;La Rioja;120;478;964,8;8,04;58
2023;8;Espectaculos;Cultura, teatro y danza;La Rioja;La Rioja;262;1043;2130,06;8,13;139
2023;8;Actividades;Gastronomía;La Rioja;La Rioja;31;123;93,62;3,02;13
2023;8;Espectaculos;Música;La Rioja;La Rioja;382;1520;9049,58;23,69;178
2023;8;Espectaculos;Música;Galicia;Lugo;4;16;100;25;2
2023;8;Espectaculos;Musicales;Galicia;Lugo;7;28;115,5;16,5;3
2023;8;Actividades;Actividades infantiles;Galicia;Lugo;7;28;115,5;16,5;3
2023;8;Espectaculos;Cultura, teatro y danza;Galicia;Lugo;7;28;115,5;16,5;3
2023;8;Espectaculos;Musicales;Comunidad de Madrid;Madrid;8;32;88;11;4
2023;8;Actividades;Actividades infantiles;Comunidad de Madrid;Madrid;7;28;63;9;3
2023;8;Espectaculos;Cultura, teatro y danza;Comunidad de Madrid;Madrid;35;139;360,15;10,29;15
2023;8;Espectaculos;Música;Comunidad de Madrid;Madrid;2;8;13,2;6,6;1
2023;8;Actividades;Actividades infantiles;Comunidad de Madrid;Madrid;49;195;165,13;3,37;17
2023;8;Espectaculos;Cultura, teatro y danza;Comunidad de Madrid;Madrid;49;195;165,13;3,37;17
2023;8;Espectaculos;Música;Comunidad de Madrid;Madrid;2;8;50;25;1
2023;8;Espectaculos;Conferencias;Comunidad de Madrid;Madrid;11;140;2664,97;242,27;11
2023;8;Actividades;Cursos;Comunidad de Madrid;Madrid;60;239;6481,8;108,03;54
2023;8;Espectaculos;Cine;Comunidad de Madrid;Madrid;3;19;54,63;18,21;3
2023;8;Espectaculos;Musicales;Comunidad de Madrid;Madrid;15;60;106,5;7,1;9
2023;8;Espectaculos;Ferias;Comunidad de Madrid;Madrid;11;102;2664,97;242,27;11
2023;8;Espectaculos;Música;Comunidad de Madrid;Madrid;9201;36209;129550,08;14,08;5009
2023;8;Actividades;Deportes y aventuras;Comunidad de Madrid;Madrid;209;832;7743,45;37,05;140
2023;8;Actividades;Actividades infantiles;Comunidad de Madrid;Madrid;76;302;2919,16;38,41;30
2023;8;Espectaculos;Cultura, teatro y danza;Comunidad de Madrid;Madrid;243;967;3056,94;12,58;125
2023;8;Actividades;Gastronomía;Comunidad de Madrid;Madrid;205;816;3173,4;15,48;80
2023;8;Espectaculos;Música;Comunidad de Madrid;Madrid;3;12;67,38;22,46;3
2023;8;Actividades;Actividades infantiles;Comunidad de Madrid;Madrid;3;12;67,38;22,46;3
2023;8;Espectaculos;Música;Comunidad de Madrid;Madrid;12;48;907,44;75,62;9
2023;8;Actividades;Actividades infantiles;Comunidad de Madrid;Madrid;3;12;70,98;23,66;2
2023;8;Espectaculos;Cultura, teatro y danza;Comunidad de Madrid;Madrid;3;12;70,98;23,66;2
2023;8;Espectaculos;Música;Comunidad de Madrid;Madrid;44;175;674,52;15,33;20
2023;8;Espectaculos;Musicales;Comunidad de Madrid;Madrid;6;24;60;10;4
2023;8;Espectaculos;Cultura, teatro y danza;Comunidad de Madrid;Madrid;6;24;60;10;4
2023;8;Espectaculos;Música;Andalucía;Málaga;322;1281;3886,54;12,07;308
2023;8;Espectaculos;Música;Andalucía;Málaga;11;44;267,96;24,36;5
2023;8;Espectaculos;Música;Andalucía;Málaga;21;84;149,73;7,13;10
2023;8;Espectaculos;Música;Andalucía;Málaga;47;187;584,68;12,44;24
2023;8;Espectaculos;Música;Andalucía;Málaga;916;3645;16194,88;17,68;495
2023;8;Actividades;Actividades infantiles;Andalucía;Málaga;59;235;1579,43;26,77;29
2023;8;Espectaculos;Cultura, teatro y danza;Andalucía;Málaga;417;1660;7013,94;16,82;169
2023;8;Actividades;Deportes y aventuras;Andalucía;Málaga;56;223;1814,96;32,41;39
2023;8;Espectaculos;Música;Andalucía;Málaga;5;20;166,6;33,32;3
2023;8;Espectaculos;Música;Andalucía;Málaga;10;40;147,3;14,73;3
2023;8;Actividades;Gastronomía;Andalucía;Málaga;10;40;147,3;14,73;3
2023;8;Actividades;Cursos;Andalucía;Málaga;42;167;2037;48,5;34
2023;8;Espectaculos;Música;Andalucía;Málaga;962;3828;31101,46;32,33;614
2023;8;Espectaculos;Música;Región de Murcia;Murcia;67;267;967,48;14,44;54
2023;8;Espectaculos;Música;Región de Murcia;Murcia;16;64;261,12;16,32;11
2023;8;Actividades;Actividades infantiles;Región de Murcia;Murcia;13;52;421,98;32,46;8
2023;8;Espectaculos;Música;Región de Murcia;Murcia;6;24;52,8;8,8;3
2023;8;Espectaculos;Música;Región de Murcia;Murcia;797;3172;11500,71;14,43;430
2023;8;Espectaculos;Cultura, teatro y danza;Región de Murcia;Murcia;140;557;1646,4;11,76;57
2023;8;Actividades;Gastronomía;Región de Murcia;Murcia;3;12;21;7;1
2023;8;Espectaculos;Música;Región de Murcia;Murcia;484;1926;9892,96;20,44;201
2023;8;Actividades;Actividades infantiles;Región de Murcia;Murcia;557;2217;10605,28;19,04;230
2023;8;Espectaculos;Cultura, teatro y danza;Región de Murcia;Murcia;73;291;1338,82;18,34;29
2023;8;Espectaculos;Cultura, teatro y danza;Comunidad Foral de Navarra;Navarra;11;44;144,98;13,18;5
2023;8;Espectaculos;Música;Comunidad Foral de Navarra;Navarra;17;68;175,27;10,31;8
2023;8;Actividades;Gastronomía;Comunidad Foral de Navarra;Navarra;17;68;175,27;10,31;8
2023;8;Espectaculos;Música;Comunidad Foral de Navarra;Navarra;846;3366;19754,1;23,35;403
2023;8;Actividades;Actividades infantiles;Comunidad Foral de Navarra;Navarra;846;3366;19754,1;23,35;403
2023;8;Espectaculos;Música;Comunidad Foral de Navarra;Navarra;15;1430;336,3;22,42;12
2023;8;Espectaculos;Cultura, teatro y danza;Comunidad Foral de Navarra;Navarra;258;1027;3808,08;14,76;77
2023;8;Espectaculos;Música;Comunidad Foral de Navarra;Navarra;551;2193;29092,8;52,8;406
2023;8;Espectaculos;Música;Comunidad Foral de Navarra;Navarra;408;1630;5675,28;13,91;243
2023;8;Actividades;Deportes y aventuras;Comunidad Foral de Navarra;Navarra;13;52;163,8;12,6;8
2023;8;Actividades;Actividades infantiles;Comunidad Foral de Navarra;Navarra;13;52;163,8;12,6;8
2023;8;Espectaculos;Música;Comunidad Foral de Navarra;Navarra;429;1707;10021,44;23,36;360
2023;8;Espectaculos;Música;Comunidad Foral de Navarra;Navarra;2;8;30;15;1
2023;8;Espectaculos;Música;Comunidad Foral de Navarra;Navarra;2;8;14,44;7,22;1
2023;8;Espectaculos;Música;Comunidad Foral de Navarra;Navarra;55;219;1117,05;20,31;34
2023;8;Espectaculos;Musicales;Galicia;Ourense;15;60;247,5;16,5;5
2023;8;Espectaculos;Música;Galicia;Ourense;80;318;2220,8;27,76;31
2023;8;Actividades;Actividades infantiles;Galicia;Ourense;15;60;247,5;16,5;5
2023;8;Espectaculos;Cultura, teatro y danza;Galicia;Ourense;15;60;247,5;16,5;5
2023;8;Espectaculos;Cultura, teatro y danza;Principado de Asturias;Asturias;14;56;140,98;10,07;10
2023;8;Espectaculos;Música;Principado de Asturias;Asturias;318;1266;4814,52;15,14;220
2023;8;Actividades;Deportes y aventuras;Principado de Asturias;Asturias;3;12;279,96;93,32;3
2023;8;Espectaculos;Cultura, teatro y danza;Principado de Asturias;Asturias;65;259;1221,025;18,785;38
2023;8;Espectaculos;Música;Principado de Asturias;Asturias;165;657;2197,8;13,32;96
2023;8;Espectaculos;Música;Principado de Asturias;Asturias;604;2404;6577,56;10,89;282
2023;8;Espectaculos;Música;Canarias;Las Palmas;7;28;95,9;13,7;4
2023;8;Espectaculos;Conferencias;Canarias;Las Palmas;105;418;2100;20;56
2023;8;Espectaculos;Música;Canarias;Las Palmas;191;761;4058,75;21,25;114
2023;8;Espectaculos;Cultura, teatro y danza;Canarias;Las Palmas;31;123;403;13;12
2023;8;Espectaculos;Música;Canarias;Las Palmas;40;159;382,4;9,56;26
2023;8;Espectaculos;Cultura, teatro y danza;Canarias;Las Palmas;32;128;339,2;10,6;23
2023;8;Espectaculos;Cultura, teatro y danza;Canarias;Las Palmas;29;115;612,48;21,12;19
2023;8;Espectaculos;Música;Canarias;Las Palmas;11;44;119,9;10,9;6
2023;8;Actividades;Cursos;Canarias;Las Palmas;1;4;78,59;78,59;1
2023;8;Espectaculos;Cine;Canarias;Las Palmas;14;145;85,68;6,12;9
2023;8;Espectaculos;Musicales;Canarias;Las Palmas;33;132;281,49;8,53;15
2023;8;Espectaculos;Música;Canarias;Las Palmas;472;1505;5394,96;11,43;340
2023;8;Espectaculos;Cultura, teatro y danza;Canarias;Las Palmas;660;2627;6144,6;9,31;273
2023;8;Actividades;Gastronomía;Canarias;Las Palmas;33;132;281,49;8,53;15
2023;8;Espectaculos;Música;Canarias;Las Palmas;590;9678;13953,5;23,65;314
2023;8;Espectaculos;Música;Canarias;Las Palmas;52;207;535,6;10,3;34
2023;8;Espectaculos;Música;Canarias;Las Palmas;5;20;26;5,2;3
2023;8;Espectaculos;Cultura, teatro y danza;Canarias;Las Palmas;20;80;220;11;9
2023;8;Espectaculos;Música;Canarias;Las Palmas;22;88;136,4;6,2;11
2023;8;Espectaculos;Cultura, teatro y danza;Canarias;Las Palmas;233;927;1521,49;6,53;89
2023;8;Espectaculos;Cultura, teatro y danza;Canarias;Las Palmas;30;119;216;7,2;10
2023;8;Espectaculos;Música;Galicia;Pontevedra;32;127;494,72;15,46;14
2023;8;Espectaculos;Música;Galicia;Pontevedra;203;808;4993,8;24,6;105
2023;8;Espectaculos;Música;Galicia;Pontevedra;296;1178;9181,92;31,02;165
2023;8;Espectaculos;Música;Galicia;Pontevedra;76;302;1166,6;15,35;60
2023;8;Espectaculos;Cultura, teatro y danza;Galicia;Pontevedra;13;52;118,82;9,14;4
2023;8;Espectaculos;Música;Galicia;Pontevedra;57;227;342;6;27
2023;8;Espectaculos;Música;Galicia;Pontevedra;872;3471;18163,76;20,83;539
2023;8;Espectaculos;Cultura, teatro y danza;Galicia;Pontevedra;27;107;260,28;9,64;16
2023;8;Espectaculos;Musicales;Castilla y León;Salamanca;352;1401;6779,52;19,26;318
2023;8;Espectaculos;Cultura, teatro y danza;Castilla y León;Salamanca;352;1401;6779,52;19,26;318
2023;8;Espectaculos;Cultura, teatro y danza;Castilla y León;Salamanca;6036;35237;44968,2;7,45;1244
2023;8;Espectaculos;Música;Castilla y León;Salamanca;16;64;137,28;8,58;13
2023;8;Espectaculos;Música;Castilla y León;Salamanca;11;44;319;29;6
2023;8;Espectaculos;Cultura, teatro y danza;Castilla y León;Salamanca;539;2145;2253,02;4,18;158
2023;8;Espectaculos;Museo y exposiciones;Castilla y León;Salamanca;539;2145;2253,02;4,18;158
2023;8;Espectaculos;Música;Canarias;Santa Cruz de Tenerife;1894;7537;47728,8;25,2;1240
2023;8;Espectaculos;Música;Canarias;Santa Cruz de Tenerife;18;72;536,22;29,79;14
2023;8;Espectaculos;Cultura, teatro y danza;Canarias;Santa Cruz de Tenerife;956;3805;20420,16;21,36;428
2023;8;Espectaculos;Música;Canarias;Santa Cruz de Tenerife;42;167;2741,34;65,27;31
2023;8;Espectaculos;Música;Canarias;Santa Cruz de Tenerife;21;84;181,23;8,63;10
2023;8;Espectaculos;Música;Canarias;Santa Cruz de Tenerife;8;32;85,04;10,63;3
2023;8;Espectaculos;Música;Canarias;Santa Cruz de Tenerife;123;490;3306,24;26,88;47
2023;8;Espectaculos;Cultura, teatro y danza;Canarias;Santa Cruz de Tenerife;38;151;1155,58;30,41;15
2023;8;Espectaculos;Música;Canarias;Santa Cruz de Tenerife;27;107;219,51;8,13;15
2023;8;Espectaculos;Música;Canarias;Santa Cruz de Tenerife;391;1556;4469,13;11,43;310
2023;8;Espectaculos;Cultura, teatro y danza;Canarias;Santa Cruz de Tenerife;23;92;250,7;10,9;13
2023;8;Espectaculos;Música;Canarias;Santa Cruz de Tenerife;178;708;1537,92;8,64;82
2023;8;Actividades;Cursos;Canarias;Santa Cruz de Tenerife;16;64;261,6;16,35;16
2023;8;Espectaculos;Música;Cantabria;Cantabria;58;231;446,6;7,7;23
2023;8;Espectaculos;Cultura, teatro y danza;Cantabria;Cantabria;26;103;130,26;5,01;10
2023;8;Espectaculos;Música;Cantabria;Cantabria;29;115;1411,43;48,67;18
2023;8;Espectaculos;Musicales;Cantabria;Cantabria;9;36;178,2;19,8;3
2023;8;Espectaculos;Música;Cantabria;Cantabria;23;92;290,49;12,63;12
2023;8;Actividades;Actividades infantiles;Cantabria;Cantabria;9;36;178,2;19,8;3
2023;8;Espectaculos;Cultura, teatro y danza;Cantabria;Cantabria;93;370;1385,7;14,9;44
2023;8;Espectaculos;Música;Cantabria;Cantabria;4;16;29;7,25;2
2023;8;Espectaculos;Música;Castilla y León;Segovia;838;3335;16944,36;20,22;369
2023;8;Espectaculos;Música;Castilla y León;Segovia;136;541;2116,16;15,56;52
2023;8;Espectaculos;Música;Andalucía;Sevilla;6;24;214,56;35,76;3
2023;8;Espectaculos;Música;Andalucía;Sevilla;12;48;145,56;12,13;7
2023;8;Actividades;Actividades infantiles;Andalucía;Sevilla;40;159;622;15,55;13
2023;8;Espectaculos;Cultura, teatro y danza;Andalucía;Sevilla;40;159;622;15,55;13
2023;8;Espectaculos;Cine;Andalucía;Sevilla;323;1455;1208,02;3,74;131
2023;8;Espectaculos;Musicales;Andalucía;Sevilla;11;44;142,45;12,95;4
2023;8;Espectaculos;Música;Andalucía;Sevilla;2605;10367;40247,25;15,45;1466
2023;8;Actividades;Actividades infantiles;Andalucía;Sevilla;224;891;2894,08;12,92;69
2023;8;Espectaculos;Cultura, teatro y danza;Andalucía;Sevilla;946;3585;19165,96;20,26;401
2023;8;Actividades;Gastronomía;Andalucía;Sevilla;168;669;3375,12;20,09;77
2023;8;Espectaculos;Música;Castilla y León;Soria;34;135;374;11;12
2023;8;Actividades;Deportes y aventuras;Castilla y León;Soria;277;1102;1562,28;5,64;164
2023;8;Espectaculos;Música;Cataluña;Tarragona;34;135;528,02;15,53;14
2023;8;Espectaculos;Música;Cataluña;Tarragona;159;862;2292,78;14,42;83
2023;8;Espectaculos;Música;Cataluña;Tarragona;329;1309;1316;4;193
2023;8;Espectaculos;Cultura, teatro y danza;Cataluña;Tarragona;56;223;338,8;6,05;12
2023;8;Actividades;Actividades infantiles;Cataluña;Tarragona;146;581;2806,12;19,22;47
2023;8;Espectaculos;Cultura, teatro y danza;Cataluña;Tarragona;146;581;2806,12;19,22;47
2023;8;Espectaculos;Museo y exposiciones;Cataluña;Tarragona;146;581;2806,12;19,22;47
2023;8;Espectaculos;Música;Cataluña;Tarragona;68;271;1364,08;20,06;29
2023;8;Actividades;Gastronomía;Cataluña;Tarragona;68;271;1364,08;20,06;29
2023;8;Espectaculos;Música;Cataluña;Tarragona;3;26;24,99;8,33;3
2023;8;Espectaculos;Música;Cataluña;Tarragona;22;88;431,2;19,6;9
2023;8;Espectaculos;Música;Cataluña;Tarragona;120;478;2485,2;20,71;60
2023;8;Espectaculos;Música;Cataluña;Tarragona;116;462;2027,68;17,48;76
2023;8;Espectaculos;Música;Cataluña;Tarragona;140;557;1285,2;9,18;82
2023;8;Espectaculos;Música;Cataluña;Tarragona;11;44;124,96;11,36;7
2023;8;Actividades;Cursos;Cataluña;Tarragona;1;4;122;122;1
2023;8;Espectaculos;Música;Cataluña;Tarragona;2242;8923;33136,76;14,78;1375
2023;8;Actividades;Actividades infantiles;Cataluña;Tarragona;58;231;422,24;7,28;11
2023;8;Espectaculos;Música;Cataluña;Tarragona;36;143;380,16;10,56;16
2023;8;Espectaculos;Música;Cataluña;Tarragona;125;497;1220;9,76;56
2023;8;Actividades;Actividades infantiles;Cataluña;Tarragona;121;482;1154,34;9,54;53
2023;8;Espectaculos;Musicales;Cataluña;Tarragona;83;330;2016,9;24,3;28
2023;8;Espectaculos;Música;Cataluña;Tarragona;166;661;2128,12;12,82;92
2023;8;Espectaculos;Cultura, teatro y danza;Cataluña;Tarragona;83;330;2016,9;24,3;28
2023;8;Espectaculos;Música;Cataluña;Tarragona;4;16;44;11;3
2023;8;Espectaculos;Música;Cataluña;Tarragona;13;52;136,5;10,5;10
2023;8;Espectaculos;Música;Cataluña;Tarragona;55;219;1427,8;25,96;26
2023;8;Espectaculos;Conferencias;Cataluña;Tarragona;6;33;460,02;76,67;6
2023;8;Espectaculos;Música;Cataluña;Tarragona;3;56;30;10;3
2023;8;Espectaculos;Cine;Cataluña;Tarragona;72;287;504,72;7,01;31
2023;8;Espectaculos;Música;Cataluña;Tarragona;6;24;109,98;18,33;4
2023;8;Espectaculos;Música;Cataluña;Tarragona;4;16;60;15;1
2023;8;Espectaculos;Música;Cataluña;Tarragona;159;633;1817,37;11,43;64
2023;8;Espectaculos;Música;Cataluña;Tarragona;251;999;1172,17;4,67;106
2023;8;Espectaculos;Música;Cataluña;Tarragona;1;4;10;10;1
2023;8;Espectaculos;Música;Aragón;Teruel;49;195;640,92;13,08;22
2023;8;Espectaculos;Música;Aragón;Teruel;344;1369;9105,68;26,47;134
2023;8;Espectaculos;Música;Aragón;Teruel;23;92;291,41;12,67;10
2023;8;Espectaculos;Música;Aragón;Teruel;48;191;700,8;14,6;19
2023;8;Actividades;Cursos;Castilla - La Mancha;Toledo;22;88;484;22;22
2023;8;Espectaculos;Música;Castilla - La Mancha;Toledo;17;68;966,45;56,85;13
2023;8;Espectaculos;Música;Castilla - La Mancha;Toledo;25;99;356,5;14,26;15
2023;8;Actividades;Actividades infantiles;Castilla - La Mancha;Toledo;99;394;1287,99;13,01;32
2023;8;Espectaculos;Cultura, teatro y danza;Castilla - La Mancha;Toledo;99;394;1287,99;13,01;32
2023;8;Espectaculos;Museo y exposiciones;Castilla - La Mancha;Toledo;91;362;569,66;6,26;27
2023;8;Espectaculos;Música;Comunitat Valenciana;Valencia/València;51;1228;1136,79;22,29;27
2023;8;Actividades;Gastronomía;Comunitat Valenciana;Valencia/València;40;159;1038,8;25,97;22
2023;8;Actividades;Actividades infantiles;Comunitat Valenciana;Valencia/València;27;107;329,13;12,19;9
2023;8;Espectaculos;Cultura, teatro y danza;Comunitat Valenciana;Valencia/València;68;271;854,08;12,56;22
2023;8;Espectaculos;Museo y exposiciones;Comunitat Valenciana;Valencia/València;68;271;854,08;12,56;22
2023;8;Espectaculos;Música;Comunitat Valenciana;Valencia/València;18;72;270,36;15,02;7
2023;8;Espectaculos;Musicales;Comunitat Valenciana;Valencia/València;14;56;157,78;11,27;6
2023;8;Espectaculos;Cultura, teatro y danza;Comunitat Valenciana;Valencia/València;14;56;157,78;11,27;6
2023;8;Espectaculos;Música;Comunitat Valenciana;Valencia/València;162;645;2658,42;16,41;77
2023;8;Espectaculos;Música;Comunitat Valenciana;Valencia/València;2;8;44;22;1
2023;8;Espectaculos;Música;Comunitat Valenciana;Valencia/València;2;8;70;35;1
2023;8;Espectaculos;Música;Comunitat Valenciana;Valencia/València;4;16;23,12;5,78;4
2023;8;Espectaculos;Musicales;Comunitat Valenciana;Valencia/València;18;72;167,4;9,3;7
2023;8;Espectaculos;Música;Comunitat Valenciana;Valencia/València;571;2273;8210,98;14,38;272
2023;8;Actividades;Actividades infantiles;Comunitat Valenciana;Valencia/València;67;267;623,1;9,3;23
2023;8;Espectaculos;Cultura, teatro y danza;Comunitat Valenciana;Valencia/València;99;397;1037,52;10,48;34
2023;8;Espectaculos;Museo y exposiciones;Comunitat Valenciana;Valencia/València;2;8;20;10;1
2023;8;Espectaculos;Cultura, teatro y danza;Castilla y León;Valladolid;155;617;683,55;4,41;48
2023;8;Espectaculos;Música;Castilla y León;Valladolid;27;107;1247,13;46,19;11
2023;8;Espectaculos;Música;Castilla y León;Valladolid;82;326;496,1;6,05;30
2023;8;Espectaculos;Cultura, teatro y danza;Castilla y León;Valladolid;139;553;842,34;6,06;58
2023;8;Espectaculos;Musicales;Castilla y León;Valladolid;25;99;380,5;15,22;10
2023;8;Espectaculos;Música;Castilla y León;Valladolid;407;1620;7146,92;17,56;231
2023;8;Espectaculos;Cultura, teatro y danza;Castilla y León;Valladolid;10791;42945;136182,42;12,62;3525
2023;8;Espectaculos;Cultura, teatro y danza;País Vasco;Bizkaia;2079;8274;12993,75;6,25;709
2023;8;Actividades;Cursos;País Vasco;Bizkaia;1;11;250;250;1
2023;8;Espectaculos;Música;País Vasco;Bizkaia;378;1505;5000,94;13,23;208
2023;8;Actividades;Deportes y aventuras;País Vasco;Bizkaia;28;111;515,76;18,42;19
2023;8;Actividades;Actividades infantiles;País Vasco;Bizkaia;21;84;387,45;18,45;10
2023;8;Espectaculos;Cultura, teatro y danza;País Vasco;Bizkaia;34;135;347,82;10,23;19
2023;8;Actividades;Actividades infantiles;País Vasco;Bizkaia;928;3693;8704,64;9,38;243
2023;8;Espectaculos;Cultura, teatro y danza;País Vasco;Bizkaia;928;3693;8704,64;9,38;243
2023;8;Espectaculos;Museo y exposiciones;País Vasco;Bizkaia;928;3693;8704,64;9,38;243
2023;8;Espectaculos;Música;País Vasco;Bizkaia;25;99;400;16;11
2023;8;Espectaculos;Música;País Vasco;Bizkaia;16;64;244,16;15,26;12
2023;8;Actividades;Cursos;País Vasco;Bizkaia;1;4;20;20;1
2023;8;Actividades;Actividades infantiles;País Vasco;Bizkaia;14;56;4113,06;293,79;12
2023;8;Espectaculos;Música;Castilla y León;Zamora;12;48;35,4;2,95;7
2023;8;Espectaculos;Música;Castilla y León;Zamora;1941;7725;39169,38;20,18;1852
2023;8;Espectaculos;Música;Castilla y León;Zamora;580;2308;6008,8;10,36;488
2023;8;Espectaculos;Cine;Aragón;Zaragoza;67;267;417,41;6,23;20
2023;8;Espectaculos;Música;Aragón;Zaragoza;158;629;3261,12;20,64;96
2023;8;Actividades;Deportes y aventuras;Aragón;Zaragoza;27;107;135;5;14
2023;8;Espectaculos;Música;Aragón;Zaragoza;313;1246;3668,36;11,72;170
2023;8;Espectaculos;Música;Aragón;Zaragoza;5;20;200;40;3
2023;8;Espectaculos;Cultura, teatro y danza;Aragón;Zaragoza;54;215;787,32;14,58;27
2023;8;Espectaculos;Música;Aragón;Zaragoza;29;115;359,89;12,41;14
2023;8;Espectaculos;Música;Aragón;Zaragoza;34;135;502,52;14,78;11
2023;8;Espectaculos;Musicales;Aragón;Zaragoza;18;72;126;7;6
2023;8;Espectaculos;Música;Aragón;Zaragoza;1203;4987;17467,56;14,52;724
2023;8;Actividades;Actividades infantiles;Aragón;Zaragoza;41;163;293,97;7,17;14
2023;8;Espectaculos;Cultura, teatro y danza;Aragón;Zaragoza;46;191;380,88;8,28;17
2023;8;Actividades;Gastronomía;Aragón;Zaragoza;16;64;309,44;19,34;8
2023;8;Espectaculos;Conferencias;Total Nacional;Total Nacional;122;591;13783,56;112,98;73
2023;8;Actividades;Cursos;Total Nacional;Total Nacional;437;1748;27630,4175;63,2275;325
2023;8;Espectaculos;Cine;Total Nacional;Total Nacional;1466;6868;10852,065;7,4025;649
2023;8;Espectaculos;Musicales;Total Nacional;Total Nacional;1173;4671;17580,5721;14,9877;645
2023;8;Espectaculos;Parques temáticos;Total Nacional;Total Nacional;4;16;82,24;20,56;3
2023;8;Espectaculos;Ferias;Total Nacional;Total Nacional;11;102;2664,97;242,27;11
2023;8;Espectaculos;Música;Total Nacional;Total Nacional;93491;384820;1721075,819;18,409;53849
2023;8;Actividades;Deportes y aventuras;Total Nacional;Total Nacional;941;4051;24296,1495;25,8195;635
2023;8;Actividades;Actividades infantiles;Total Nacional;Total Nacional;6311;25771;163611,4128;25,9248;2458
2023;8;Espectaculos;Cultura, teatro y danza;Total Nacional;Total Nacional;33771;144979;445412,4732;13,1892;11591
2023;8;Espectaculos;Museo y exposiciones;Total Nacional;Total Nacional;1973;7900;15974,7891;8,0967;569
2023;8;Actividades;Gastronomía;Total Nacional;Total Nacional;2022;8051;55591,857;27,4935;897
2023;9;Espectaculos;Música;País Vasco;Araba/Álava;13;51;143;11;7
2023;9;Actividades;Deportes y aventuras;País Vasco;Araba/Álava;10;39;98,2;9,82;10
2023;9;Espectaculos;Música;País Vasco;Araba/Álava;179;1925;2182,01;12,19;96
2023;9;Actividades;Actividades infantiles;País Vasco;Araba/Álava;12;47;57,96;4,83;4
2023;9;Espectaculos;Cultura, teatro y danza;País Vasco;Araba/Álava;161;633;1291,22;8,02;75
2023;9;Espectaculos;Música;Castilla - La Mancha;Albacete;146;534;1757,84;12,04;68
2023;9;Actividades;Actividades infantiles;Castilla - La Mancha;Albacete;13;51;65;5;4
2023;9;Espectaculos;Cultura, teatro y danza;Castilla - La Mancha;Albacete;9;36;64,44;7,16;4
2023;9;Espectaculos;Cine;Castilla - La Mancha;Albacete;70;275;533,4;7,62;16
2023;9;Espectaculos;Música;Castilla - La Mancha;Albacete;154;606;2065,14;13,41;58
2023;9;Espectaculos;Música;Castilla - La Mancha;Albacete;296;1164;4727,12;15,97;129
2023;9;Espectaculos;Cultura, teatro y danza;Comunitat Valenciana;Alicante/Alacant;6;24;51;8,5;5
2023;9;Espectaculos;Música;Comunitat Valenciana;Alicante/Alacant;1202;4727;17693,44;14,72;694
2023;9;Espectaculos;Cultura, teatro y danza;Comunitat Valenciana;Alicante/Alacant;173;680;5354,35;30,95;89
2023;9;Actividades;Gastronomía;Comunitat Valenciana;Alicante/Alacant;31;122;498,48;16,08;18
2023;9;Actividades;Deportes y aventuras;Comunitat Valenciana;Alicante/Alacant;19;75;1021,63;53,77;11
2023;9;Actividades;Actividades infantiles;Comunitat Valenciana;Alicante/Alacant;29;131;1135,64;39,16;20
2023;9;Espectaculos;Música;Comunitat Valenciana;Alicante/Alacant;142;558;2137,1;15,05;76
2023;9;Espectaculos;Música;Comunitat Valenciana;Alicante/Alacant;299;1176;4760,08;15,92;208
2023;9;Espectaculos;Música;Comunitat Valenciana;Alicante/Alacant;19;75;288,42;15,18;12
2023;9;Espectaculos;Música;Comunitat Valenciana;Alicante/Alacant;442;1738;10501,92;23,76;224
2023;9;Espectaculos;Música;Comunitat Valenciana;Alicante/Alacant;5;20;65;13;3
2023;9;Espectaculos;Cine;Comunitat Valenciana;Alicante/Alacant;6;24;30;5;3
2023;9;Espectaculos;Música;Comunitat Valenciana;Alicante/Alacant;972;3822;14813,28;15,24;422
2023;9;Actividades;Deportes y aventuras;Comunitat Valenciana;Alicante/Alacant;32;126;414,08;12,94;14
2023;9;Espectaculos;Cultura, teatro y danza;Comunitat Valenciana;Alicante/Alacant;171;606;1051,65;6,15;77
2023;9;Espectaculos;Música;Comunitat Valenciana;Alicante/Alacant;689;2710;9590,88;13,92;474
2023;9;Espectaculos;Música;Comunitat Valenciana;Alicante/Alacant;28;110;291,48;10,41;15
2023;9;Espectaculos;Música;Comunitat Valenciana;Alicante/Alacant;23;90;386,17;16,79;14
2023;9;Espectaculos;Música;Comunitat Valenciana;Alicante/Alacant;30;118;366,6;12,22;16
2023;9;Espectaculos;Música;Comunitat Valenciana;Alicante/Alacant;19;75;303,05;15,95;11
2023;9;Espectaculos;Música;Comunitat Valenciana;Alicante/Alacant;362;1424;7652,68;21,14;185
2023;9;Actividades;Deportes y aventuras;Comunitat Valenciana;Alicante/Alacant;31;122;1161,57;37,47;18
2023;9;Actividades;Actividades infantiles;Comunitat Valenciana;Alicante/Alacant;31;122;1161,57;37,47;18
2023;9;Espectaculos;Música;Comunitat Valenciana;Alicante/Alacant;205;806;3343,55;16,31;93
2023;9;Espectaculos;Música;Andalucía;Almería;254;999;4257,04;16,76;169
2023;9;Espectaculos;Música;Andalucía;Almería;102;401;1739,1;17,05;32
2023;9;Espectaculos;Música;Andalucía;Almería;362;1628;7522,36;20,78;186
2023;9;Actividades;Deportes y aventuras;Andalucía;Almería;43;169;2255,78;52,46;19
2023;9;Espectaculos;Cultura, teatro y danza;Andalucía;Almería;1011;3976;17722,83;17,53;330
2023;9;Espectaculos;Música;Andalucía;Almería;7;28;70;10;4
2023;9;Actividades;Actividades infantiles;Andalucía;Almería;4;16;40;10;2
2023;9;Espectaculos;Cultura, teatro y danza;Andalucía;Almería;4;16;40;10;2
2023;9;Espectaculos;Cultura, teatro y danza;Andalucía;Almería;317;1247;7579,47;23,91;116
2023;9;Actividades;Deportes y aventuras;Castilla y León;Ávila;2;8;133,24;66,62;2
2023;9;Espectaculos;Música;Extremadura;Badajoz;109;429;1215,35;11,15;59
2023;9;Espectaculos;Música;Extremadura;Badajoz;15;59;450;30;6
2023;9;Actividades;Actividades infantiles;Extremadura;Badajoz;15;59;450;30;6
2023;9;Espectaculos;Musicales;Extremadura;Badajoz;124;488;2182,4;17,6;34
2023;9;Espectaculos;Música;Extremadura;Badajoz;217;853;4179,42;19,26;93
2023;9;Actividades;Actividades infantiles;Extremadura;Badajoz;124;488;2182,4;17,6;34
2023;9;Espectaculos;Cultura, teatro y danza;Extremadura;Badajoz;124;488;2182,4;17,6;34
2023;9;Actividades;Deportes y aventuras;Extremadura;Badajoz;32;126;336;10,5;30
2023;9;Espectaculos;Musicales;Extremadura;Badajoz;197;775;3152;16;55
2023;9;Actividades;Actividades infantiles;Extremadura;Badajoz;197;775;3152;16;55
2023;9;Espectaculos;Cultura, teatro y danza;Extremadura;Badajoz;197;775;3152;16;55
2023;9;Espectaculos;Música;Extremadura;Badajoz;11;43;110,99;10,09;6
2023;9;Espectaculos;Música;Illes Balears;Illes Balears;49;193;403,76;8,24;24
2023;9;Espectaculos;Música;Illes Balears;Illes Balears;155;609;4522,9;29,18;107
2023;9;Espectaculos;Cultura, teatro y danza;Illes Balears;Illes Balears;1;4;15,54;15,54;1
2023;9;Espectaculos;Música;Illes Balears;Illes Balears;159;625;2074,95;13,05;78
2023;9;Espectaculos;Cultura, teatro y danza;Illes Balears;Illes Balears;279;1097;4246,38;15,22;111
2023;9;Actividades;Cursos;Illes Balears;Illes Balears;3;12;15,54;5,18;2
2023;9;Espectaculos;Música;Illes Balears;Illes Balears;41;161;238,62;5,82;20
2023;9;Espectaculos;Cultura, teatro y danza;Illes Balears;Illes Balears;19;75;98,42;5,18;10
2023;9;Actividades;Cursos;Illes Balears;Illes Balears;7;28;196,91;28,13;6
2023;9;Espectaculos;Música;Illes Balears;Illes Balears;917;3318;37642,85;41,05;541
2023;9;Actividades;Actividades infantiles;Illes Balears;Illes Balears;610;2399;9034,1;14,81;347
2023;9;Espectaculos;Música;Illes Balears;Illes Balears;51;201;802,23;15,73;17
2023;9;Actividades;Cursos;Illes Balears;Illes Balears;23;90;1242;54;10
2023;9;Espectaculos;Música;Illes Balears;Illes Balears;125;492;1623,75;12,99;67
2023;9;Actividades;Gastronomía;Illes Balears;Illes Balears;23;90;1242;54;10
2023;9;Espectaculos;Música;Illes Balears;Illes Balears;126;495;2125,62;16,87;50
2023;9;Espectaculos;Cultura, teatro y danza;Illes Balears;Illes Balears;2;8;20,72;10,36;1
2023;9;Espectaculos;Música;Illes Balears;Illes Balears;949;3732;14453,27;15,23;440
2023;9;Espectaculos;Música;Illes Balears;Illes Balears;98;385;1022,14;10,43;43
2023;9;Espectaculos;Musicales;Illes Balears;Illes Balears;58;228;180,38;3,11;22
2023;9;Espectaculos;Cultura, teatro y danza;Illes Balears;Illes Balears;58;228;180,38;3,11;22
2023;9;Espectaculos;Musicales;Illes Balears;Illes Balears;47;185;587,03;12,49;18
2023;9;Espectaculos;Música;Illes Balears;Illes Balears;28;110;2441,6;87,2;22
2023;9;Espectaculos;Cultura, teatro y danza;Illes Balears;Illes Balears;47;185;587,03;12,49;18
2023;9;Espectaculos;Musicales;Illes Balears;Illes Balears;94;370;2050,14;21,81;49
2023;9;Espectaculos;Música;Illes Balears;Illes Balears;1038;4082;23936,28;23,06;472
2023;9;Actividades;Deportes y aventuras;Illes Balears;Illes Balears;59;232;611,24;10,36;25
2023;9;Espectaculos;Cultura, teatro y danza;Illes Balears;Illes Balears;94;370;2050,14;21,81;49
2023;9;Espectaculos;Música;Illes Balears;Illes Balears;2;8;10,36;5,18;1
2023;9;Espectaculos;Música;Illes Balears;Illes Balears;84;330;1050;12,5;33
2023;9;Espectaculos;Música;Illes Balears;Illes Balears;119;468;1237,6;10,4;52
2023;9;Espectaculos;Cine;Illes Balears;Illes Balears;3;12;9;3;3
2023;9;Espectaculos;Música;Illes Balears;Illes Balears;88;346;792,88;9,01;41
2023;9;Actividades;Actividades infantiles;Illes Balears;Illes Balears;55;216;222,75;4,05;18
2023;9;Espectaculos;Cultura, teatro y danza;Illes Balears;Illes Balears;60;236;445,2;7,42;22
2023;9;Espectaculos;Música;Illes Balears;Illes Balears;187;735;1944,8;10,4;90
2023;9;Espectaculos;Música;Illes Balears;Illes Balears;59;232;590;10;40
2023;9;Actividades;Cursos;Illes Balears;Illes Balears;22;87;290,18;13,19;17
2023;9;Espectaculos;Cultura, teatro y danza;Illes Balears;Illes Balears;27;106;419,58;15,54;11
2023;9;Espectaculos;Música;Illes Balears;Illes Balears;838;3295;10776,68;12,86;560
2023;9;Espectaculos;Conferencias;Illes Balears;Illes Balears;10;39;2019;201,9;9
2023;9;Actividades;Cursos;Illes Balears;Illes Balears;60;236;3540;59;20
2023;9;Espectaculos;Musicales;Illes Balears;Illes Balears;719;2827;17579,55;24,45;334
2023;9;Espectaculos;Ferias;Illes Balears;Illes Balears;10;39;2019;201,9;9
2023;9;Espectaculos;Música;Illes Balears;Illes Balears;10794;40787;168926,1;15,65;7137
2023;9;Actividades;Deportes y aventuras;Illes Balears;Illes Balears;170;669;2988,6;17,58;82
2023;9;Actividades;Actividades infantiles;Illes Balears;Illes Balears;1;4;120;120;1
2023;9;Espectaculos;Cultura, teatro y danza;Illes Balears;Illes Balears;873;3272;8197,47;9,39;424
2023;9;Espectaculos;Museo y exposiciones;Illes Balears;Illes Balears;12;47;62,16;5,18;6
2023;9;Actividades;Gastronomía;Illes Balears;Illes Balears;60;236;3540;59;20
2023;9;Espectaculos;Música;Illes Balears;Illes Balears;594;2249;8547,66;14,39;215
2023;9;Espectaculos;Cultura, teatro y danza;Illes Balears;Illes Balears;351;1380;5078,97;14,47;110
2023;9;Espectaculos;Música;Illes Balears;Illes Balears;1042;4097;17703,58;16,99;459
2023;9;Espectaculos;Cultura, teatro y danza;Illes Balears;Illes Balears;63;248;456,75;7,25;28
2023;9;Espectaculos;Música;Illes Balears;Illes Balears;509;2002;8597,01;16,89;310
2023;9;Espectaculos;Cultura, teatro y danza;Illes Balears;Illes Balears;3;12;15;5;1
2023;9;Espectaculos;Música;Illes Balears;Illes Balears;198;778;3930,3;19,85;109
2023;9;Actividades;Deportes y aventuras;Illes Balears;Illes Balears;6;24;90;15;4
2023;9;Espectaculos;Música;Illes Balears;Illes Balears;65;256;1012,05;15,57;32
2023;9;Actividades;Cursos;Illes Balears;Illes Balears;8;31;80;10;4
2023;9;Espectaculos;Música;Illes Balears;Illes Balears;726;2855;6584,82;9,07;338
2023;9;Actividades;Deportes y aventuras;Illes Balears;Illes Balears;2;8;30;15;1
2023;9;Actividades;Actividades infantiles;Illes Balears;Illes Balears;281;1105;1573,6;5,6;82
2023;9;Espectaculos;Cultura, teatro y danza;Illes Balears;Illes Balears;359;1541;2513;7;106
2023;9;Espectaculos;Musicales;Illes Balears;Illes Balears;3;12;10,5;3,5;2
2023;9;Espectaculos;Música;Illes Balears;Illes Balears;220;865;3377;15,35;106
2023;9;Actividades;Actividades infantiles;Illes Balears;Illes Balears;15;59;138,45;9,23;5
2023;9;Espectaculos;Cultura, teatro y danza;Illes Balears;Illes Balears;60;236;328,8;5,48;28
2023;9;Espectaculos;Musicales;Illes Balears;Illes Balears;9;35;59,04;6,56;4
2023;9;Espectaculos;Cultura, teatro y danza;Illes Balears;Illes Balears;18;71;167,04;9,28;12
2023;9;Espectaculos;Cultura, teatro y danza;Illes Balears;Illes Balears;17;71;162,86;9,58;10
2023;9;Actividades;Cursos;Illes Balears;Illes Balears;4;16;236;59;1
2023;9;Actividades;Gastronomía;Illes Balears;Illes Balears;4;16;236;59;1
2023;9;Espectaculos;Cultura, teatro y danza;Illes Balears;Illes Balears;508;1998;7828,28;15,41;268
2023;9;Espectaculos;Música;Illes Balears;Illes Balears;124;488;3259,96;26,29;58
2023;9;Espectaculos;Cultura, teatro y danza;Illes Balears;Illes Balears;7;28;36,26;5,18;3
2023;9;Espectaculos;Museo y exposiciones;Illes Balears;Illes Balears;7;28;36,26;5,18;3
2023;9;Espectaculos;Música;Illes Balears;Illes Balears;1108;4357;19124,08;17,26;619
2023;9;Espectaculos;Cultura, teatro y danza;Illes Balears;Illes Balears;1;4;5,18;5,18;1
2023;9;Espectaculos;Museo y exposiciones;Illes Balears;Illes Balears;1;4;5,18;5,18;1
2023;9;Actividades;Actividades infantiles;Illes Balears;Illes Balears;1408;5537;10151,68;7,21;211
2023;9;Espectaculos;Cultura, teatro y danza;Illes Balears;Illes Balears;1518;5970;9426,78;6,21;262
2023;9;Espectaculos;Música;Cataluña;Barcelona;406;1596;6865,46;16,91;267
2023;9;Actividades;Cursos;Cataluña;Barcelona;79;348;4750,27;60,13;63
2023;9;Espectaculos;Cine;Cataluña;Barcelona;156;1112;1210,56;7,76;108
2023;9;Espectaculos;Musicales;Cataluña;Barcelona;557;2190;9457,86;16,98;200
2023;9;Espectaculos;Música;Cataluña;Barcelona;15280;54709;198334,4;12,98;9396
2023;9;Actividades;Deportes y aventuras;Cataluña;Barcelona;63;248;2031,75;32,25;48
2023;9;Actividades;Actividades infantiles;Cataluña;Barcelona;864;3398;9002,88;10,42;327
2023;9;Espectaculos;Cultura, teatro y danza;Cataluña;Barcelona;3082;12660;41237,16;13,38;1405
2023;9;Espectaculos;Museo y exposiciones;Cataluña;Barcelona;82;303;943,82;11,51;34
2023;9;Actividades;Gastronomía;Cataluña;Barcelona;1633;6422;19547,01;11,97;855
2023;9;Espectaculos;Musicales;Cataluña;Barcelona;181;712;2065,21;11,41;44
2023;9;Espectaculos;Cultura, teatro y danza;Cataluña;Barcelona;181;712;2065,21;11,41;44
2023;9;Espectaculos;Música;Cataluña;Barcelona;4;16;56;14;2
2023;9;Actividades;Actividades infantiles;Cataluña;Barcelona;41;161;148,01;3,61;36
2023;9;Actividades;Deportes y aventuras;Cataluña;Barcelona;21;83;659,4;31,4;13
2023;9;Espectaculos;Música;Cataluña;Barcelona;8;31;35,76;4,47;5
2023;9;Espectaculos;Música;Cataluña;Barcelona;110;433;3905;35,5;69
2023;9;Espectaculos;Cine;Cataluña;Barcelona;41;161;287;7;26
2023;9;Espectaculos;Música;Cataluña;Barcelona;824;3240;12434,16;15,09;502
2023;9;Espectaculos;Cultura, teatro y danza;Cataluña;Barcelona;26;102;228,54;8,79;13
2023;9;Espectaculos;Música;Cataluña;Barcelona;412;1620;4235,36;10,28;272
2023;9;Espectaculos;Música;Cataluña;Barcelona;1;257;16,2;16,2;1
2023;9;Espectaculos;Música;Cataluña;Barcelona;17;67;409,02;24,06;11
2023;9;Espectaculos;Música;Cataluña;Barcelona;226;889;3344,8;14,8;150
2023;9;Actividades;Deportes y aventuras;Cataluña;Barcelona;132;519;2249,28;17,04;75
2023;9;Actividades;Actividades infantiles;Cataluña;Barcelona;1059;4165;8334,33;7,87;294
2023;9;Actividades;Cursos;Cataluña;Barcelona;5;20;605;121;4
2023;9;Actividades;Actividades infantiles;Cataluña;Barcelona;5;20;605;121;4
2023;9;Actividades;Gastronomía;Cataluña;Barcelona;5;20;605;121;4
2023;9;Espectaculos;Música;Cataluña;Barcelona;43;169;860;20;22
2023;9;Espectaculos;Música;Cataluña;Barcelona;8;31;115,04;14,38;4
2023;9;Espectaculos;Música;Cataluña;Barcelona;95;374;982,3;10,34;41
2023;9;Espectaculos;Cultura, teatro y danza;Cataluña;Barcelona;41;161;360,8;8,8;20
2023;9;Espectaculos;Música;Cataluña;Barcelona;137;539;1476,86;10,78;50
2023;9;Espectaculos;Cultura, teatro y danza;Cataluña;Barcelona;145;570;2088;14,4;60
2023;9;Espectaculos;Música;Cataluña;Barcelona;87;342;1012,68;11,64;67
2023;9;Espectaculos;Música;Cataluña;Barcelona;3;12;33,18;11,06;3
2023;9;Espectaculos;Música;Cataluña;Barcelona;151;717;1759,15;11,65;113
2023;9;Espectaculos;Cultura, teatro y danza;Cataluña;Barcelona;69;271;790,74;11,46;41
2023;9;Espectaculos;Música;Cataluña;Barcelona;20;79;209;10,45;10
2023;9;Actividades;Deportes y aventuras;Cataluña;Barcelona;132;519;1591,92;12,06;58
2023;9;Actividades;Actividades infantiles;Cataluña;Barcelona;132;519;1591,92;12,06;58
2023;9;Espectaculos;Musicales;Cataluña;Barcelona;9;35;114,03;12,67;5
2023;9;Actividades;Actividades infantiles;Cataluña;Barcelona;13;51;78;6;5
2023;9;Espectaculos;Cultura, teatro y danza;Cataluña;Barcelona;46;181;414,92;9,02;19
2023;9;Actividades;Gastronomía;Cataluña;Barcelona;3;12;18;6;1
2023;9;Espectaculos;Cultura, teatro y danza;Cataluña;Barcelona;26;102;128,96;4,96;10
2023;9;Espectaculos;Museo y exposiciones;Cataluña;Barcelona;24;94;118,56;4,94;9
2023;9;Espectaculos;Música;Cataluña;Barcelona;21;82;179,76;8,56;15
2023;9;Espectaculos;Música;Cataluña;Barcelona;32;126;512;16;8
2023;9;Espectaculos;Cultura, teatro y danza;Cataluña;Barcelona;69;271;1208,19;17,51;26
2023;9;Actividades;Gastronomía;Cataluña;Barcelona;32;126;512;16;8
2023;9;Espectaculos;Música;Cataluña;Barcelona;70;275;5272,4;75,32;57
2023;9;Actividades;Actividades infantiles;Cataluña;Barcelona;70;275;5272,4;75,32;57
2023;9;Espectaculos;Música;Cataluña;Barcelona;26;102;303,68;11,68;13
2023;9;Espectaculos;Cine;Cataluña;Barcelona;214;842;1630,68;7,62;91
2023;9;Espectaculos;Musicales;Cataluña;Barcelona;42;165;600,18;14,29;13
2023;9;Espectaculos;Música;Cataluña;Barcelona;110;433;2190,1;19,91;47
2023;9;Actividades;Deportes y aventuras;Cataluña;Barcelona;129;507;1802,13;13,97;67
2023;9;Actividades;Actividades infantiles;Cataluña;Barcelona;148;582;1216,56;8,22;75
2023;9;Espectaculos;Cultura, teatro y danza;Cataluña;Barcelona;82;322;1146,36;13,98;35
2023;9;Espectaculos;Cultura, teatro y danza;Cataluña;Barcelona;44;173;518,76;11,79;25
2023;9;Espectaculos;Música;Cataluña;Barcelona;484;1904;5111,04;10,56;261
2023;9;Actividades;Actividades infantiles;Cataluña;Barcelona;10;39;51,1;5,11;3
2023;9;Espectaculos;Cultura, teatro y danza;Cataluña;Barcelona;236;928;1873,84;7,94;105
2023;9;Actividades;Gastronomía;Cataluña;Barcelona;43;169;494,5;11,5;23
2023;9;Espectaculos;Música;Cataluña;Barcelona;31;163;340,69;10,99;17
2023;9;Espectaculos;Música;Cataluña;Barcelona;66;260;436,92;6,62;39
2023;9;Espectaculos;Música;Castilla y León;Burgos;38;149;646,38;17,01;20
2023;9;Espectaculos;Cultura, teatro y danza;Castilla y León;Burgos;94;574;451,2;4,8;34
2023;9;Espectaculos;Música;Castilla y León;Burgos;142;558;1748,02;12,31;69
2023;9;Actividades;Cursos;Extremadura;Cáceres;1;4;10;10;1
2023;9;Espectaculos;Musicales;Extremadura;Cáceres;34;134;416,84;12,26;19
2023;9;Espectaculos;Música;Extremadura;Cáceres;100;393;1035;10,35;42
2023;9;Espectaculos;Cultura, teatro y danza;Extremadura;Cáceres;34;134;416,84;12,26;19
2023;9;Actividades;Deportes y aventuras;Extremadura;Cáceres;96;565;1190,4;12,4;94
2023;9;Espectaculos;Música;Extremadura;Cáceres;271;1066;2173,42;8,02;176
2023;9;Espectaculos;Musicales;Extremadura;Cáceres;138;543;2428,8;17,6;40
2023;9;Espectaculos;Música;Extremadura;Cáceres;12;47;195;16,25;5
2023;9;Actividades;Actividades infantiles;Extremadura;Cáceres;138;543;2428,8;17,6;40
2023;9;Espectaculos;Cultura, teatro y danza;Extremadura;Cáceres;138;543;2428,8;17,6;40
2023;9;Espectaculos;Música;Extremadura;Cáceres;16;63;192,64;12,04;8
2023;9;Espectaculos;Música;Andalucía;Cádiz;2;8;25;12,5;2
2023;9;Espectaculos;Música;Andalucía;Cádiz;592;2328;6358,08;10,74;350
2023;9;Espectaculos;Cultura, teatro y danza;Andalucía;Cádiz;2;8;24,76;12,38;1
2023;9;Espectaculos;Música;Andalucía;Cádiz;137;539;1534,4;11,2;88
2023;9;Actividades;Deportes y aventuras;Andalucía;Cádiz;147;578;1669,92;11,36;58
2023;9;Actividades;Actividades infantiles;Andalucía;Cádiz;147;578;1669,92;11,36;58
2023;9;Espectaculos;Música;Andalucía;Cádiz;103;405;1433,76;13,92;45
2023;9;Espectaculos;Música;Andalucía;Cádiz;2;8;20;10;2
2023;9;Espectaculos;Música;Andalucía;Cádiz;281;1105;6182;22;132
2023;9;Espectaculos;Cultura, teatro y danza;Andalucía;Cádiz;2;8;20;10;2
2023;9;Espectaculos;Música;Andalucía;Cádiz;310;1219;6516,2;21,02;145
2023;9;Espectaculos;Música;Comunitat Valenciana;Castellón/Castelló;69;271;828;12;34
2023;9;Espectaculos;Música;Comunitat Valenciana;Castellón/Castelló;515;2025;7161,075;13,905;216
2023;9;Actividades;Gastronomía;Comunitat Valenciana;Castellón/Castelló;189;743;952,56;5,04;26
2023;9;Espectaculos;Cultura, teatro y danza;Comunitat Valenciana;Castellón/Castelló;9;35;70,74;7,86;1
2023;9;Actividades;Deportes y aventuras;Comunitat Valenciana;Castellón/Castelló;242;952;3993;16,5;140
2023;9;Espectaculos;Música;Castilla - La Mancha;Ciudad Real;105;413;2281,65;21,73;62
2023;9;Espectaculos;Música;Castilla - La Mancha;Ciudad Real;70;275;981,4;14,02;38
2023;9;Espectaculos;Musicales;Castilla - La Mancha;Ciudad Real;13;51;102,18;7,86;6
2023;9;Actividades;Actividades infantiles;Castilla - La Mancha;Ciudad Real;14;55;118,86;8,49;5
2023;9;Espectaculos;Cultura, teatro y danza;Castilla - La Mancha;Ciudad Real;27;106;220,86;8,18;11
2023;9;Espectaculos;Música;Castilla - La Mancha;Ciudad Real;104;409;1211,6;11,65;51
2023;9;Espectaculos;Música;Castilla - La Mancha;Ciudad Real;9;35;140,76;15,64;4
2023;9;Espectaculos;Musicales;Andalucía;Córdoba;24;94;272,16;11,34;9
2023;9;Espectaculos;Música;Andalucía;Córdoba;486;1911;6060,42;12,47;323
2023;9;Actividades;Actividades infantiles;Andalucía;Córdoba;85;334;917,15;10,79;26
2023;9;Espectaculos;Cultura, teatro y danza;Andalucía;Córdoba;511;1916;6459,04;12,64;187
2023;9;Espectaculos;Música;Andalucía;Córdoba;29;114;1117,37;38,53;18
2023;9;Actividades;Actividades infantiles;Andalucía;Córdoba;29;114;1117,37;38,53;18
2023;9;Espectaculos;Música;Andalucía;Córdoba;6;24;132;22;3
2023;9;Espectaculos;Música;Andalucía;Córdoba;240;944;5505,6;22,94;134
2023;9;Espectaculos;Música;Galicia;A Coruña;37;146;370,37;10,01;24
2023;9;Espectaculos;Musicales;Galicia;A Coruña;23;90;161,92;7,04;10
2023;9;Espectaculos;Música;Galicia;A Coruña;467;1836;5295,78;11,34;256
2023;9;Actividades;Actividades infantiles;Galicia;A Coruña;13;51;94,77;7,29;4
2023;9;Espectaculos;Cultura, teatro y danza;Galicia;A Coruña;25;98;177,25;7,09;11
2023;9;Espectaculos;Música;Galicia;A Coruña;530;2084;10462,2;19,74;298
2023;9;Espectaculos;Música;Galicia;A Coruña;2;8;12;6;1
2023;9;Actividades;Deportes y aventuras;Galicia;A Coruña;67;263;672,01;10,03;32
2023;9;Espectaculos;Música;Galicia;A Coruña;409;1608;4593,07;11,23;259
2023;9;Espectaculos;Música;Galicia;A Coruña;39;153;321,75;8,25;27
2023;9;Espectaculos;Música;Galicia;A Coruña;416;1636;6002,88;14,43;288
2023;9;Espectaculos;Música;Castilla - La Mancha;Cuenca;22;87;289,08;13,14;14
2023;9;Espectaculos;Música;Castilla - La Mancha;Cuenca;6;24;98,1;16,35;2
2023;9;Espectaculos;Cine;Cataluña;Girona;2;8;10;5;1
2023;9;Espectaculos;Música;Cataluña;Girona;11;78;90,75;8,25;5
2023;9;Actividades;Deportes y aventuras;Cataluña;Girona;72;283;663,12;9,21;27
2023;9;Espectaculos;Música;Cataluña;Girona;37;145;597,92;16,16;18
2023;9;Actividades;Actividades infantiles;Cataluña;Girona;5;20;128,75;25,75;4
2023;9;Actividades;Gastronomía;Cataluña;Girona;26;102;263,9;10,15;12
2023;9;Espectaculos;Música;Cataluña;Girona;397;1561;3664,31;9,23;150
2023;9;Actividades;Deportes y aventuras;Cataluña;Girona;22;87;660;30;19
2023;9;Espectaculos;Música;Cataluña;Girona;79;311;1192,9;15,1;38
2023;9;Espectaculos;Música;Cataluña;Girona;25;98;206,75;8,27;14
2023;9;Espectaculos;Música;Cataluña;Girona;13;51;104;8;6
2023;9;Espectaculos;Música;Cataluña;Girona;480;1888;4444,8;9,26;241
2023;9;Espectaculos;Música;Cataluña;Girona;257;1011;2755,04;10,72;136
2023;9;Actividades;Deportes y aventuras;Cataluña;Girona;547;2151;4376;8;272
2023;9;Espectaculos;Música;Cataluña;Girona;54;239;557,82;10,33;27
2023;9;Espectaculos;Música;Cataluña;Girona;4;16;54;13,5;2
2023;9;Espectaculos;Cultura, teatro y danza;Cataluña;Girona;52;204;1029,6;19,8;24
2023;9;Espectaculos;Música;Cataluña;Girona;22;87;269,06;12,23;6
2023;9;Espectaculos;Cultura, teatro y danza;Cataluña;Girona;14;55;117,32;8,38;8
2023;9;Espectaculos;Música;Cataluña;Girona;127;499;1912,62;15,06;55
2023;9;Espectaculos;Música;Cataluña;Girona;7;28;70;10;3
2023;9;Actividades;Actividades infantiles;Cataluña;Girona;7;28;70;10;3
2023;9;Actividades;Gastronomía;Cataluña;Girona;7;28;70;10;3
2023;9;Espectaculos;Música;Cataluña;Girona;10;39;244,9;24,49;4
2023;9;Actividades;Cursos;Cataluña;Girona;3;12;360;120;3
2023;9;Actividades;Actividades infantiles;Cataluña;Girona;3;12;360;120;3
2023;9;Actividades;Gastronomía;Cataluña;Girona;3;12;360;120;3
2023;9;Espectaculos;Música;Cataluña;Girona;64;252;1123,84;17,56;33
2023;9;Espectaculos;Música;Cataluña;Girona;67;263;1010,36;15,08;30
2023;9;Espectaculos;Música;Cataluña;Girona;80;315;405,6;5,07;54
2023;9;Actividades;Cursos;Cataluña;Girona;2;8;78;39;2
2023;9;Espectaculos;Cultura, teatro y danza;Cataluña;Girona;8;31;233,28;29,16;7
2023;9;Espectaculos;Música;Andalucía;Granada;102;401;1308,66;12,83;50
2023;9;Espectaculos;Cultura, teatro y danza;Andalucía;Granada;80;315;1173,6;14,67;32
2023;9;Espectaculos;Música;Andalucía;Granada;93;366;1907,43;20,51;59
2023;9;Actividades;Deportes y aventuras;Andalucía;Granada;5;20;188;37,6;2
2023;9;Espectaculos;Musicales;Andalucía;Granada;11;43;82,5;7,5;6
2023;9;Espectaculos;Música;Andalucía;Granada;1215;6530;15187,5;12,5;659
2023;9;Actividades;Actividades infantiles;Andalucía;Granada;10;39;131,6;13,16;5
2023;9;Espectaculos;Cultura, teatro y danza;Andalucía;Granada;321;1262;3027,03;9,43;161
2023;9;Espectaculos;Cultura, teatro y danza;Andalucía;Granada;8;31;40,24;5,03;5
2023;9;Actividades;Deportes y aventuras;Andalucía;Granada;15;59;723;48,2;5
2023;9;Espectaculos;Música;Andalucía;Granada;59;232;1840,8;31,2;33
2023;9;Actividades;Cursos;Andalucía;Granada;12;47;144;12;10
2023;9;Espectaculos;Música;Castilla - La Mancha;Guadalajara;22;87;220,44;10,02;12
2023;9;Espectaculos;Música;País Vasco;Gipuzkoa;405;1593;3487,05;8,61;154
2023;9;Espectaculos;Cultura, teatro y danza;País Vasco;Gipuzkoa;21;83;111,93;5,33;9
2023;9;Actividades;Cursos;País Vasco;Gipuzkoa;5;20;187,5;37,5;5
2023;9;Espectaculos;Cine;País Vasco;Gipuzkoa;27;901;96,12;3,56;10
2023;9;Espectaculos;Música;País Vasco;Gipuzkoa;1120;4125;12129,6;10,83;434
2023;9;Actividades;Actividades infantiles;País Vasco;Gipuzkoa;632;2485;5902,88;9,34;174
2023;9;Espectaculos;Cultura, teatro y danza;País Vasco;Gipuzkoa;295;1160;3436,75;11,65;120
2023;9;Espectaculos;Música;País Vasco;Gipuzkoa;2;8;30;15;1
2023;9;Espectaculos;Música;País Vasco;Gipuzkoa;37;146;406,63;10,99;22
2023;9;Espectaculos;Música;País Vasco;Gipuzkoa;130;511;3682,9;28,33;52
2023;9;Espectaculos;Cine;País Vasco;Gipuzkoa;78;299;468;6;48
2023;9;Espectaculos;Música;País Vasco;Gipuzkoa;287;1129;3177,09;11,07;152
2023;9;Actividades;Gastronomía;País Vasco;Gipuzkoa;87;342;902,19;10,37;45
2023;9;Espectaculos;Música;País Vasco;Gipuzkoa;3;12;24,75;8,25;3
2023;9;Espectaculos;Música;País Vasco;Gipuzkoa;111;437;3080,25;27,75;50
2023;9;Espectaculos;Música;Aragón;Huesca;44;173;579,04;13,16;35
2023;9;Espectaculos;Cine;Aragón;Huesca;46;234;230;5;26
2023;9;Espectaculos;Música;Aragón;Huesca;119;468;1794,52;15,08;78
2023;9;Espectaculos;Música;Aragón;Huesca;16;63;364,16;22,76;8
2023;9;Actividades;Gastronomía;Aragón;Huesca;16;63;364,16;22,76;8
2023;9;Espectaculos;Música;Andalucía;Jaén;23;90;580,06;25,22;16
2023;9;Espectaculos;Música;Andalucía;Jaén;215;846;1969,4;9,16;138
2023;9;Espectaculos;Música;Andalucía;Jaén;26;102;403,78;15,53;13
2023;9;Actividades;Deportes y aventuras;Andalucía;Jaén;2;8;141,42;70,71;1
2023;9;Actividades;Actividades infantiles;Andalucía;Jaén;2;8;141,42;70,71;1
2023;9;Actividades;Cursos;Andalucía;Jaén;16;63;160,16;10,01;14
2023;9;Espectaculos;Música;Andalucía;Jaén;75;295;1086,75;14,49;41
2023;9;Actividades;Actividades infantiles;Andalucía;Jaén;16;63;160,16;10,01;14
2023;9;Espectaculos;Música;Castilla y León;León;154;606;2186,8;14,2;96
2023;9;Espectaculos;Música;Castilla y León;León;18;71;251,28;13,96;8
2023;9;Espectaculos;Música;Cataluña;Lleida;110;433;2426,6;22,06;110
2023;9;Espectaculos;Música;Cataluña;Lleida;444;1746;5594,4;12,6;257
2023;9;Espectaculos;Música;Cataluña;Lleida;90;354;908,1;10,09;33
2023;9;Espectaculos;Música;Cataluña;Lleida;2;8;22;11;1
2023;9;Espectaculos;Cultura, teatro y danza;Cataluña;Lleida;51;201;255;5;12
2023;9;Espectaculos;Música;Cataluña;Lleida;258;1015;1937,58;7,51;133
2023;9;Espectaculos;Cultura, teatro y danza;Cataluña;Lleida;2;54;6;3;1
2023;9;Espectaculos;Música;La Rioja;La Rioja;272;1070;4137,12;15,21;198
2023;9;Espectaculos;Música;La Rioja;La Rioja;17;67;309,91;18,23;9
2023;9;Espectaculos;Cultura, teatro y danza;La Rioja;La Rioja;182;716;3152,24;17,32;108
2023;9;Actividades;Gastronomía;La Rioja;La Rioja;19;75;57;3;9
2023;9;Espectaculos;Música;La Rioja;La Rioja;89;350;2502,68;28,12;47
2023;9;Espectaculos;Música;Galicia;Lugo;5;20;125;25;3
2023;9;Espectaculos;Música;Galicia;Lugo;18;951;165,06;9,17;9
2023;9;Espectaculos;Cultura, teatro y danza;Galicia;Lugo;3;12;78,6;26,2;2
2023;9;Espectaculos;Musicales;Galicia;Lugo;63;248;1037,61;16,47;21
2023;9;Actividades;Actividades infantiles;Galicia;Lugo;63;248;1037,61;16,47;21
2023;9;Espectaculos;Cultura, teatro y danza;Galicia;Lugo;63;248;1037,61;16,47;21
2023;9;Espectaculos;Conferencias;Comunidad de Madrid;Madrid;17;67;191,42;11,26;14
2023;9;Espectaculos;Musicales;Comunidad de Madrid;Madrid;25;98;292;11,68;11
2023;9;Espectaculos;Música;Comunidad de Madrid;Madrid;40;157;396,4;9,91;24
2023;9;Actividades;Deportes y aventuras;Comunidad de Madrid;Madrid;6;24;42;7;5
2023;9;Actividades;Actividades infantiles;Comunidad de Madrid;Madrid;8;31;72;9;3
2023;9;Espectaculos;Cultura, teatro y danza;Comunidad de Madrid;Madrid;109;429;1800,68;16,52;50
2023;9;Actividades;Gastronomía;Comunidad de Madrid;Madrid;3;12;188,58;62,86;2
2023;9;Espectaculos;Musicales;Comunidad de Madrid;Madrid;178;700;897,12;5,04;64
2023;9;Actividades;Actividades infantiles;Comunidad de Madrid;Madrid;178;700;897,12;5,04;64
2023;9;Espectaculos;Cultura, teatro y danza;Comunidad de Madrid;Madrid;350;1376;1760,5;5,03;112
2023;9;Espectaculos;Música;Comunidad de Madrid;Madrid;3;12;36;12;2
2023;9;Espectaculos;Música;Comunidad de Madrid;Madrid;136;535;1368,16;10,06;72
2023;9;Actividades;Actividades infantiles;Comunidad de Madrid;Madrid;136;535;1368,16;10,06;72
2023;9;Espectaculos;Música;Comunidad de Madrid;Madrid;1;4;6,6;6,6;1
2023;9;Actividades;Actividades infantiles;Comunidad de Madrid;Madrid;79;311;292,3;3,7;25
2023;9;Espectaculos;Cultura, teatro y danza;Comunidad de Madrid;Madrid;79;311;292,3;3,7;25
2023;9;Espectaculos;Música;Comunidad de Madrid;Madrid;28;110;434,56;15,52;11
2023;9;Espectaculos;Cultura, teatro y danza;Comunidad de Madrid;Madrid;181;740;872,42;4,82;63
2023;9;Espectaculos;Conferencias;Comunidad de Madrid;Madrid;21;4950;4385,01;208,81;20
2023;9;Actividades;Cursos;Comunidad de Madrid;Madrid;79;2170;5506,3;69,7;66
2023;9;Espectaculos;Cine;Comunidad de Madrid;Madrid;121;476;987,36;8,16;82
2023;9;Espectaculos;Musicales;Comunidad de Madrid;Madrid;42;161;564,48;13,44;14
2023;9;Espectaculos;Ferias;Comunidad de Madrid;Madrid;21;432;4385,01;208,81;20
2023;9;Espectaculos;Música;Comunidad de Madrid;Madrid;26441;101784;346641,51;13,11;14854
2023;9;Actividades;Deportes y aventuras;Comunidad de Madrid;Madrid;44;528;1257,96;28,59;37
2023;9;Actividades;Actividades infantiles;Comunidad de Madrid;Madrid;310;1219;6376,7;20,57;113
2023;9;Espectaculos;Cultura, teatro y danza;Comunidad de Madrid;Madrid;1633;6010;25752,41;15,77;897
2023;9;Espectaculos;Museo y exposiciones;Comunidad de Madrid;Madrid;1;4;12;12;1
2023;9;Actividades;Gastronomía;Comunidad de Madrid;Madrid;231;908;3180,87;13,77;99
2023;9;Espectaculos;Música;Comunidad de Madrid;Madrid;17;67;170;10;9
2023;9;Espectaculos;Cultura, teatro y danza;Comunidad de Madrid;Madrid;2;8;30;15;1
2023;9;Espectaculos;Música;Comunidad de Madrid;Madrid;3;12;19,65;6,55;2
2023;9;Actividades;Cursos;Comunidad de Madrid;Madrid;342;1345;12356,46;36,13;340
2023;9;Actividades;Actividades infantiles;Comunidad de Madrid;Madrid;342;1345;12356,46;36,13;340
2023;9;Espectaculos;Música;Comunidad de Madrid;Madrid;15;59;342,15;22,81;15
2023;9;Actividades;Actividades infantiles;Comunidad de Madrid;Madrid;15;59;342,15;22,81;15
2023;9;Espectaculos;Música;Comunidad de Madrid;Madrid;23;90;1678,77;72,99;21
2023;9;Espectaculos;Música;Comunidad de Madrid;Madrid;1367;5376;11892,9;8,7;623
2023;9;Espectaculos;Música;Comunidad de Madrid;Madrid;18;71;180;10;9
2023;9;Actividades;Actividades infantiles;Comunidad de Madrid;Madrid;5;20;45,8;9,16;2
2023;9;Espectaculos;Cultura, teatro y danza;Comunidad de Madrid;Madrid;3;12;27,99;9,33;1
2023;9;Espectaculos;Música;Comunidad de Madrid;Madrid;162;637;2104,38;12,99;76
2023;9;Espectaculos;Música;Comunidad de Madrid;Madrid;1;4;15;15;1
2023;9;Actividades;Actividades infantiles;Comunidad de Madrid;Madrid;2;8;33,8;16,9;2
2023;9;Espectaculos;Cultura, teatro y danza;Comunidad de Madrid;Madrid;2;8;33,8;16,9;2
2023;9;Espectaculos;Música;Comunidad de Madrid;Madrid;7;28;91;13;5
2023;9;Espectaculos;Cultura, teatro y danza;Comunidad de Madrid;Madrid;7;28;35;5;4
2023;9;Espectaculos;Música;Comunidad de Madrid;Madrid;256;1007;3261,44;12,74;121
2023;9;Espectaculos;Musicales;Comunidad de Madrid;Madrid;74;291;740;10;20
2023;9;Espectaculos;Cultura, teatro y danza;Comunidad de Madrid;Madrid;74;291;740;10;20
2023;9;Espectaculos;Música;Andalucía;Málaga;31;122;380,99;12,29;16
2023;9;Espectaculos;Música;Andalucía;Málaga;29;114;664,1;22,9;13
2023;9;Espectaculos;Música;Andalucía;Málaga;170;669;1229,1;7,23;81
2023;9;Espectaculos;Conferencias;Andalucía;Málaga;19;75;120,08;6,32;16
2023;9;Actividades;Cursos;Andalucía;Málaga;85;334;924,8;10,88;47
2023;9;Espectaculos;Musicales;Andalucía;Málaga;157;617;3425,74;21,82;48
2023;9;Espectaculos;Ferias;Andalucía;Málaga;19;75;120,08;6,32;16
2023;9;Espectaculos;Música;Andalucía;Málaga;1492;5867;21589,24;14,47;870
2023;9;Actividades;Deportes y aventuras;Andalucía;Málaga;238;936;5764,36;24,22;124
2023;9;Actividades;Actividades infantiles;Andalucía;Málaga;315;1239;4041,45;12,83;106
2023;9;Espectaculos;Cultura, teatro y danza;Andalucía;Málaga;591;2324;8167,62;13,82;226
2023;9;Espectaculos;Conferencias;Andalucía;Málaga;10;39;625;62,5;8
2023;9;Actividades;Deportes y aventuras;Andalucía;Málaga;71;279;2316,02;32,62;41
2023;9;Espectaculos;Música;Andalucía;Málaga;32;126;939,52;29,36;19
2023;9;Espectaculos;Cultura, teatro y danza;Andalucía;Málaga;16;63;83,04;5,19;6
2023;9;Actividades;Cursos;Andalucía;Málaga;1;4;32,4;32,4;1
2023;9;Espectaculos;Cultura, teatro y danza;Andalucía;Málaga;8;31;100;12,5;2
2023;9;Espectaculos;Música;Andalucía;Málaga;95;374;1202,7;12,66;37
2023;9;Actividades;Gastronomía;Andalucía;Málaga;95;374;1202,7;12,66;37
2023;9;Actividades;Cursos;Andalucía;Málaga;97;381;3963,42;40,86;85
2023;9;Espectaculos;Música;Andalucía;Málaga;91;358;1627,08;17,88;58
2023;9;Actividades;Deportes y aventuras;Región de Murcia;Murcia;4;16;103,72;25,93;2
2023;9;Espectaculos;Música;Región de Murcia;Murcia;17;67;248,54;14,62;12
2023;9;Actividades;Actividades infantiles;Región de Murcia;Murcia;1;4;40;40;1
2023;9;Espectaculos;Música;Región de Murcia;Murcia;37;146;327,82;8,86;20
2023;9;Espectaculos;Cultura, teatro y danza;Región de Murcia;Murcia;18;71;144;8;4
2023;9;Actividades;Cursos;Región de Murcia;Murcia;2;11;86;43;2
2023;9;Espectaculos;Música;Región de Murcia;Murcia;2124;8353;27548,28;12,97;1312
2023;9;Actividades;Actividades infantiles;Región de Murcia;Murcia;47;185;283,88;6,04;20
2023;9;Espectaculos;Cultura, teatro y danza;Región de Murcia;Murcia;152;849;1133,92;7,46;86
2023;9;Actividades;Gastronomía;Región de Murcia;Murcia;20;79;140;7;10
2023;9;Espectaculos;Música;Comunidad Foral de Navarra;Navarra;479;1884;9785,97;20,43;208
2023;9;Actividades;Actividades infantiles;Comunidad Foral de Navarra;Navarra;483;1899;12857,46;26,62;210
2023;9;Espectaculos;Cultura, teatro y danza;Comunidad Foral de Navarra;Navarra;4;16;156;39;2
2023;9;Espectaculos;Música;Comunidad Foral de Navarra;Navarra;122;480;2419,26;19,83;75
2023;9;Espectaculos;Música;Comunidad Foral de Navarra;Navarra;10;39;109,2;10,92;6
2023;9;Espectaculos;Música;Comunidad Foral de Navarra;Navarra;595;2340;35134,75;59,05;477
2023;9;Espectaculos;Música;Comunidad Foral de Navarra;Navarra;1687;6363;56160,23;33,29;1004
2023;9;Actividades;Deportes y aventuras;Comunidad Foral de Navarra;Navarra;178;700;2548,96;14,32;69
2023;9;Actividades;Actividades infantiles;Comunidad Foral de Navarra;Navarra;43;169;586,52;13,64;17
2023;9;Espectaculos;Música;Comunidad Foral de Navarra;Navarra;108;425;2745,36;25,42;61
2023;9;Espectaculos;Música;Comunidad Foral de Navarra;Navarra;6;24;90,54;15,09;3
2023;9;Espectaculos;Música;Comunidad Foral de Navarra;Navarra;61;240;442,86;7,26;27
2023;9;Espectaculos;Música;Comunidad Foral de Navarra;Navarra;111;437;2429,79;21,89;59
2023;9;Espectaculos;Musicales;Galicia;Ourense;353;1388;5789,2;16,4;99
2023;9;Espectaculos;Música;Galicia;Ourense;429;1535;9150,57;21,33;172
2023;9;Actividades;Actividades infantiles;Galicia;Ourense;353;1388;5789,2;16,4;99
2023;9;Espectaculos;Cultura, teatro y danza;Galicia;Ourense;353;1388;5789,2;16,4;99
2023;9;Espectaculos;Música;Galicia;Ourense;70;275;1112,3;15,89;27
2023;9;Espectaculos;Cultura, teatro y danza;Principado de Asturias;Asturias;22;87;221,1;10,05;15
2023;9;Espectaculos;Musicales;Principado de Asturias;Asturias;8;31;65,04;8,13;3
2023;9;Espectaculos;Música;Principado de Asturias;Asturias;213;838;3233,34;15,18;115
2023;9;Actividades;Actividades infantiles;Principado de Asturias;Asturias;10;39;78,2;7,82;4
2023;9;Espectaculos;Cultura, teatro y danza;Principado de Asturias;Asturias;38;149;348,08;9,16;19
2023;9;Espectaculos;Música;Principado de Asturias;Asturias;4;16;54;13,5;2
2023;9;Espectaculos;Cultura, teatro y danza;Principado de Asturias;Asturias;52;204;1029,6;19,8;24
2023;9;Espectaculos;Música;Principado de Asturias;Asturias;876;3445;10985,04;12,54;558
2023;9;Espectaculos;Música;Principado de Asturias;Asturias;253;995;2231,46;8,82;129
2023;9;Espectaculos;Música;Castilla y León;Palencia;12;47;180,72;15,06;7
2023;9;Actividades;Cursos;Canarias;Las Palmas;2;8;55;27,5;2
2023;9;Espectaculos;Música;Canarias;Las Palmas;6;24;132;22;4
2023;9;Actividades;Gastronomía;Canarias;Las Palmas;2;8;55;27,5;2
2023;9;Espectaculos;Conferencias;Canarias;Las Palmas;137;539;2740;20;73
2023;9;Espectaculos;Música;Canarias;Las Palmas;81;319;1324,35;16,35;36
2023;9;Espectaculos;Cultura, teatro y danza;Canarias;Las Palmas;44;173;572;13;20
2023;9;Espectaculos;Música;Canarias;Las Palmas;25;98;233,5;9,34;18
2023;9;Espectaculos;Cultura, teatro y danza;Canarias;Las Palmas;472;1856;9982,8;21,15;198
2023;9;Actividades;Cursos;Canarias;Las Palmas;10;237;864,5;86,45;10
2023;9;Espectaculos;Musicales;Canarias;Las Palmas;74;291;669,7;9,05;30
2023;9;Espectaculos;Música;Canarias;Las Palmas;1144;4867;13075,92;11,43;772
2023;9;Espectaculos;Cultura, teatro y danza;Canarias;Las Palmas;411;1528;3999,03;9,73;187
2023;9;Espectaculos;Música;Canarias;Las Palmas;149;1341;5487,67;36,83;106
2023;9;Actividades;Deportes y aventuras;Canarias;Las Palmas;97;381;2140,79;22,07;36
2023;9;Espectaculos;Cultura, teatro y danza;Canarias;Las Palmas;46;605;690;15;12
2023;9;Espectaculos;Música;Canarias;Las Palmas;52;204;418,6;8,05;25
2023;9;Espectaculos;Música;Canarias;Las Palmas;24;94;852,72;35,53;14
2023;9;Espectaculos;Música;Canarias;Las Palmas;173;680;1072,6;6,2;64
2023;9;Actividades;Actividades infantiles;Canarias;Las Palmas;75;295;465;6,2;37
2023;9;Espectaculos;Cultura, teatro y danza;Canarias;Las Palmas;1247;4904;8255,14;6,62;444
2023;9;Espectaculos;Música;Canarias;Las Palmas;5;20;30;6;1
2023;9;Espectaculos;Cultura, teatro y danza;Canarias;Las Palmas;98;385;592,9;6,05;39
2023;9;Espectaculos;Música;Galicia;Pontevedra;177;696;4294,02;24,26;98
2023;9;Espectaculos;Música;Galicia;Pontevedra;7;28;87,5;12,5;4
2023;9;Espectaculos;Música;Galicia;Pontevedra;90;354;1080,9;12,01;52
2023;9;Actividades;Cursos;Galicia;Pontevedra;7;201;91,91;13,13;5
2023;9;Espectaculos;Musicales;Galicia;Pontevedra;119;468;957,95;8,05;39
2023;9;Espectaculos;Música;Galicia;Pontevedra;469;1844;5398,19;11,51;280
2023;9;Espectaculos;Cultura, teatro y danza;Galicia;Pontevedra;395;1553;2792,65;7,07;169
2023;9;Espectaculos;Musicales;Castilla y León;Salamanca;936;3681;9818,64;10,49;305
2023;9;Espectaculos;Cultura, teatro y danza;Castilla y León;Salamanca;936;3681;9818,64;10,49;305
2023;9;Espectaculos;Música;Castilla y León;Salamanca;538;2116;6719,62;12,49;384
2023;9;Espectaculos;Música;Castilla y León;Salamanca;29;114;846,8;29,2;16
2023;9;Espectaculos;Cultura, teatro y danza;Castilla y León;Salamanca;295;1160;1000,05;3,39;82
2023;9;Espectaculos;Museo y exposiciones;Castilla y León;Salamanca;295;1160;1000,05;3,39;82
2023;9;Espectaculos;Música;Canarias;Santa Cruz de Tenerife;958;3768;21143,06;22,07;573
2023;9;Espectaculos;Música;Canarias;Santa Cruz de Tenerife;118;463;2794,83;23,685;74
2023;9;Actividades;Deportes y aventuras;Canarias;Santa Cruz de Tenerife;19;75;785,84;41,36;12
2023;9;Espectaculos;Música;Canarias;Santa Cruz de Tenerife;27;106;270;10;17
2023;9;Espectaculos;Música;Canarias;Santa Cruz de Tenerife;38;149;408,88;10,76;19
2023;9;Espectaculos;Música;Canarias;Santa Cruz de Tenerife;311;1223;7022,38;22,58;144
2023;9;Espectaculos;Cultura, teatro y danza;Canarias;Santa Cruz de Tenerife;29;114;879,28;30,32;12
2023;9;Espectaculos;Música;Canarias;Santa Cruz de Tenerife;731;2875;8750,07;11,97;472
2023;9;Espectaculos;Cultura, teatro y danza;Canarias;Santa Cruz de Tenerife;121;476;1141,03;9,43;73
2023;9;Espectaculos;Música;Canarias;Santa Cruz de Tenerife;156;613;1939,08;12,43;77
2023;9;Espectaculos;Cultura, teatro y danza;Canarias;Santa Cruz de Tenerife;75;295;924,75;12,33;34
2023;9;Actividades;Cursos;Canarias;Santa Cruz de Tenerife;5;20;212,9;42,58;5
2023;9;Espectaculos;Música;Canarias;Santa Cruz de Tenerife;2;8;14,18;7,09;1
2023;9;Actividades;Actividades infantiles;Canarias;Santa Cruz de Tenerife;1;4;10,9;10,9;1
2023;9;Actividades;Cursos;Cantabria;Cantabria;3;12;240;80;3
2023;9;Espectaculos;Musicales;Cantabria;Cantabria;102;401;1307,64;12,82;32
2023;9;Espectaculos;Música;Cantabria;Cantabria;167;657;1890,44;11,32;84
2023;9;Actividades;Actividades infantiles;Cantabria;Cantabria;134;527;1565,12;11,68;44
2023;9;Espectaculos;Cultura, teatro y danza;Cantabria;Cantabria;253;995;4554;18;108
2023;9;Espectaculos;Cine;Cantabria;Cantabria;4;16;48;12;2
2023;9;Espectaculos;Música;Cantabria;Cantabria;1298;5104;26141,72;20,14;642
2023;9;Espectaculos;Música;Castilla y León;Segovia;1087;4275;22011,75;20,25;566
2023;9;Espectaculos;Música;Castilla y León;Segovia;302;1187;3672,32;12,16;102
2023;9;Espectaculos;Cultura, teatro y danza;Andalucía;Sevilla;14;55;175;12,5;4
2023;9;Espectaculos;Música;Andalucía;Sevilla;6;24;305,7;50,95;4
2023;9;Espectaculos;Música;Andalucía;Sevilla;4;16;48;12;3
2023;9;Actividades;Deportes y aventuras;Andalucía;Sevilla;19;75;105,07;5,53;6
2023;9;Espectaculos;Música;Andalucía;Sevilla;10;39;82,5;8,25;6
2023;9;Actividades;Actividades infantiles;Andalucía;Sevilla;2;8;36;18;1
2023;9;Espectaculos;Cultura, teatro y danza;Andalucía;Sevilla;2;8;36;18;1
2023;9;Actividades;Cursos;Andalucía;Sevilla;31;122;155;5;28
2023;9;Espectaculos;Cine;Andalucía;Sevilla;956;4187;3565,88;3,73;456
2023;9;Espectaculos;Musicales;Andalucía;Sevilla;68;267;768,4;11,3;34
2023;9;Espectaculos;Música;Andalucía;Sevilla;3364;12555;43799,28;13,02;1927
2023;9;Actividades;Actividades infantiles;Andalucía;Sevilla;830;3264;8723,3;10,51;324
2023;9;Espectaculos;Cultura, teatro y danza;Andalucía;Sevilla;3019;11038;25812,45;8,55;1300
2023;9;Actividades;Gastronomía;Andalucía;Sevilla;26;102;260;10;15
2023;9;Espectaculos;Música;Castilla y León;Soria;301;1184;4515;15;301
2023;9;Espectaculos;Música;Cataluña;Tarragona;9;35;134,46;14,94;5
2023;9;Espectaculos;Música;Cataluña;Tarragona;33;130;166,65;5,05;16
2023;9;Espectaculos;Música;Cataluña;Tarragona;13;51;242,06;18,62;7
2023;9;Actividades;Actividades infantiles;Cataluña;Tarragona;47;185;874,67;18,61;15
2023;9;Espectaculos;Cultura, teatro y danza;Cataluña;Tarragona;47;185;874,67;18,61;15
2023;9;Espectaculos;Museo y exposiciones;Cataluña;Tarragona;47;185;874,67;18,61;15
2023;9;Espectaculos;Música;Cataluña;Tarragona;101;397;1256,44;12,44;71
2023;9;Espectaculos;Música;Cataluña;Tarragona;33;130;397,65;12,05;6
2023;9;Espectaculos;Cultura, teatro y danza;Cataluña;Tarragona;47;185;540,5;11,5;14
2023;9;Espectaculos;Música;Cataluña;Tarragona;18;71;252;14;7
2023;9;Espectaculos;Música;Cataluña;Tarragona;2;8;44;22;1
2023;9;Espectaculos;Música;Cataluña;Tarragona;4;16;70,4;17,6;3
2023;9;Espectaculos;Parques temáticos;Cataluña;Tarragona;3;12;108,9;36,3;1
2023;9;Actividades;Deportes y aventuras;Cataluña;Tarragona;3;12;108,9;36,3;1
2023;9;Actividades;Actividades infantiles;Cataluña;Tarragona;3;12;108,9;36,3;1
2023;9;Espectaculos;Música;Cataluña;Tarragona;42;165;730,38;17,39;29
2023;9;Espectaculos;Música;Cataluña;Tarragona;5;20;125;25;2
2023;9;Actividades;Actividades infantiles;Cataluña;Tarragona;2;8;68,98;34,49;1
2023;9;Espectaculos;Cultura, teatro y danza;Cataluña;Tarragona;2;8;68,98;34,49;1
2023;9;Actividades;Cursos;Cataluña;Tarragona;3;12;304,5;101,5;3
2023;9;Espectaculos;Música;Cataluña;Tarragona;349;1372;12661,72;36,28;139
2023;9;Actividades;Actividades infantiles;Cataluña;Tarragona;482;1896;19159,5;39,75;166
2023;9;Actividades;Gastronomía;Cataluña;Tarragona;330;1298;18159,9;55,03;130
2023;9;Espectaculos;Música;Cataluña;Tarragona;215;845;2769,2;12,88;89
2023;9;Espectaculos;Musicales;Cataluña;Tarragona;176;692;4035,68;22,93;71
2023;9;Espectaculos;Música;Cataluña;Tarragona;376;1479;4696,24;12,49;195
2023;9;Actividades;Actividades infantiles;Cataluña;Tarragona;69;271;640,32;9,28;26
2023;9;Espectaculos;Cultura, teatro y danza;Cataluña;Tarragona;181;712;3370,22;18,62;74
2023;9;Espectaculos;Música;Cataluña;Tarragona;6;24;118,8;19,8;2
2023;9;Espectaculos;Música;Cataluña;Tarragona;86;338;2162,9;25,15;47
2023;9;Espectaculos;Cine;Cataluña;Tarragona;19;75;133;7;13
2023;9;Espectaculos;Música;Cataluña;Tarragona;5;20;110;22;2
2023;9;Espectaculos;Música;Cataluña;Tarragona;89;350;1017,27;11,43;35
2023;9;Espectaculos;Música;Cataluña;Tarragona;714;2808;7525,56;10,54;397
2023;9;Espectaculos;Música;Cataluña;Tarragona;151;594;1214,04;8,04;62
2023;9;Espectaculos;Cultura, teatro y danza;Cataluña;Tarragona;4;16;21;5,25;2
2023;9;Espectaculos;Música;Cataluña;Tarragona;10;39;67,2;6,72;4
2023;9;Espectaculos;Música;Cataluña;Tarragona;66;260;858;13;45
2023;9;Espectaculos;Música;Aragón;Teruel;187;735;3696,99;19,77;131
2023;9;Espectaculos;Música;Aragón;Teruel;175;688;2229,5;12,74;80
2023;9;Actividades;Cursos;Castilla - La Mancha;Toledo;90;354;2543,4;28,26;68
2023;9;Espectaculos;Música;Castilla - La Mancha;Toledo;42;165;2387,7;56,85;37
2023;9;Espectaculos;Música;Castilla - La Mancha;Toledo;41;161;493,64;12,04;19
2023;9;Actividades;Deportes y aventuras;Castilla - La Mancha;Toledo;1;4;25;25;1
2023;9;Espectaculos;Cultura, teatro y danza;Castilla - La Mancha;Toledo;132;519;786,72;5,96;47
2023;9;Espectaculos;Música;Castilla - La Mancha;Toledo;2;8;17;8,5;1
2023;9;Actividades;Actividades infantiles;Castilla - La Mancha;Toledo;144;566;933,12;6,48;33
2023;9;Espectaculos;Cultura, teatro y danza;Castilla - La Mancha;Toledo;144;566;933,12;6,48;33
2023;9;Espectaculos;Museo y exposiciones;Castilla - La Mancha;Toledo;144;566;933,12;6,48;33
2023;9;Espectaculos;Música;Comunitat Valenciana;Valencia/València;392;1541;5856,48;14,94;169
2023;9;Espectaculos;Música;Comunitat Valenciana;Valencia/València;26;102;312;12;11
2023;9;Actividades;Actividades infantiles;Comunitat Valenciana;Valencia/València;3;12;32,01;10,67;1
2023;9;Espectaculos;Cultura, teatro y danza;Comunitat Valenciana;Valencia/València;27;106;366,12;13,56;10
2023;9;Espectaculos;Museo y exposiciones;Comunitat Valenciana;Valencia/València;27;106;366,12;13,56;10
2023;9;Actividades;Deportes y aventuras;Comunitat Valenciana;Valencia/València;12;948;294,72;24,56;11
2023;9;Actividades;Actividades infantiles;Comunitat Valenciana;Valencia/València;12;979;294,72;24,56;11
2023;9;Espectaculos;Música;Comunitat Valenciana;Valencia/València;176;692;2668,16;15,16;159
2023;9;Espectaculos;Música;Comunitat Valenciana;Valencia/València;742;2593;5075,28;6,84;418
2023;9;Actividades;Cursos;Comunitat Valenciana;Valencia/València;44;173;869,44;19,76;39
2023;9;Espectaculos;Música;Comunitat Valenciana;Valencia/València;50;197;595;11,9;23
2023;9;Actividades;Actividades infantiles;Comunitat Valenciana;Valencia/València;50;197;595;11,9;23
2023;9;Espectaculos;Música;Comunitat Valenciana;Valencia/València;27;106;306,72;11,36;13
2023;9;Espectaculos;Música;Comunitat Valenciana;Valencia/València;74;291;1115,92;15,08;30
2023;9;Espectaculos;Musicales;Comunitat Valenciana;Valencia/València;50;197;568;11,36;20
2023;9;Espectaculos;Cultura, teatro y danza;Comunitat Valenciana;Valencia/València;50;197;568;11,36;20
2023;9;Espectaculos;Música;Comunitat Valenciana;Valencia/València;11;43;242;22;5
2023;9;Espectaculos;Música;Comunitat Valenciana;Valencia/València;40;157;320,4;8,01;34
2023;9;Actividades;Cursos;Comunitat Valenciana;Valencia/València;7;28;768,67;109,81;7
2023;9;Espectaculos;Musicales;Comunitat Valenciana;Valencia/València;1042;4098;9419,68;9,04;314
2023;9;Espectaculos;Música;Comunitat Valenciana;Valencia/València;2062;8109;28084,44;13,62;1107
2023;9;Actividades;Actividades infantiles;Comunitat Valenciana;Valencia/València;3122;12277;42989,94;13,77;974
2023;9;Espectaculos;Cultura, teatro y danza;Comunitat Valenciana;Valencia/València;3632;14283;36211,04;9,97;1192
2023;9;Actividades;Gastronomía;Comunitat Valenciana;Valencia/València;17;67;102;6;7
2023;9;Espectaculos;Cultura, teatro y danza;Castilla y León;Valladolid;28;110;124,04;4,43;11
2023;9;Espectaculos;Cultura, teatro y danza;Castilla y León;Valladolid;30;118;750;25;19
2023;9;Espectaculos;Música;Castilla y León;Valladolid;5;20;77,35;15,47;3
2023;9;Espectaculos;Musicales;Castilla y León;Valladolid;78;307;1207,44;15,48;34
2023;9;Espectaculos;Música;Castilla y León;Valladolid;137;539;1901,56;13,88;76
2023;9;Actividades;Actividades infantiles;Castilla y León;Valladolid;21;83;212,1;10,1;9
2023;9;Espectaculos;Cultura, teatro y danza;Castilla y León;Valladolid;2059;8097;25531,6;12,4;895
2023;9;Espectaculos;Música;Castilla y León;Valladolid;9;35;140,76;15,64;4
2023;9;Espectaculos;Música;País Vasco;Bizkaia;4;16;42,4;10,6;3
2023;9;Actividades;Cursos;País Vasco;Bizkaia;14;55;2015,86;143,99;12
2023;9;Espectaculos;Cine;País Vasco;Bizkaia;204;802;612;3;123
2023;9;Espectaculos;Música;País Vasco;Bizkaia;973;3827;12483,59;12,83;552
2023;9;Actividades;Deportes y aventuras;País Vasco;Bizkaia;158;621;3521,82;22,29;96
2023;9;Actividades;Actividades infantiles;País Vasco;Bizkaia;45;177;816,3;18,14;22
2023;9;Espectaculos;Cultura, teatro y danza;País Vasco;Bizkaia;12;47;116,04;9,67;7
2023;9;Actividades;Actividades infantiles;País Vasco;Bizkaia;339;1333;3152,7;9,3;97
2023;9;Espectaculos;Cultura, teatro y danza;País Vasco;Bizkaia;339;1333;3152,7;9,3;97
2023;9;Espectaculos;Museo y exposiciones;País Vasco;Bizkaia;339;1333;3152,7;9,3;97
2023;9;Actividades;Actividades infantiles;País Vasco;Bizkaia;7;28;80,36;11,48;2
2023;9;Espectaculos;Cultura, teatro y danza;País Vasco;Bizkaia;7;28;80,36;11,48;2
2023;9;Espectaculos;Música;País Vasco;Bizkaia;73;287;1173,11;16,07;46
2023;9;Actividades;Cursos;País Vasco;Bizkaia;1;4;95;95;1
2023;9;Espectaculos;Música;País Vasco;Bizkaia;151;594;2331,44;15,44;98
2023;9;Actividades;Cursos;País Vasco;Bizkaia;14;55;280;20;12
2023;9;Espectaculos;Música;Castilla y León;Zamora;355;1396;7884,55;22,21;145
2023;9;Espectaculos;Música;Castilla y León;Zamora;159;625;2157,63;13,57;126
2023;9;Espectaculos;Cine;Aragón;Zaragoza;11;43;72,6;6,6;4
2023;9;Actividades;Deportes y aventuras;Aragón;Zaragoza;16;63;80;5;9
2023;9;Espectaculos;Música;Aragón;Zaragoza;281;1105;3748,54;13,34;147
2023;9;Espectaculos;Música;Aragón;Zaragoza;92;362;1380,92;15,01;55
2023;9;Espectaculos;Conferencias;Aragón;Zaragoza;6;365;117;19,5;4
2023;9;Espectaculos;Musicales;Aragón;Zaragoza;382;1502;3098,02;8,11;126
2023;9;Espectaculos;Música;Aragón;Zaragoza;3982;23957;59809,64;15,02;2346
2023;9;Actividades;Deportes y aventuras;Aragón;Zaragoza;76;299;1172,68;15,43;53
2023;9;Actividades;Actividades infantiles;Aragón;Zaragoza;1371;5391;9446,19;6,89;398
2023;9;Espectaculos;Cultura, teatro y danza;Aragón;Zaragoza;2119;8400;12438,53;5,87;657
2023;9;Espectaculos;Museo y exposiciones;Aragón;Zaragoza;197;775;673,74;3,42;51
2023;9;Actividades;Gastronomía;Aragón;Zaragoza;18;71;515,88;28,66;10
2023;9;Espectaculos;Cultura, teatro y danza;Ceuta;Ceuta;29;114;142,39;4,91;10
2023;9;Espectaculos;Conferencias;Total Nacional;Total Nacional;220;6074;16666,254;75,7557;144
2023;9;Actividades;Cursos;Total Nacional;Total Nacional;1087;6548;52562,5372;48,3556;898
2023;9;Espectaculos;Cine;Total Nacional;Total Nacional;1958;9467;11998,8198;6,1281;1012
2023;9;Espectaculos;Musicales;Total Nacional;Total Nacional;6210;24415;76948,731;12,3911;2155
2023;9;Espectaculos;Parques temáticos;Total Nacional;Total Nacional;3;12;108,9;36,3;1
2023;9;Espectaculos;Ferias;Total Nacional;Total Nacional;50;546;6950,5;139,01;45
2023;9;Espectaculos;Música;Total Nacional;Total Nacional;120465;476343;1930800,974;16,0279;68857
2023;9;Actividades;Deportes y aventuras;Total Nacional;Total Nacional;3040;13401;73588,064;24,2066;1630
2023;9;Actividades;Actividades infantiles;Total Nacional;Total Nacional;15387;61461;319501,8228;20,7644;5321
2023;9;Espectaculos;Cultura, teatro y danza;Total Nacional;Total Nacional;32567;128113;386850,3662;11,8786;12656
2023;9;Espectaculos;Museo y exposiciones;Total Nacional;Total Nacional;1176;4605;9677,5392;8,2292;342
2023;9;Actividades;Gastronomía;Total Nacional;Total Nacional;2923;11497;88783,202;30,374;1358
2023;10;Espectaculos;Música;País Vasco;Araba/Álava;36;113;397,8;11,05;18
2023;10;Actividades;Actividades infantiles;País Vasco;Araba/Álava;39;123;247,65;6,35;11
2023;10;Espectaculos;Cultura, teatro y danza;País Vasco;Araba/Álava;130;409;733,2;5,64;74
2023;10;Actividades;Actividades infantiles;País Vasco;Araba/Álava;8;25;39,28;4,91;4
2023;10;Espectaculos;Cultura, teatro y danza;País Vasco;Araba/Álava;8;25;39,28;4,91;4
2023;10;Espectaculos;Música;País Vasco;Araba/Álava;75;55;1055,25;14,07;42
2023;10;Actividades;Actividades infantiles;País Vasco;Araba/Álava;14;44;79,38;5,67;5
2023;10;Espectaculos;Cultura, teatro y danza;País Vasco;Araba/Álava;180;566;1425,6;7,92;74
2023;10;Actividades;Actividades infantiles;País Vasco;Araba/Álava;24;75;74,16;3,09;11
2023;10;Espectaculos;Música;Castilla - La Mancha;Albacete;740;2325;7474;10,1;315
2023;10;Actividades;Actividades infantiles;Castilla - La Mancha;Albacete;24;75;141,6;5,9;9
2023;10;Espectaculos;Cultura, teatro y danza;Castilla - La Mancha;Albacete;149;468;1148,79;7,71;55
2023;10;Espectaculos;Cine;Castilla - La Mancha;Albacete;27;85;202,5;7,5;11
2023;10;Espectaculos;Música;Castilla - La Mancha;Albacete;39;123;597,87;15,33;17
2023;10;Espectaculos;Música;Castilla - La Mancha;Albacete;125;393;2337,5;18,7;65
2023;10;Actividades;Cursos;Comunitat Valenciana;Alicante/Alacant;4;13;156;39;3
2023;10;Espectaculos;Música;Comunitat Valenciana;Alicante/Alacant;2237;6332;45232,14;20,22;1504
2023;10;Actividades;Deportes y aventuras;Comunitat Valenciana;Alicante/Alacant;4;13;50;12,5;3
2023;10;Actividades;Actividades infantiles;Comunitat Valenciana;Alicante/Alacant;45;141;2250;50;45
2023;10;Espectaculos;Cultura, teatro y danza;Comunitat Valenciana;Alicante/Alacant;458;1439;17422,32;38,04;303
2023;10;Actividades;Gastronomía;Comunitat Valenciana;Alicante/Alacant;17;53;291,38;17,14;10
2023;10;Actividades;Deportes y aventuras;Comunitat Valenciana;Alicante/Alacant;169;531;7388,68;43,72;117
2023;10;Actividades;Actividades infantiles;Comunitat Valenciana;Alicante/Alacant;187;2422;6920,87;37,01;131
2023;10;Espectaculos;Música;Comunitat Valenciana;Alicante/Alacant;10;31;168,6;16,86;3
2023;10;Espectaculos;Música;Comunitat Valenciana;Alicante/Alacant;148;465;2252,56;15,22;75
2023;10;Espectaculos;Música;Comunitat Valenciana;Alicante/Alacant;228;681;6612;29;114
2023;10;Espectaculos;Música;Comunitat Valenciana;Alicante/Alacant;121;380;1680,69;13,89;64
2023;10;Espectaculos;Música;Comunitat Valenciana;Alicante/Alacant;18;57;238,5;13,25;9
2023;10;Espectaculos;Música;Comunitat Valenciana;Alicante/Alacant;14;44;114,24;8,16;10
2023;10;Espectaculos;Cine;Comunitat Valenciana;Alicante/Alacant;19;60;95;5;12
2023;10;Espectaculos;Música;Comunitat Valenciana;Alicante/Alacant;1034;3249;14868,92;14,38;485
2023;10;Actividades;Deportes y aventuras;Comunitat Valenciana;Alicante/Alacant;200;628;2954;14,77;106
2023;10;Espectaculos;Cultura, teatro y danza;Comunitat Valenciana;Alicante/Alacant;157;493;954,56;6,08;75
2023;10;Espectaculos;Música;Comunitat Valenciana;Alicante/Alacant;2;6;20;10;1
2023;10;Espectaculos;Musicales;Comunitat Valenciana;Alicante/Alacant;7;22;105;15;4
2023;10;Espectaculos;Cultura, teatro y danza;Comunitat Valenciana;Alicante/Alacant;7;22;105;15;4
2023;10;Espectaculos;Música;Comunitat Valenciana;Alicante/Alacant;1549;4867;21593,06;13,94;1018
2023;10;Espectaculos;Música;Comunitat Valenciana;Alicante/Alacant;81;254;839,16;10,36;36
2023;10;Espectaculos;Cultura, teatro y danza;Comunitat Valenciana;Alicante/Alacant;26;82;278,46;10,71;9
2023;10;Espectaculos;Música;Comunitat Valenciana;Alicante/Alacant;87;273;1287,6;14,8;46
2023;10;Actividades;Deportes y aventuras;Comunitat Valenciana;Alicante/Alacant;233;732;1551,78;6,66;124
2023;10;Actividades;Actividades infantiles;Comunitat Valenciana;Alicante/Alacant;233;732;1551,78;6,66;124
2023;10;Espectaculos;Música;Comunitat Valenciana;Alicante/Alacant;97;289;1380,31;14,23;53
2023;10;Espectaculos;Cultura, teatro y danza;Comunitat Valenciana;Alicante/Alacant;12;38;720;60;4
2023;10;Espectaculos;Música;Comunitat Valenciana;Alicante/Alacant;23;72;350,98;15,26;15
2023;10;Actividades;Deportes y aventuras;Comunitat Valenciana;Alicante/Alacant;135;424;4036,5;29,9;104
2023;10;Actividades;Actividades infantiles;Comunitat Valenciana;Alicante/Alacant;135;424;4036,5;29,9;104
2023;10;Espectaculos;Música;Comunitat Valenciana;Alicante/Alacant;389;1222;7935,6;20,4;163
2023;10;Actividades;Deportes y aventuras;Andalucía;Almería;127;399;2603,5;20,5;86
2023;10;Actividades;Actividades infantiles;Andalucía;Almería;127;399;2603,5;20,5;86
2023;10;Espectaculos;Música;Andalucía;Almería;453;1423;7143,81;15,77;192
2023;10;Actividades;Actividades infantiles;Andalucía;Almería;94;295;1240,8;13,2;30
2023;10;Espectaculos;Música;Andalucía;Almería;947;2975;17974,06;18,98;435
2023;10;Actividades;Deportes y aventuras;Andalucía;Almería;42;132;2184;52;20
2023;10;Espectaculos;Cultura, teatro y danza;Andalucía;Almería;519;1631;8096,4;15,6;186
2023;10;Espectaculos;Música;Andalucía;Almería;179;562;8262,64;46,16;100
2023;10;Actividades;Actividades infantiles;Andalucía;Almería;8;25;80;10;3
2023;10;Espectaculos;Cultura, teatro y danza;Andalucía;Almería;8;25;80;10;3
2023;10;Espectaculos;Cultura, teatro y danza;Andalucía;Almería;270;848;4746,6;17,58;90
2023;10;Espectaculos;Música;Andalucía;Almería;143;449;4089,8;28,6;48
2023;10;Espectaculos;Música;Andalucía;Almería;1;3;13,41;13,41;1
2023;10;Espectaculos;Música;Castilla y León;Ávila;64;201;803,84;12,56;24
2023;10;Espectaculos;Música;Extremadura;Badajoz;329;1034;4092,76;12,44;154
2023;10;Actividades;Deportes y aventuras;Extremadura;Badajoz;71;223;2131,42;30,02;48
2023;10;Espectaculos;Música;Extremadura;Badajoz;7;22;79,66;11,38;2
2023;10;Espectaculos;Cultura, teatro y danza;Extremadura;Badajoz;90;283;270;3;32
2023;10;Espectaculos;Musicales;Extremadura;Badajoz;85;267;1637,95;19,27;22
2023;10;Espectaculos;Música;Extremadura;Badajoz;574;1803;8231,16;14,34;234
2023;10;Actividades;Actividades infantiles;Extremadura;Badajoz;46;145;772,8;16,8;11
2023;10;Espectaculos;Cultura, teatro y danza;Extremadura;Badajoz;85;267;1637,95;19,27;22
2023;10;Espectaculos;Cultura, teatro y danza;Extremadura;Badajoz;112;352;343,84;3,07;57
2023;10;Actividades;Deportes y aventuras;Extremadura;Badajoz;40;126;420;10,5;39
2023;10;Espectaculos;Musicales;Extremadura;Badajoz;258;811;3885,48;15,06;64
2023;10;Actividades;Actividades infantiles;Extremadura;Badajoz;258;811;3885,48;15,06;64
2023;10;Espectaculos;Cultura, teatro y danza;Extremadura;Badajoz;258;811;3885,48;15,06;64
2023;10;Espectaculos;Música;Extremadura;Badajoz;126;396;1517,04;12,04;38
2023;10;Espectaculos;Música;Illes Balears;Illes Balears;14;44;171,08;12,22;10
2023;10;Actividades;Deportes y aventuras;Illes Balears;Illes Balears;159;500;9929,55;62,45;125
2023;10;Actividades;Actividades infantiles;Illes Balears;Illes Balears;38;119;285;7,5;8
2023;10;Espectaculos;Cultura, teatro y danza;Illes Balears;Illes Balears;56;176;525,84;9,39;17
2023;10;Espectaculos;Cultura, teatro y danza;Illes Balears;Illes Balears;28;88;145,04;5,18;16
2023;10;Espectaculos;Música;Illes Balears;Illes Balears;3723;12200;120774,12;32,44;2419
2023;10;Actividades;Actividades infantiles;Illes Balears;Illes Balears;3094;9721;58786;19;1965
2023;10;Espectaculos;Cultura, teatro y danza;Illes Balears;Illes Balears;18;57;55,98;3,11;8
2023;10;Espectaculos;Música;Illes Balears;Illes Balears;64;201;1009,92;15,78;19
2023;10;Espectaculos;Música;Illes Balears;Illes Balears;168;528;2546,88;15,16;100
2023;10;Espectaculos;Música;Illes Balears;Illes Balears;242;761;4222,9;17,45;103
2023;10;Espectaculos;Cultura, teatro y danza;Illes Balears;Illes Balears;48;151;505,44;10,53;24
2023;10;Espectaculos;Música;Illes Balears;Illes Balears;16;50;96;6;11
2023;10;Espectaculos;Música;Illes Balears;Illes Balears;368;1156;3039,68;8,26;195
2023;10;Espectaculos;Música;Illes Balears;Illes Balears;329;1033;3454,5;10,5;182
2023;10;Espectaculos;Música;Illes Balears;Illes Balears;3432;10783;84392,88;24,59;1638
2023;10;Espectaculos;Música;Illes Balears;Illes Balears;16;50;84,32;5,27;7
2023;10;Espectaculos;Música;Illes Balears;Illes Balears;192;603;2820,48;14,69;95
2023;10;Espectaculos;Música;Illes Balears;Illes Balears;96;302;799,68;8,33;44
2023;10;Espectaculos;Cultura, teatro y danza;Illes Balears;Illes Balears;103;324;829,15;8,05;46
2023;10;Espectaculos;Música;Illes Balears;Illes Balears;128;838;1328,64;10,38;56
2023;10;Actividades;Cursos;Illes Balears;Illes Balears;5;16;12,5;2,5;2
2023;10;Espectaculos;Cine;Illes Balears;Illes Balears;6;19;30,54;5,09;4
2023;10;Espectaculos;Música;Illes Balears;Illes Balears;685;2007;6576;9,6;350
2023;10;Actividades;Deportes y aventuras;Illes Balears;Illes Balears;778;2444;15412,18;19,81;440
2023;10;Actividades;Actividades infantiles;Illes Balears;Illes Balears;38;120;246,62;6,49;13
2023;10;Espectaculos;Cultura, teatro y danza;Illes Balears;Illes Balears;48;151;403,68;8,41;17
2023;10;Espectaculos;Cine;Illes Balears;Illes Balears;35;110;253,75;7,25;21
2023;10;Espectaculos;Cultura, teatro y danza;Illes Balears;Illes Balears;33;104;512,82;15,54;17
2023;10;Espectaculos;Música;Illes Balears;Illes Balears;1013;3183;13807,19;13,63;693
2023;10;Espectaculos;Cultura, teatro y danza;Illes Balears;Illes Balears;190;597;3972,9;20,91;70
2023;10;Espectaculos;Conferencias;Illes Balears;Illes Balears;1;3;25;25;1
2023;10;Actividades;Cursos;Illes Balears;Illes Balears;146;459;11900,46;81,51;57
2023;10;Espectaculos;Cine;Illes Balears;Illes Balears;140;450;726,6;5,19;75
2023;10;Espectaculos;Musicales;Illes Balears;Illes Balears;37;116;895,03;24,19;20
2023;10;Espectaculos;Ferias;Illes Balears;Illes Balears;1;3;25;25;1
2023;10;Espectaculos;Música;Illes Balears;Illes Balears;15242;47641;292265,35;19,175;9903
2023;10;Actividades;Deportes y aventuras;Illes Balears;Illes Balears;585;1838;7885,8;13,48;266
2023;10;Actividades;Actividades infantiles;Illes Balears;Illes Balears;99;311;1058,31;10,69;36
2023;10;Espectaculos;Cultura, teatro y danza;Illes Balears;Illes Balears;678;2930;10868,34;16,03;333
2023;10;Actividades;Gastronomía;Illes Balears;Illes Balears;140;440;5633,6;40,24;47
2023;10;Espectaculos;Música;Illes Balears;Illes Balears;361;1061;5212,84;14,44;129
2023;10;Espectaculos;Cultura, teatro y danza;Illes Balears;Illes Balears;540;1697;6188,4;11,46;171
2023;10;Espectaculos;Música;Illes Balears;Illes Balears;5;16;74,6;14,92;5
2023;10;Espectaculos;Cultura, teatro y danza;Illes Balears;Illes Balears;821;2580;6600,84;8,04;351
2023;10;Espectaculos;Museo y exposiciones;Illes Balears;Illes Balears;2;6;20,72;10,36;1
2023;10;Actividades;Cursos;Illes Balears;Illes Balears;2;6;10;5;1
2023;10;Espectaculos;Música;Illes Balears;Illes Balears;78;245;1650,48;21,16;37
2023;10;Espectaculos;Cultura, teatro y danza;Illes Balears;Illes Balears;25;79;126;5,04;10
2023;10;Espectaculos;Conferencias;Illes Balears;Illes Balears;2;6;41,46;20,73;2
2023;10;Actividades;Cursos;Illes Balears;Illes Balears;38;339;118,18;3,11;22
2023;10;Espectaculos;Música;Illes Balears;Illes Balears;240;716;4262,4;17,76;132
2023;10;Espectaculos;Cultura, teatro y danza;Illes Balears;Illes Balears;141;531;950,34;6,74;66
2023;10;Espectaculos;Música;Illes Balears;Illes Balears;173;544;2705,72;15,64;85
2023;10;Actividades;Cursos;Illes Balears;Illes Balears;4;13;20;5;1
2023;10;Espectaculos;Música;Illes Balears;Illes Balears;91;286;1137,5;12,5;33
2023;10;Actividades;Actividades infantiles;Illes Balears;Illes Balears;76;238;668,8;8,8;20
2023;10;Espectaculos;Cultura, teatro y danza;Illes Balears;Illes Balears;723;2061;6268,41;8,67;260
2023;10;Espectaculos;Musicales;Illes Balears;Illes Balears;35;110;220,15;6,29;18
2023;10;Espectaculos;Música;Illes Balears;Illes Balears;231;726;2972,97;12,87;125
2023;10;Actividades;Actividades infantiles;Illes Balears;Illes Balears;69;217;616,17;8,93;22
2023;10;Espectaculos;Cultura, teatro y danza;Illes Balears;Illes Balears;100;314;560;5,6;39
2023;10;Espectaculos;Musicales;Illes Balears;Illes Balears;22;69;123,42;5,61;10
2023;10;Espectaculos;Música;Illes Balears;Illes Balears;51;161;333,03;6,53;31
2023;10;Espectaculos;Cultura, teatro y danza;Illes Balears;Illes Balears;25;78;264,25;10,57;12
2023;10;Espectaculos;Cultura, teatro y danza;Illes Balears;Illes Balears;32;100;164,8;5,15;17
2023;10;Espectaculos;Música;Illes Balears;Illes Balears;108;339;2801,52;25,94;50
2023;10;Espectaculos;Cultura, teatro y danza;Illes Balears;Illes Balears;6;19;31,08;5,18;4
2023;10;Espectaculos;Museo y exposiciones;Illes Balears;Illes Balears;6;19;31,08;5,18;4
2023;10;Actividades;Actividades infantiles;Illes Balears;Illes Balears;1215;3817;10181,7;8,38;296
2023;10;Espectaculos;Cultura, teatro y danza;Illes Balears;Illes Balears;1215;3817;10181,7;8,38;296
2023;10;Espectaculos;Música;Cataluña;Barcelona;456;1432;6507,12;14,27;278
2023;10;Espectaculos;Conferencias;Cataluña;Barcelona;12;38;78,6;6,55;9
2023;10;Actividades;Cursos;Cataluña;Barcelona;142;607;5102,06;35,93;116
2023;10;Espectaculos;Cine;Cataluña;Barcelona;179;2873;1408,73;7,87;126
2023;10;Espectaculos;Musicales;Cataluña;Barcelona;1006;3161;17544,64;17,44;356
2023;10;Espectaculos;Música;Cataluña;Barcelona;18048;52816;229209,6;12,7;10934
2023;10;Actividades;Deportes y aventuras;Cataluña;Barcelona;853;2680;11489,91;13,47;416
2023;10;Actividades;Actividades infantiles;Cataluña;Barcelona;1466;4208;14806,6;10,1;547
2023;10;Espectaculos;Cultura, teatro y danza;Cataluña;Barcelona;5443;19152;66894,47;12,29;2656
2023;10;Espectaculos;Museo y exposiciones;Cataluña;Barcelona;111;349;1340,88;12,08;45
2023;10;Actividades;Gastronomía;Cataluña;Barcelona;272;786;3435,36;12,63;187
2023;10;Espectaculos;Musicales;Cataluña;Barcelona;357;1122;4112,64;11,52;128
2023;10;Espectaculos;Cultura, teatro y danza;Cataluña;Barcelona;357;1122;4112,64;11,52;128
2023;10;Espectaculos;Música;Cataluña;Barcelona;2;6;28;14;1
2023;10;Espectaculos;Música;Cataluña;Barcelona;4;13;48;12;4
2023;10;Actividades;Actividades infantiles;Cataluña;Barcelona;72;226;261,36;3,63;55
2023;10;Espectaculos;Música;Cataluña;Barcelona;3;9;54;18;3
2023;10;Actividades;Deportes y aventuras;Cataluña;Barcelona;22;69;444,62;20,21;11
2023;10;Actividades;Deportes y aventuras;Cataluña;Barcelona;21;66;643,44;30,64;18
2023;10;Actividades;Deportes y aventuras;Cataluña;Barcelona;10;31;250;25;9
2023;10;Espectaculos;Música;Cataluña;Barcelona;74;233;446,22;6,03;41
2023;10;Espectaculos;Cultura, teatro y danza;Cataluña;Barcelona;78;245;833,04;10,68;32
2023;10;Espectaculos;Música;Cataluña;Barcelona;1544;4851;23561,44;15,26;985
2023;10;Espectaculos;Cultura, teatro y danza;Cataluña;Barcelona;14;267;106,54;7,61;11
2023;10;Espectaculos;Música;Cataluña;Barcelona;4;13;32,8;8,2;2
2023;10;Espectaculos;Música;Cataluña;Barcelona;6;19;91,74;15,29;4
2023;10;Actividades;Actividades infantiles;Cataluña;Barcelona;30;94;90,6;3,02;11
2023;10;Espectaculos;Cultura, teatro y danza;Cataluña;Barcelona;30;94;90,6;3,02;11
2023;10;Espectaculos;Música;Cataluña;Barcelona;54;170;1458;27;38
2023;10;Espectaculos;Música;Cataluña;Barcelona;1;3;275;275;1
2023;10;Espectaculos;Música;Cataluña;Barcelona;9;28;90;10;6
2023;10;Actividades;Actividades infantiles;Cataluña;Barcelona;1636;5140;12793,52;7,82;464
2023;10;Actividades;Actividades infantiles;Cataluña;Barcelona;92;289;793,04;8,62;62
2023;10;Actividades;Cursos;Cataluña;Barcelona;1;3;121;121;1
2023;10;Actividades;Actividades infantiles;Cataluña;Barcelona;1;3;121;121;1
2023;10;Actividades;Gastronomía;Cataluña;Barcelona;1;3;121;121;1
2023;10;Espectaculos;Música;Cataluña;Barcelona;118;371;2360;20;68
2023;10;Espectaculos;Música;Cataluña;Barcelona;6;19;31,02;5,17;4
2023;10;Espectaculos;Cultura, teatro y danza;Cataluña;Barcelona;48;151;424,32;8,84;27
2023;10;Espectaculos;Música;Cataluña;Barcelona;445;1398;4494,5;10,1;210
2023;10;Espectaculos;Cultura, teatro y danza;Cataluña;Barcelona;153;481;2452,59;16,03;67
2023;10;Espectaculos;Música;Cataluña;Barcelona;140;440;1302;9,3;92
2023;10;Espectaculos;Música;Cataluña;Barcelona;5;117;56,2;11,24;3
2023;10;Espectaculos;Cultura, teatro y danza;Cataluña;Barcelona;71;223;856,26;12,06;37
2023;10;Espectaculos;Música;Cataluña;Barcelona;222;698;2972,58;13,39;147
2023;10;Espectaculos;Música;Cataluña;Barcelona;48;151;761,76;15,87;27
2023;10;Espectaculos;Música;Cataluña;Barcelona;2;6;10;5;1
2023;10;Actividades;Deportes y aventuras;Cataluña;Barcelona;642;2017;7716,84;12,02;288
2023;10;Actividades;Actividades infantiles;Cataluña;Barcelona;642;2017;7716,84;12,02;288
2023;10;Espectaculos;Música;Cataluña;Barcelona;140;440;2468,2;17,63;99
2023;10;Actividades;Deportes y aventuras;Cataluña;Barcelona;20;63;295;14,75;9
2023;10;Actividades;Actividades infantiles;Cataluña;Barcelona;41;129;227,14;5,54;15
2023;10;Espectaculos;Cultura, teatro y danza;Cataluña;Barcelona;68;227;673,2;9,9;29
2023;10;Actividades;Gastronomía;Cataluña;Barcelona;41;129;227,14;5,54;15
2023;10;Espectaculos;Música;Cataluña;Barcelona;38;119;300,96;7,92;21
2023;10;Espectaculos;Cultura, teatro y danza;Cataluña;Barcelona;33;104;151,47;4,59;15
2023;10;Espectaculos;Museo y exposiciones;Cataluña;Barcelona;22;69;108,9;4,95;10
2023;10;Espectaculos;Música;Cataluña;Barcelona;11;35;287,87;26,17;5
2023;10;Espectaculos;Música;Cataluña;Barcelona;37;116;337,81;9,13;15
2023;10;Espectaculos;Cultura, teatro y danza;Cataluña;Barcelona;49;154;833;17;17
2023;10;Espectaculos;Música;Cataluña;Barcelona;108;339;7349,4;68,05;83
2023;10;Actividades;Actividades infantiles;Cataluña;Barcelona;108;339;7349,4;68,05;83
2023;10;Espectaculos;Música;Cataluña;Barcelona;62;195;818,4;13,2;27
2023;10;Espectaculos;Cine;Cataluña;Barcelona;3;9;30;10;1
2023;10;Espectaculos;Musicales;Cataluña;Barcelona;354;1112;3639,12;10,28;199
2023;10;Actividades;Deportes y aventuras;Cataluña;Barcelona;1225;3849;17101;13,96;631
2023;10;Actividades;Actividades infantiles;Cataluña;Barcelona;1225;3849;17101;13,96;631
2023;10;Espectaculos;Cultura, teatro y danza;Cataluña;Barcelona;436;1370;4556,2;10,45;241
2023;10;Espectaculos;Cultura, teatro y danza;Cataluña;Barcelona;44;138;518,76;11,79;26
2023;10;Espectaculos;Música;Cataluña;Barcelona;440;1382;5134,8;11,67;223
2023;10;Actividades;Deportes y aventuras;Cataluña;Barcelona;13;41;720,98;55,46;7
2023;10;Actividades;Actividades infantiles;Cataluña;Barcelona;8;25;40,48;5,06;3
2023;10;Espectaculos;Cultura, teatro y danza;Cataluña;Barcelona;41;123;402,21;9,81;17
2023;10;Actividades;Gastronomía;Cataluña;Barcelona;113;355;1245,26;11,02;61
2023;10;Actividades;Cursos;Cataluña;Barcelona;5;16;247;49,4;5
2023;10;Espectaculos;Música;Cataluña;Barcelona;275;892;1625,25;5,91;192
2023;10;Espectaculos;Música;Cataluña;Barcelona;355;1115;8889,2;25,04;267
2023;10;Espectaculos;Música;Cataluña;Barcelona;820;2576;5018,4;6,12;533
2023;10;Espectaculos;Música;Castilla y León;Burgos;127;399;2062,48;16,24;61
2023;10;Espectaculos;Cultura, teatro y danza;Castilla y León;Burgos;3;9;30;10;2
2023;10;Espectaculos;Música;Castilla y León;Burgos;2;6;40;20;1
2023;10;Espectaculos;Música;Castilla y León;Burgos;113;355;1610,25;14,25;59
2023;10;Actividades;Cursos;Extremadura;Cáceres;1;3;10;10;1
2023;10;Espectaculos;Música;Extremadura;Cáceres;119;358;1284,01;10,79;63
2023;10;Actividades;Deportes y aventuras;Extremadura;Cáceres;155;655;1872,4;12,08;140
2023;10;Espectaculos;Música;Extremadura;Cáceres;5;16;51;10,2;3
2023;10;Espectaculos;Música;Extremadura;Cáceres;50;157;557;11,14;22
2023;10;Actividades;Actividades infantiles;Extremadura;Cáceres;12;38;60;5;3
2023;10;Espectaculos;Cultura, teatro y danza;Extremadura;Cáceres;17;53;141,61;8,33;6
2023;10;Espectaculos;Musicales;Extremadura;Cáceres;37;116;773,3;20,9;8
2023;10;Espectaculos;Música;Extremadura;Cáceres;2;6;32,76;16,38;1
2023;10;Actividades;Actividades infantiles;Extremadura;Cáceres;34;107;598,4;17,6;7
2023;10;Espectaculos;Cultura, teatro y danza;Extremadura;Cáceres;37;116;773,3;20,9;8
2023;10;Actividades;Deportes y aventuras;Extremadura;Cáceres;3;9;73,68;24,56;1
2023;10;Actividades;Actividades infantiles;Extremadura;Cáceres;3;9;73,68;24,56;1
2023;10;Espectaculos;Música;Extremadura;Cáceres;14;44;127,54;9,11;9
2023;10;Espectaculos;Música;Andalucía;Cádiz;44;138;518,76;11,79;21
2023;10;Espectaculos;Cultura, teatro y danza;Andalucía;Cádiz;40;126;486;12,15;29
2023;10;Actividades;Cursos;Andalucía;Cádiz;1;3;92,86;92,86;1
2023;10;Espectaculos;Música;Andalucía;Cádiz;551;1731;6099,57;11,07;271
2023;10;Espectaculos;Cultura, teatro y danza;Andalucía;Cádiz;8;25;101,68;12,71;4
2023;10;Espectaculos;Conferencias;Andalucía;Cádiz;5;16;150;30;1
2023;10;Espectaculos;Ferias;Andalucía;Cádiz;5;16;150;30;1
2023;10;Espectaculos;Música;Andalucía;Cádiz;193;606;1982,11;10,27;127
2023;10;Actividades;Deportes y aventuras;Andalucía;Cádiz;368;1156;3952,32;10,74;166
2023;10;Actividades;Actividades infantiles;Andalucía;Cádiz;368;1156;3952,32;10,74;166
2023;10;Actividades;Deportes y aventuras;Andalucía;Cádiz;112;352;1757,28;15,69;50
2023;10;Actividades;Actividades infantiles;Andalucía;Cádiz;112;352;1757,28;15,69;50
2023;10;Espectaculos;Música;Andalucía;Cádiz;90;283;1383,3;15,37;48
2023;10;Espectaculos;Música;Andalucía;Cádiz;611;1750;6128,33;10,03;403
2023;10;Espectaculos;Música;Andalucía;Cádiz;23;72;508,3;22,1;14
2023;10;Espectaculos;Música;Andalucía;Cádiz;27;85;274,32;10,16;13
2023;10;Espectaculos;Cultura, teatro y danza;Andalucía;Cádiz;21;66;210;10;9
2023;10;Espectaculos;Música;Andalucía;Cádiz;56;176;1082,48;19,33;29
2023;10;Espectaculos;Música;Comunitat Valenciana;Castellón/Castelló;85;267;1034,45;12,17;45
2023;10;Espectaculos;Musicales;Comunitat Valenciana;Castellón/Castelló;35;110;525;15;7
2023;10;Espectaculos;Música;Comunitat Valenciana;Castellón/Castelló;623;1958;8871,52;14,24;353
2023;10;Actividades;Actividades infantiles;Comunitat Valenciana;Castellón/Castelló;35;110;525;15;7
2023;10;Espectaculos;Cultura, teatro y danza;Comunitat Valenciana;Castellón/Castelló;35;110;525;15;7
2023;10;Espectaculos;Música;Comunitat Valenciana;Castellón/Castelló;10;31;165;16,5;5
2023;10;Espectaculos;Cultura, teatro y danza;Comunitat Valenciana;Castellón/Castelló;249;782;1959,63;7,87;90
2023;10;Espectaculos;Música;Castilla - La Mancha;Ciudad Real;158;496;1929,18;12,21;66
2023;10;Espectaculos;Conferencias;Castilla - La Mancha;Ciudad Real;7;22;420;60;5
2023;10;Espectaculos;Música;Castilla - La Mancha;Ciudad Real;252;792;3603,6;14,3;126
2023;10;Actividades;Deportes y aventuras;Castilla - La Mancha;Ciudad Real;45;141;811,8;18,04;28
2023;10;Actividades;Actividades infantiles;Castilla - La Mancha;Ciudad Real;44;138;290,84;6,61;18
2023;10;Espectaculos;Cultura, teatro y danza;Castilla - La Mancha;Ciudad Real;50;157;351,5;7,03;20
2023;10;Espectaculos;Música;Castilla - La Mancha;Ciudad Real;207;650;2397,06;11,58;82
2023;10;Espectaculos;Música;Castilla - La Mancha;Ciudad Real;52;163;829,4;15,95;23
2023;10;Espectaculos;Música;Andalucía;Córdoba;432;1357;5266,08;12,19;212
2023;10;Actividades;Actividades infantiles;Andalucía;Córdoba;71;223;825,02;11,62;19
2023;10;Espectaculos;Cultura, teatro y danza;Andalucía;Córdoba;922;2897;12400,9;13,45;317
2023;10;Espectaculos;Música;Andalucía;Córdoba;23;72;843,41;36,67;18
2023;10;Actividades;Actividades infantiles;Andalucía;Córdoba;23;72;843,41;36,67;18
2023;10;Espectaculos;Música;Andalucía;Córdoba;68;214;1703,4;25,05;39
2023;10;Espectaculos;Música;Galicia;A Coruña;31;97;366,11;11,81;21
2023;10;Espectaculos;Cine;Galicia;A Coruña;14;44;756,42;54,03;11
2023;10;Espectaculos;Musicales;Galicia;A Coruña;47;148;339,34;7,22;17
2023;10;Espectaculos;Música;Galicia;A Coruña;723;2272;9232,71;12,77;430
2023;10;Actividades;Actividades infantiles;Galicia;A Coruña;217;682;1566,74;7,22;72
2023;10;Espectaculos;Cultura, teatro y danza;Galicia;A Coruña;217;682;1566,74;7,22;72
2023;10;Espectaculos;Música;Galicia;A Coruña;25;79;168,5;6,74;18
2023;10;Actividades;Cursos;Galicia;A Coruña;7;22;507,78;72,54;5
2023;10;Espectaculos;Música;Galicia;A Coruña;562;1766;5041,14;8,97;438
2023;10;Espectaculos;Música;Galicia;A Coruña;10;31;300;30;8
2023;10;Actividades;Gastronomía;Galicia;A Coruña;10;31;300;30;8
2023;10;Espectaculos;Música;Galicia;A Coruña;290;911;4123,8;14,22;190
2023;10;Espectaculos;Música;Castilla - La Mancha;Cuenca;184;578;1580,56;8,59;90
2023;10;Espectaculos;Cine;Castilla - La Mancha;Cuenca;10;31;50;5;3
2023;10;Espectaculos;Cultura, teatro y danza;Castilla - La Mancha;Cuenca;7;22;90,72;12,96;1
2023;10;Espectaculos;Cine;Cataluña;Girona;4;13;20;5;1
2023;10;Actividades;Deportes y aventuras;Cataluña;Girona;1;3;5;5;1
2023;10;Espectaculos;Música;Cataluña;Girona;147;462;2287,32;15,56;64
2023;10;Actividades;Actividades infantiles;Cataluña;Girona;19;60;479,94;25,26;10
2023;10;Actividades;Gastronomía;Cataluña;Girona;62;195;626,2;10,1;22
2023;10;Espectaculos;Música;Cataluña;Girona;33;104;496,65;15,05;15
2023;10;Espectaculos;Música;Cataluña;Girona;31;97;248,31;8,01;13
2023;10;Espectaculos;Música;Cataluña;Girona;9;28;135;15;5
2023;10;Actividades;Cursos;Cataluña;Girona;3;9;59,76;19,92;2
2023;10;Espectaculos;Música;Cataluña;Girona;384;1207;5160,96;13,44;171
2023;10;Espectaculos;Música;Cataluña;Girona;266;2153;2053,52;7,72;130
2023;10;Espectaculos;Música;Cataluña;Girona;1;3;12;12;1
2023;10;Espectaculos;Cultura, teatro y danza;Cataluña;Girona;4;13;79,2;19,8;3
2023;10;Espectaculos;Cine;Cataluña;Girona;19;60;76;4;10
2023;10;Espectaculos;Música;Cataluña;Girona;30;94;377,7;12,59;18
2023;10;Espectaculos;Cultura, teatro y danza;Cataluña;Girona;130;408;1118;8,6;66
2023;10;Espectaculos;Música;Cataluña;Girona;48;151;721,44;15,03;23
2023;10;Espectaculos;Música;Cataluña;Girona;17;53;420,24;24,72;9
2023;10;Espectaculos;Música;Cataluña;Girona;79;248;1229,24;15,56;36
2023;10;Espectaculos;Música;Cataluña;Girona;41;129;615;15;21
2023;10;Espectaculos;Cine;Cataluña;Girona;62;195;310;5;29
2023;10;Espectaculos;Música;Cataluña;Girona;36;113;180;5;21
2023;10;Espectaculos;Cultura, teatro y danza;Cataluña;Girona;18;57;90,72;5,04;13
2023;10;Actividades;Actividades infantiles;Cataluña;Girona;11;35;55;5;5
2023;10;Espectaculos;Cultura, teatro y danza;Cataluña;Girona;11;35;55;5;5
2023;10;Espectaculos;Cultura, teatro y danza;Cataluña;Girona;1;3;35;35;1
2023;10;Espectaculos;Música;Andalucía;Granada;186;584;2557,5;13,75;80
2023;10;Espectaculos;Cultura, teatro y danza;Andalucía;Granada;14;44;184,8;13,2;3
2023;10;Espectaculos;Música;Andalucía;Granada;39;123;788,58;20,22;20
2023;10;Actividades;Deportes y aventuras;Andalucía;Granada;5;16;364;72,8;4
2023;10;Espectaculos;Música;Andalucía;Granada;2;6;30;15;1
2023;10;Espectaculos;Musicales;Andalucía;Granada;55;173;428,45;7,79;21
2023;10;Espectaculos;Música;Andalucía;Granada;1740;6305;21558,6;12,39;1005
2023;10;Actividades;Actividades infantiles;Andalucía;Granada;10;31;139,6;13,96;5
2023;10;Espectaculos;Cultura, teatro y danza;Andalucía;Granada;623;1793;4890,55;7,85;318
2023;10;Actividades;Deportes y aventuras;Andalucía;Granada;21;66;663,18;31,58;15
2023;10;Espectaculos;Música;Andalucía;Granada;49;154;1741,46;35,54;32
2023;10;Actividades;Cursos;Andalucía;Granada;7;22;84;12;4
2023;10;Espectaculos;Música;Andalucía;Granada;21;66;108,36;5,16;13
2023;10;Actividades;Deportes y aventuras;Castilla - La Mancha;Guadalajara;352;1106;1386,88;3,94;102
2023;10;Actividades;Actividades infantiles;Castilla - La Mancha;Guadalajara;352;1106;1386,88;3,94;102
2023;10;Espectaculos;Música;Castilla - La Mancha;Guadalajara;13;41;198,9;15,3;8
2023;10;Espectaculos;Música;Castilla - La Mancha;Guadalajara;1;3;49,5;49,5;1
2023;10;Actividades;Deportes y aventuras;Castilla - La Mancha;Guadalajara;31;97;1448,94;46,74;24
2023;10;Actividades;Actividades infantiles;Castilla - La Mancha;Guadalajara;31;97;1448,94;46,74;24
2023;10;Espectaculos;Música;País Vasco;Gipuzkoa;109;342;1091,09;10,01;40
2023;10;Espectaculos;Cultura, teatro y danza;País Vasco;Gipuzkoa;186;584;993,24;5,34;61
2023;10;Actividades;Cursos;País Vasco;Gipuzkoa;1;3;60;60;1
2023;10;Espectaculos;Cine;País Vasco;Gipuzkoa;334;1011;1058,78;3,17;164
2023;10;Espectaculos;Música;País Vasco;Gipuzkoa;1247;3918;15811,96;12,68;646
2023;10;Actividades;Actividades infantiles;País Vasco;Gipuzkoa;261;746;1388,52;5,32;86
2023;10;Espectaculos;Cultura, teatro y danza;País Vasco;Gipuzkoa;328;989;2492,8;7,6;149
2023;10;Espectaculos;Cultura, teatro y danza;País Vasco;Gipuzkoa;73;229;219;3;45
2023;10;Espectaculos;Cine;País Vasco;Gipuzkoa;18;511;54;3;10
2023;10;Espectaculos;Música;País Vasco;Gipuzkoa;23;72;186,3;8,1;10
2023;10;Actividades;Actividades infantiles;País Vasco;Gipuzkoa;59;185;207,09;3,51;20
2023;10;Espectaculos;Cultura, teatro y danza;País Vasco;Gipuzkoa;3;9;10,5;3,5;1
2023;10;Espectaculos;Música;País Vasco;Gipuzkoa;165;518;4567,2;27,68;81
2023;10;Espectaculos;Cine;País Vasco;Gipuzkoa;38;196;228;6;24
2023;10;Espectaculos;Música;País Vasco;Gipuzkoa;75;219;611,25;8,15;38
2023;10;Actividades;Actividades infantiles;País Vasco;Gipuzkoa;6;19;61,8;10,3;3
2023;10;Espectaculos;Música;País Vasco;Gipuzkoa;8;25;67,04;8,38;3
2023;10;Espectaculos;Música;Andalucía;Huelva;9;28;90;10;6
2023;10;Espectaculos;Música;Aragón;Huesca;448;1408;6630,4;14,8;356
2023;10;Espectaculos;Música;Aragón;Huesca;179;562;2006,59;11,21;139
2023;10;Espectaculos;Música;Aragón;Huesca;169;531;2695,55;15,95;66
2023;10;Espectaculos;Música;Aragón;Huesca;12;38;123,72;10,31;7
2023;10;Espectaculos;Música;Andalucía;Jaén;57;179;575,7;10,1;29
2023;10;Espectaculos;Música;Andalucía;Jaén;94;295;2354,7;25,05;64
2023;10;Espectaculos;Cine;Andalucía;Jaén;21;66;133,35;6,35;12
2023;10;Espectaculos;Música;Andalucía;Jaén;149;468;2199,24;14,76;72
2023;10;Espectaculos;Música;Andalucía;Jaén;99;311;1548,36;15,64;38
2023;10;Actividades;Deportes y aventuras;Andalucía;Jaén;182;572;2622,62;14,41;89
2023;10;Actividades;Actividades infantiles;Andalucía;Jaén;182;572;2622,62;14,41;89
2023;10;Actividades;Deportes y aventuras;Andalucía;Jaén;117;368;579,15;4,95;42
2023;10;Actividades;Actividades infantiles;Andalucía;Jaén;117;368;579,15;4,95;42
2023;10;Espectaculos;Cultura, teatro y danza;Andalucía;Jaén;10;31;48,4;4,84;1
2023;10;Espectaculos;Conferencias;Castilla y León;León;35;1080;117,95;3,37;31
2023;10;Espectaculos;Ferias;Castilla y León;León;35;1069;117,95;3,37;31
2023;10;Espectaculos;Música;Castilla y León;León;156;490;1795,56;11,51;82
2023;10;Espectaculos;Música;Castilla y León;León;76;239;1083;14,25;34
2023;10;Espectaculos;Música;Cataluña;Lleida;9;28;136,17;15,13;9
2023;10;Espectaculos;Música;Cataluña;Lleida;488;1533;5045,92;10,34;373
2023;10;Espectaculos;Música;Cataluña;Lleida;380;1194;2359,8;6,21;256
2023;10;Espectaculos;Música;Cataluña;Lleida;4;13;56;14;2
2023;10;Espectaculos;Música;Cataluña;Lleida;436;1370;5362,8;12,3;242
2023;10;Espectaculos;Música;Cataluña;Lleida;327;1027;3335,4;10,2;146
2023;10;Espectaculos;Música;Cataluña;Lleida;22;69;221,1;10,05;17
2023;10;Espectaculos;Cultura, teatro y danza;Cataluña;Lleida;331;1182;2240,87;6,77;123
2023;10;Espectaculos;Música;La Rioja;La Rioja;6;19;63;10,5;2
2023;10;Espectaculos;Conferencias;La Rioja;La Rioja;87;273;2776,17;31,91;74
2023;10;Espectaculos;Musicales;La Rioja;La Rioja;23;72;379,5;16,5;6
2023;10;Espectaculos;Ferias;La Rioja;La Rioja;87;273;2776,17;31,91;74
2023;10;Espectaculos;Música;La Rioja;La Rioja;103;324;1573,84;15,28;47
2023;10;Actividades;Actividades infantiles;La Rioja;La Rioja;23;72;379,5;16,5;6
2023;10;Espectaculos;Cultura, teatro y danza;La Rioja;La Rioja;32;100;616;19,25;9
2023;10;Espectaculos;Música;La Rioja;La Rioja;117;368;4095;35;53
2023;10;Espectaculos;Música;Galicia;Lugo;82;258;951,2;11,6;38
2023;10;Espectaculos;Cultura, teatro y danza;Galicia;Lugo;20;63;364,4;18,22;11
2023;10;Espectaculos;Musicales;Galicia;Lugo;84;264;1365;16,25;22
2023;10;Actividades;Actividades infantiles;Galicia;Lugo;84;264;1365;16,25;22
2023;10;Espectaculos;Cultura, teatro y danza;Galicia;Lugo;84;264;1365;16,25;22
2023;10;Espectaculos;Música;Galicia;Lugo;15;47;150;10;7
2023;10;Espectaculos;Musicales;Galicia;Lugo;71;223;1131,74;15,94;25
2023;10;Actividades;Actividades infantiles;Galicia;Lugo;71;223;1131,74;15,94;25
2023;10;Espectaculos;Cultura, teatro y danza;Galicia;Lugo;71;223;1131,74;15,94;25
2023;10;Espectaculos;Musicales;Comunidad de Madrid;Madrid;39;123;431,34;11,06;14
2023;10;Espectaculos;Música;Comunidad de Madrid;Madrid;303;952;2596,71;8,57;158
2023;10;Actividades;Actividades infantiles;Comunidad de Madrid;Madrid;110;346;770;7;38
2023;10;Espectaculos;Cultura, teatro y danza;Comunidad de Madrid;Madrid;213;669;2370,69;11,13;85
2023;10;Actividades;Gastronomía;Comunidad de Madrid;Madrid;3;9;29,46;9,82;1
2023;10;Espectaculos;Cultura, teatro y danza;Comunidad de Madrid;Madrid;34;107;171,02;5,03;14
2023;10;Espectaculos;Música;Comunidad de Madrid;Madrid;466;1464;3830,52;8,22;185
2023;10;Espectaculos;Música;Comunidad de Madrid;Madrid;121;380;969,21;8,01;44
2023;10;Actividades;Actividades infantiles;Comunidad de Madrid;Madrid;121;380;969,21;8,01;44
2023;10;Espectaculos;Conferencias;Comunidad de Madrid;Madrid;1;3;149,82;149,82;1
2023;10;Espectaculos;Ferias;Comunidad de Madrid;Madrid;1;3;149,82;149,82;1
2023;10;Espectaculos;Cultura, teatro y danza;Comunidad de Madrid;Madrid;1;3;5;5;1
2023;10;Espectaculos;Música;Comunidad de Madrid;Madrid;13;41;156;12;11
2023;10;Espectaculos;Cultura, teatro y danza;Comunidad de Madrid;Madrid;80;251;480,8;6,01;27
2023;10;Espectaculos;Cultura, teatro y danza;Comunidad de Madrid;Madrid;29;91;196,04;6,76;12
2023;10;Espectaculos;Música;Comunidad de Madrid;Madrid;3;9;21,9;7,3;2
2023;10;Espectaculos;Musicales;Comunidad de Madrid;Madrid;32;101;171,2;5,35;10
2023;10;Actividades;Actividades infantiles;Comunidad de Madrid;Madrid;35;325;163,45;4,67;11
2023;10;Espectaculos;Cultura, teatro y danza;Comunidad de Madrid;Madrid;57;179;330,6;5,8;22
2023;10;Espectaculos;Música;Comunidad de Madrid;Madrid;46;2329;856,98;18,63;22
2023;10;Espectaculos;Cultura, teatro y danza;Comunidad de Madrid;Madrid;291;1054;1376,43;4,73;115
2023;10;Espectaculos;Conferencias;Comunidad de Madrid;Madrid;320;2671;24736;77,3;271
2023;10;Actividades;Cursos;Comunidad de Madrid;Madrid;476;2188;31568,32;66,32;461
2023;10;Espectaculos;Cine;Comunidad de Madrid;Madrid;13;41;120,25;9,25;10
2023;10;Espectaculos;Musicales;Comunidad de Madrid;Madrid;234;735;2667,6;11,4;107
2023;10;Espectaculos;Ferias;Comunidad de Madrid;Madrid;320;2164;24736;77,3;271
2023;10;Espectaculos;Música;Comunidad de Madrid;Madrid;32367;98326;425949,72;13,16;18240
2023;10;Actividades;Actividades infantiles;Comunidad de Madrid;Madrid;440;1247;6036,8;13,72;157
2023;10;Espectaculos;Cultura, teatro y danza;Comunidad de Madrid;Madrid;3208;10701;47638,8;14,85;1698
2023;10;Actividades;Gastronomía;Comunidad de Madrid;Madrid;292;917;7548,2;25,85;118
2023;10;Espectaculos;Música;Comunidad de Madrid;Madrid;62;195;624,96;10,08;31
2023;10;Espectaculos;Cultura, teatro y danza;Comunidad de Madrid;Madrid;44;138;660;15;27
2023;10;Espectaculos;Musicales;Comunidad de Madrid;Madrid;194;610;952,54;4,91;54
2023;10;Espectaculos;Cultura, teatro y danza;Comunidad de Madrid;Madrid;194;610;952,54;4,91;54
2023;10;Espectaculos;Música;Comunidad de Madrid;Madrid;22;69;176,66;8,03;14
2023;10;Espectaculos;Musicales;Comunidad de Madrid;Madrid;284;892;2842,84;10,01;88
2023;10;Actividades;Actividades infantiles;Comunidad de Madrid;Madrid;284;892;2842,84;10,01;88
2023;10;Espectaculos;Cultura, teatro y danza;Comunidad de Madrid;Madrid;284;892;2842,84;10,01;88
2023;10;Actividades;Cursos;Comunidad de Madrid;Madrid;228;716;6710,04;29,43;226
2023;10;Actividades;Actividades infantiles;Comunidad de Madrid;Madrid;228;716;6710,04;29,43;226
2023;10;Espectaculos;Música;Comunidad de Madrid;Madrid;8;25;188;23,5;8
2023;10;Actividades;Actividades infantiles;Comunidad de Madrid;Madrid;8;25;188;23,5;8
2023;10;Espectaculos;Música;Comunidad de Madrid;Madrid;209;657;1870,55;8,95;111
2023;10;Espectaculos;Música;Comunidad de Madrid;Madrid;571;1794;6126,83;10,73;244
2023;10;Actividades;Actividades infantiles;Comunidad de Madrid;Madrid;38;119;338,96;8,92;10
2023;10;Espectaculos;Cultura, teatro y danza;Comunidad de Madrid;Madrid;80;251;964;12,05;24
2023;10;Espectaculos;Música;Comunidad de Madrid;Madrid;19;60;133;7;4
2023;10;Actividades;Actividades infantiles;Comunidad de Madrid;Madrid;1;3;29,9;29,9;1
2023;10;Espectaculos;Cultura, teatro y danza;Comunidad de Madrid;Madrid;1;3;29,9;29,9;1
2023;10;Espectaculos;Música;Comunidad de Madrid;Madrid;53;167;677,34;12,78;35
2023;10;Espectaculos;Musicales;Comunidad de Madrid;Madrid;6;19;18;3;2
2023;10;Espectaculos;Música;Comunidad de Madrid;Madrid;4;13;12;3;2
2023;10;Actividades;Actividades infantiles;Comunidad de Madrid;Madrid;21;66;63;3;8
2023;10;Espectaculos;Cultura, teatro y danza;Comunidad de Madrid;Madrid;138;433;503,7;3,65;67
2023;10;Espectaculos;Música;Comunidad de Madrid;Madrid;129;405;1335,15;10,35;68
2023;10;Espectaculos;Música;Comunidad de Madrid;Madrid;10;31;82,5;8,25;2
2023;10;Actividades;Actividades infantiles;Comunidad de Madrid;Madrid;10;31;82,5;8,25;2
2023;10;Espectaculos;Música;Andalucía;Málaga;11;34;168,3;15,3;5
2023;10;Actividades;Cursos;Andalucía;Málaga;96;302;925,44;9,64;55
2023;10;Espectaculos;Musicales;Andalucía;Málaga;171;537;3690,18;21,58;44
2023;10;Espectaculos;Música;Andalucía;Málaga;1727;9380;23262,69;13,47;1017
2023;10;Actividades;Deportes y aventuras;Andalucía;Málaga;946;2972;20216,02;21,37;522
2023;10;Actividades;Actividades infantiles;Andalucía;Málaga;341;978;2973,52;8,72;104
2023;10;Espectaculos;Cultura, teatro y danza;Andalucía;Málaga;777;2441;5089,35;6,55;283
2023;10;Espectaculos;Museo y exposiciones;Andalucía;Málaga;3;9;12;4;3
2023;10;Espectaculos;Conferencias;Andalucía;Málaga;24;75;1560;65;13
2023;10;Actividades;Deportes y aventuras;Andalucía;Málaga;219;688;5483,76;25,04;131
2023;10;Actividades;Cursos;Andalucía;Málaga;9;28;291,6;32,4;7
2023;10;Espectaculos;Cultura, teatro y danza;Andalucía;Málaga;45;141;783,9;17,42;18
2023;10;Espectaculos;Música;Andalucía;Málaga;44;138;634,48;14,42;13
2023;10;Actividades;Gastronomía;Andalucía;Málaga;44;138;634,48;14,42;13
2023;10;Actividades;Cursos;Andalucía;Málaga;1;3;50;50;1
2023;10;Espectaculos;Música;Andalucía;Málaga;160;503;4008;25,05;95
2023;10;Actividades;Deportes y aventuras;Región de Murcia;Murcia;1;3;25;25;1
2023;10;Espectaculos;Música;Región de Murcia;Murcia;44;138;664,84;15,11;28
2023;10;Actividades;Deportes y aventuras;Región de Murcia;Murcia;6;19;247,5;41,25;5
2023;10;Espectaculos;Música;Región de Murcia;Murcia;81;254;792,99;9,79;44
2023;10;Actividades;Deportes y aventuras;Región de Murcia;Murcia;267;839;1310,97;4,91;97
2023;10;Actividades;Actividades infantiles;Región de Murcia;Murcia;275;864;4455;16,2;102
2023;10;Espectaculos;Cultura, teatro y danza;Región de Murcia;Murcia;22;69;179,52;8,16;6
2023;10;Espectaculos;Música;Región de Murcia;Murcia;6;19;42,72;7,12;2
2023;10;Actividades;Cursos;Región de Murcia;Murcia;10;31;430;43;9
2023;10;Espectaculos;Cine;Región de Murcia;Murcia;85;267;257,55;3,03;31
2023;10;Espectaculos;Musicales;Región de Murcia;Murcia;40;126;413,6;10,34;22
2023;10;Espectaculos;Música;Región de Murcia;Murcia;5717;18378;82410,555;14,415;3966
2023;10;Actividades;Actividades infantiles;Región de Murcia;Murcia;38;119;92,72;2,44;16
2023;10;Espectaculos;Cultura, teatro y danza;Región de Murcia;Murcia;639;2008;4856,4;7,6;290
2023;10;Espectaculos;Música;Comunidad Foral de Navarra;Navarra;984;3092;9603,84;9,76;770
2023;10;Espectaculos;Música;Comunidad Foral de Navarra;Navarra;8;25;85,2;10,65;5
2023;10;Espectaculos;Música;Comunidad Foral de Navarra;Navarra;95;298;4001,4;42,12;69
2023;10;Espectaculos;Música;Comunidad Foral de Navarra;Navarra;3305;9935;92870,5;28,1;2009
2023;10;Actividades;Deportes y aventuras;Comunidad Foral de Navarra;Navarra;70;220;1029;14,7;32
2023;10;Actividades;Actividades infantiles;Comunidad Foral de Navarra;Navarra;47;148;667,4;14,2;25
2023;10;Espectaculos;Música;Comunidad Foral de Navarra;Navarra;2;6;30;15;1
2023;10;Espectaculos;Música;Comunidad Foral de Navarra;Navarra;249;782;5632,38;22,62;141
2023;10;Espectaculos;Música;Galicia;Ourense;413;1247;8061,76;19,52;177
2023;10;Espectaculos;Música;Galicia;Ourense;53;167;835,28;15,76;20
2023;10;Espectaculos;Música;Principado de Asturias;Asturias;7;22;130,27;18,61;3
2023;10;Actividades;Cursos;Principado de Asturias;Asturias;1;3;25;25;1
2023;10;Espectaculos;Musicales;Principado de Asturias;Asturias;3;9;20,01;6,67;1
2023;10;Espectaculos;Música;Principado de Asturias;Asturias;553;1738;7758,59;14,03;278
2023;10;Actividades;Actividades infantiles;Principado de Asturias;Asturias;183;575;1734,84;9,48;64
2023;10;Espectaculos;Cultura, teatro y danza;Principado de Asturias;Asturias;186;584;1413,6;7,6;65
2023;10;Espectaculos;Música;Principado de Asturias;Asturias;1;3;12;12;1
2023;10;Espectaculos;Cultura, teatro y danza;Principado de Asturias;Asturias;4;13;79,2;19,8;3
2023;10;Espectaculos;Musicales;Principado de Asturias;Asturias;6;19;112,2;18,7;2
2023;10;Actividades;Actividades infantiles;Principado de Asturias;Asturias;6;19;112,2;18,7;2
2023;10;Espectaculos;Cultura, teatro y danza;Principado de Asturias;Asturias;6;19;112,2;18,7;2
2023;10;Espectaculos;Música;Principado de Asturias;Asturias;1769;5558;24695,24;13,96;1223
2023;10;Espectaculos;Música;Principado de Asturias;Asturias;504;1584;6118,56;12,14;262
2023;10;Actividades;Actividades infantiles;Principado de Asturias;Asturias;118;371;1205,96;10,22;58
2023;10;Actividades;Gastronomía;Principado de Asturias;Asturias;82;258;851,16;10,38;37
2023;10;Espectaculos;Música;Principado de Asturias;Asturias;36;113;748,8;20,8;22
2023;10;Espectaculos;Música;Castilla y León;Palencia;13;41;180,44;13,88;6
2023;10;Espectaculos;Música;Canarias;Las Palmas;1;3;25,63;25,63;1
2023;10;Espectaculos;Música;Canarias;Las Palmas;405;1272;6747,3;16,66;220
2023;10;Actividades;Deportes y aventuras;Canarias;Las Palmas;659;2071;6590;10;192
2023;10;Actividades;Cursos;Canarias;Las Palmas;15;47;75;5;15
2023;10;Espectaculos;Música;Canarias;Las Palmas;11;35;72,6;6,6;8
2023;10;Espectaculos;Cultura, teatro y danza;Canarias;Las Palmas;210;660;2637,6;12,56;97
2023;10;Espectaculos;Cine;Canarias;Las Palmas;10;31;50;5;3
2023;10;Espectaculos;Cultura, teatro y danza;Canarias;Las Palmas;7;22;90,72;12,96;1
2023;10;Actividades;Cursos;Canarias;Las Palmas;8;37;805,36;100,67;8
2023;10;Espectaculos;Musicales;Canarias;Las Palmas;157;493;1095,86;6,98;75
2023;10;Espectaculos;Música;Canarias;Las Palmas;6985;23282;69850;10;3364
2023;10;Espectaculos;Cultura, teatro y danza;Canarias;Las Palmas;725;2564;7068,75;9,75;337
2023;10;Actividades;Gastronomía;Canarias;Las Palmas;44;138;352;8;27
2023;10;Espectaculos;Música;Canarias;Las Palmas;15;938;484,8;32,32;8
2023;10;Actividades;Deportes y aventuras;Canarias;Las Palmas;74;233;1731,6;23,4;27
2023;10;Espectaculos;Cultura, teatro y danza;Canarias;Las Palmas;55;489;825;15;22
2023;10;Espectaculos;Música;Canarias;Las Palmas;485;2397;2745,1;5,66;195
2023;10;Actividades;Actividades infantiles;Canarias;Las Palmas;183;575;1134,6;6,2;55
2023;10;Espectaculos;Cultura, teatro y danza;Canarias;Las Palmas;1180;3708;7976,8;6,76;443
2023;10;Espectaculos;Conferencias;Canarias;Las Palmas;39;123;195;5;22
2023;10;Espectaculos;Ferias;Canarias;Las Palmas;39;123;195;5;22
2023;10;Actividades;Deportes y aventuras;Canarias;Las Palmas;46;145;294,86;6,41;26
2023;10;Espectaculos;Cultura, teatro y danza;Canarias;Las Palmas;206;647;1223,64;5,94;82
2023;10;Espectaculos;Música;Galicia;Pontevedra;33;104;331,32;10,04;21
2023;10;Espectaculos;Música;Galicia;Pontevedra;519;1631;2138,28;4,12;218
2023;10;Espectaculos;Música;Galicia;Pontevedra;2;6;26,74;13,37;1
2023;10;Espectaculos;Música;Galicia;Pontevedra;91;286;1662,57;18,27;42
2023;10;Espectaculos;Musicales;Galicia;Pontevedra;1;3;4,32;4,32;1
2023;10;Espectaculos;Música;Galicia;Pontevedra;1004;2948;13353,2;13,3;566
2023;10;Actividades;Deportes y aventuras;Galicia;Pontevedra;4;13;20;5;1
2023;10;Espectaculos;Cultura, teatro y danza;Galicia;Pontevedra;387;1216;2151,72;5,56;167
2023;10;Espectaculos;Música;Galicia;Pontevedra;65;204;2581,8;39,72;39
2023;10;Espectaculos;Musicales;Castilla y León;Salamanca;374;1175;5920,42;15,83;198
2023;10;Espectaculos;Cultura, teatro y danza;Castilla y León;Salamanca;374;1175;5920,42;15,83;198
2023;10;Espectaculos;Música;Castilla y León;Salamanca;2;6;20,62;10,31;1
2023;10;Espectaculos;Cultura, teatro y danza;Castilla y León;Salamanca;63;558;512,19;8,13;23
2023;10;Espectaculos;Musicales;Castilla y León;Salamanca;5;16;51,5;10,3;2
2023;10;Espectaculos;Música;Castilla y León;Salamanca;470;1477;5795,1;12,33;274
2023;10;Espectaculos;Cultura, teatro y danza;Castilla y León;Salamanca;5;16;51,5;10,3;2
2023;10;Espectaculos;Cultura, teatro y danza;Castilla y León;Salamanca;112;352;343,84;3,07;57
2023;10;Espectaculos;Cultura, teatro y danza;Castilla y León;Salamanca;647;2033;2122,16;3,28;147
2023;10;Espectaculos;Museo y exposiciones;Castilla y León;Salamanca;647;2033;2122,16;3,28;147
2023;10;Espectaculos;Música;Canarias;Santa Cruz de Tenerife;1645;5168;34248,9;20,82;975
2023;10;Espectaculos;Música;Canarias;Santa Cruz de Tenerife;57;179;925,11;16,23;42
2023;10;Actividades;Deportes y aventuras;Canarias;Santa Cruz de Tenerife;42;132;621,18;14,79;21
2023;10;Espectaculos;Música;Canarias;Santa Cruz de Tenerife;351;1103;7009,47;19,97;156
2023;10;Actividades;Actividades infantiles;Canarias;Santa Cruz de Tenerife;14;44;160,58;11,47;5
2023;10;Espectaculos;Cultura, teatro y danza;Canarias;Santa Cruz de Tenerife;48;151;1351,68;28,16;18
2023;10;Espectaculos;Música;Canarias;Santa Cruz de Tenerife;1151;3616;18577,14;16,14;710
2023;10;Espectaculos;Cultura, teatro y danza;Canarias;Santa Cruz de Tenerife;128;402;1091,84;8,53;63
2023;10;Espectaculos;Música;Canarias;Santa Cruz de Tenerife;273;858;4469,01;16,37;131
2023;10;Espectaculos;Cultura, teatro y danza;Canarias;Santa Cruz de Tenerife;92;289;989;10,75;46
2023;10;Actividades;Cursos;Canarias;Santa Cruz de Tenerife;1;3;13,08;13,08;1
2023;10;Espectaculos;Música;Canarias;Santa Cruz de Tenerife;23;72;200,56;8,72;12
2023;10;Actividades;Actividades infantiles;Canarias;Santa Cruz de Tenerife;1;3;13,08;13,08;1
2023;10;Actividades;Cursos;Cantabria;Cantabria;9;28;1109,97;123,33;9
2023;10;Espectaculos;Musicales;Cantabria;Cantabria;78;245;1576,38;20,21;21
2023;10;Espectaculos;Música;Cantabria;Cantabria;352;1106;4100,8;11,65;201
2023;10;Actividades;Actividades infantiles;Cantabria;Cantabria;190;597;2240,1;11,79;61
2023;10;Espectaculos;Cultura, teatro y danza;Cantabria;Cantabria;470;1574;5245,2;11,16;209
2023;10;Espectaculos;Música;Castilla y León;Segovia;109;343;1512,92;13,88;46
2023;10;Espectaculos;Música;Andalucía;Sevilla;2;6;61,6;30,8;1
2023;10;Espectaculos;Cultura, teatro y danza;Andalucía;Sevilla;39;123;504,27;12,93;18
2023;10;Espectaculos;Música;Andalucía;Sevilla;19;60;487,54;25,66;8
2023;10;Espectaculos;Música;Andalucía;Sevilla;15;47;432,9;28,86;11
2023;10;Actividades;Actividades infantiles;Andalucía;Sevilla;15;47;432,9;28,86;11
2023;10;Actividades;Deportes y aventuras;Andalucía;Sevilla;183;575;916,83;5,01;74
2023;10;Actividades;Actividades infantiles;Andalucía;Sevilla;183;575;916,83;5,01;74
2023;10;Espectaculos;Cultura, teatro y danza;Andalucía;Sevilla;207;650;621;3;120
2023;10;Espectaculos;Música;Andalucía;Sevilla;9;28;99;11;4
2023;10;Espectaculos;Música;Andalucía;Sevilla;9;28;108;12;7
2023;10;Espectaculos;Música;Andalucía;Sevilla;96;302;801,6;8,35;42
2023;10;Actividades;Cursos;Andalucía;Sevilla;5;420;25;5;5
2023;10;Espectaculos;Cine;Andalucía;Sevilla;412;3914;1648;4;125
2023;10;Espectaculos;Musicales;Andalucía;Sevilla;142;446;2219,46;15,63;74
2023;10;Espectaculos;Música;Andalucía;Sevilla;5593;18286;72932,72;13,04;2938
2023;10;Actividades;Deportes y aventuras;Andalucía;Sevilla;9;28;64,8;7,2;1
2023;10;Actividades;Actividades infantiles;Andalucía;Sevilla;805;2529;11036,55;13,71;283
2023;10;Espectaculos;Cultura, teatro y danza;Andalucía;Sevilla;3198;10161;40038,96;12,52;1424
2023;10;Espectaculos;Cultura, teatro y danza;Andalucía;Sevilla;32;101;249,92;7,81;9
2023;10;Espectaculos;Museo y exposiciones;Andalucía;Sevilla;32;101;249,92;7,81;9
2023;10;Espectaculos;Cultura, teatro y danza;Andalucía;Sevilla;17;53;236,47;13,91;8
2023;10;Espectaculos;Música;Castilla y León;Soria;317;996;4780,36;15,08;307
2023;10;Espectaculos;Música;Cataluña;Tarragona;195;613;1271,4;6,52;75
2023;10;Espectaculos;Música;Cataluña;Tarragona;6;19;132;22;2
2023;10;Actividades;Cursos;Cataluña;Tarragona;4;13;66;16,5;4
2023;10;Actividades;Actividades infantiles;Cataluña;Tarragona;83;261;1799,44;21,68;23
2023;10;Espectaculos;Cultura, teatro y danza;Cataluña;Tarragona;83;261;1799,44;21,68;23
2023;10;Espectaculos;Museo y exposiciones;Cataluña;Tarragona;83;261;1799,44;21,68;23
2023;10;Espectaculos;Música;Cataluña;Tarragona;4;13;79,08;19,77;3
2023;10;Espectaculos;Música;Cataluña;Tarragona;103;324;1243,21;12,07;39
2023;10;Espectaculos;Cultura, teatro y danza;Cataluña;Tarragona;48;151;552;11,5;15
2023;10;Espectaculos;Música;Cataluña;Tarragona;29;91;673,67;23,23;16
2023;10;Espectaculos;Música;Cataluña;Tarragona;9;28;198;22;4
2023;10;Espectaculos;Música;Cataluña;Tarragona;16;50;320;20;9
2023;10;Espectaculos;Parques temáticos;Cataluña;Tarragona;2;6;72,6;36,3;1
2023;10;Actividades;Deportes y aventuras;Cataluña;Tarragona;2;6;72,6;36,3;1
2023;10;Actividades;Actividades infantiles;Cataluña;Tarragona;2;6;72,6;36,3;1
2023;10;Espectaculos;Música;Cataluña;Tarragona;85;267;668,1;7,86;52
2023;10;Espectaculos;Música;Cataluña;Tarragona;2;6;10;5;1
2023;10;Espectaculos;Música;Cataluña;Tarragona;15;47;375;25;5
2023;10;Espectaculos;Música;Cataluña;Tarragona;582;1829;29734,38;51,09;328
2023;10;Actividades;Actividades infantiles;Cataluña;Tarragona;84;264;492,24;5,86;17
2023;10;Espectaculos;Música;Cataluña;Tarragona;202;635;3032,02;15,01;90
2023;10;Espectaculos;Música;Cataluña;Tarragona;49;154;416,01;8,49;23
2023;10;Espectaculos;Musicales;Cataluña;Tarragona;88;276;1843,6;20,95;26
2023;10;Espectaculos;Música;Cataluña;Tarragona;633;1989;10286,25;16,25;340
2023;10;Actividades;Actividades infantiles;Cataluña;Tarragona;18;57;158,94;8,83;10
2023;10;Espectaculos;Cultura, teatro y danza;Cataluña;Tarragona;658;11650;4849,46;7,37;265
2023;10;Espectaculos;Música;Cataluña;Tarragona;35;110;558,95;15,97;19
2023;10;Espectaculos;Música;Cataluña;Tarragona;29;91;523,74;18,06;19
2023;10;Espectaculos;Música;Cataluña;Tarragona;29;91;451,53;15,57;22
2023;10;Espectaculos;Música;Cataluña;Tarragona;61;192;670,39;10,99;31
2023;10;Espectaculos;Música;Cataluña;Tarragona;62;195;708,04;11,42;36
2023;10;Espectaculos;Música;Cataluña;Tarragona;346;1087;3418,48;9,88;147
2023;10;Espectaculos;Música;Cataluña;Tarragona;895;2812;7804,4;8,72;512
2023;10;Espectaculos;Cultura, teatro y danza;Cataluña;Tarragona;104;327;521,04;5,01;50
2023;10;Espectaculos;Música;Cataluña;Tarragona;214;672;3128,68;14,62;98
2023;10;Actividades;Cursos;Cataluña;Tarragona;1;3;131;131;1
2023;10;Espectaculos;Cine;Aragón;Teruel;8;25;36;4,5;5
2023;10;Espectaculos;Música;Aragón;Teruel;234;735;5152,68;22,02;155
2023;10;Espectaculos;Música;Aragón;Teruel;135;424;1836;13,6;68
2023;10;Actividades;Cursos;Castilla - La Mancha;Toledo;10;31;316;31,6;7
2023;10;Espectaculos;Música;Castilla - La Mancha;Toledo;22;69;1268,52;57,66;18
2023;10;Espectaculos;Música;Castilla - La Mancha;Toledo;156;490;1825,2;11,7;69
2023;10;Espectaculos;Cultura, teatro y danza;Castilla - La Mancha;Toledo;91;286;476,84;5,24;36
2023;10;Espectaculos;Música;Castilla - La Mancha;Toledo;51;160;459,51;9,01;23
2023;10;Actividades;Actividades infantiles;Castilla - La Mancha;Toledo;139;437;903,5;6,5;39
2023;10;Espectaculos;Cultura, teatro y danza;Castilla - La Mancha;Toledo;139;437;903,5;6,5;39
2023;10;Espectaculos;Museo y exposiciones;Castilla - La Mancha;Toledo;139;437;903,5;6,5;39
2023;10;Actividades;Actividades infantiles;Comunitat Valenciana;Valencia/València;161;506;1075,48;6,68;74
2023;10;Espectaculos;Cultura, teatro y danza;Comunitat Valenciana;Valencia/València;161;506;1075,48;6,68;74
2023;10;Espectaculos;Música;Comunitat Valenciana;Valencia/València;169;917;3956,29;23,41;78
2023;10;Espectaculos;Música;Comunitat Valenciana;Valencia/València;23;72;480,93;20,91;16
2023;10;Espectaculos;Música;Comunitat Valenciana;Valencia/València;183;575;3445,89;18,83;105
2023;10;Actividades;Actividades infantiles;Comunitat Valenciana;Valencia/València;13;41;154,05;11,85;4
2023;10;Espectaculos;Cultura, teatro y danza;Comunitat Valenciana;Valencia/València;13;41;154,05;11,85;4
2023;10;Espectaculos;Museo y exposiciones;Comunitat Valenciana;Valencia/València;13;41;154,05;11,85;4
2023;10;Actividades;Deportes y aventuras;Comunitat Valenciana;Valencia/València;89;280;3639,21;40,89;61
2023;10;Actividades;Actividades infantiles;Comunitat Valenciana;Valencia/València;89;280;3639,21;40,89;61
2023;10;Espectaculos;Música;Comunitat Valenciana;Valencia/València;1;3;15,5;15,5;1
2023;10;Espectaculos;Música;Comunitat Valenciana;Valencia/València;999;3529;5664,33;5,67;576
2023;10;Actividades;Cursos;Comunitat Valenciana;Valencia/València;6;19;117,9;19,65;5
2023;10;Espectaculos;Música;Comunitat Valenciana;Valencia/València;150;471;1779;11,86;71
2023;10;Actividades;Actividades infantiles;Comunitat Valenciana;Valencia/València;150;471;1779;11,86;71
2023;10;Espectaculos;Música;Comunitat Valenciana;Valencia/València;1;3;11,79;11,79;1
2023;10;Espectaculos;Música;Comunitat Valenciana;Valencia/València;95;298;1435,45;15,11;52
2023;10;Espectaculos;Música;Comunitat Valenciana;Valencia/València;2;6;29,4;14,7;1
2023;10;Espectaculos;Música;Comunitat Valenciana;Valencia/València;68;214;1496;22;33
2023;10;Actividades;Cursos;Comunitat Valenciana;Valencia/València;52;163;3792,36;72,93;40
2023;10;Espectaculos;Cine;Comunitat Valenciana;Valencia/València;25;79;115;4,6;10
2023;10;Espectaculos;Musicales;Comunitat Valenciana;Valencia/València;3290;10337;31485,3;9,57;962
2023;10;Espectaculos;Música;Comunitat Valenciana;Valencia/València;3527;11082;45075,06;12,78;2132
2023;10;Actividades;Actividades infantiles;Comunitat Valenciana;Valencia/València;4763;14965;68491,94;14,38;1436
2023;10;Espectaculos;Cultura, teatro y danza;Comunitat Valenciana;Valencia/València;5775;18145;59136;10,24;1810
2023;10;Actividades;Gastronomía;Comunitat Valenciana;Valencia/València;42;132;976,92;23,26;16
2023;10;Actividades;Actividades infantiles;Castilla y León;Valladolid;21;66;52,08;2,48;6
2023;10;Espectaculos;Cultura, teatro y danza;Castilla y León;Valladolid;26;82;71,24;2,74;8
2023;10;Espectaculos;Cultura, teatro y danza;Castilla y León;Valladolid;55;173;253,55;4,61;20
2023;10;Actividades;Cursos;Castilla y León;Valladolid;4;13;120;30;3
2023;10;Espectaculos;Cultura, teatro y danza;Castilla y León;Valladolid;8;25;80;10;8
2023;10;Espectaculos;Cultura, teatro y danza;Castilla y León;Valladolid;18;57;84,06;4,67;8
2023;10;Espectaculos;Cultura, teatro y danza;Castilla y León;Valladolid;67;211;1534,97;22,91;44
2023;10;Espectaculos;Música;Castilla y León;Valladolid;45;141;915,75;20,35;34
2023;10;Espectaculos;Musicales;Castilla y León;Valladolid;124;390;1359,04;10,96;35
2023;10;Espectaculos;Música;Castilla y León;Valladolid;586;1841;8426,68;14,38;281
2023;10;Actividades;Actividades infantiles;Castilla y León;Valladolid;121;380;1485,88;12,28;34
2023;10;Espectaculos;Cultura, teatro y danza;Castilla y León;Valladolid;845;2655;10925,85;12,93;340
2023;10;Espectaculos;Música;Castilla y León;Valladolid;52;163;829,4;15,95;23
2023;10;Espectaculos;Música;País Vasco;Bizkaia;26;82;392,08;15,08;18
2023;10;Espectaculos;Música;País Vasco;Bizkaia;70;220;355,6;5,08;40
2023;10;Espectaculos;Música;País Vasco;Bizkaia;13;41;140,27;10,79;6
2023;10;Espectaculos;Música;País Vasco;Bizkaia;2406;7560;33106,56;13,76;1393
2023;10;Actividades;Deportes y aventuras;País Vasco;Bizkaia;401;1260;8609,47;21,47;232
2023;10;Actividades;Actividades infantiles;País Vasco;Bizkaia;66;207;1210,44;18,34;25
2023;10;Actividades;Actividades infantiles;País Vasco;Bizkaia;714;2243;6490,26;9,09;191
2023;10;Espectaculos;Cultura, teatro y danza;País Vasco;Bizkaia;714;2243;6490,26;9,09;191
2023;10;Espectaculos;Museo y exposiciones;País Vasco;Bizkaia;714;2243;6490,26;9,09;191
2023;10;Actividades;Deportes y aventuras;País Vasco;Bizkaia;35;110;352,45;10,07;11
2023;10;Actividades;Actividades infantiles;País Vasco;Bizkaia;3;9;36;12;3
2023;10;Espectaculos;Cultura, teatro y danza;País Vasco;Bizkaia;22;69;253;11,5;12
2023;10;Espectaculos;Música;País Vasco;Bizkaia;14;44;145,6;10,4;5
2023;10;Espectaculos;Música;País Vasco;Bizkaia;160;503;2385,6;14,91;112
2023;10;Actividades;Actividades infantiles;País Vasco;Bizkaia;76;239;291,08;3,83;24
2023;10;Espectaculos;Música;Castilla y León;Zamora;462;1452;5520,9;11,95;223
2023;10;Espectaculos;Musicales;Aragón;Zaragoza;19;60;66,5;3,5;4
2023;10;Espectaculos;Música;Aragón;Zaragoza;4;13;27;6,75;2
2023;10;Espectaculos;Cultura, teatro y danza;Aragón;Zaragoza;62;195;480,5;7,75;13
2023;10;Espectaculos;Música;Aragón;Zaragoza;5;16;39,3;7,86;3
2023;10;Actividades;Deportes y aventuras;Aragón;Zaragoza;1125;3535;6693,75;5,95;279
2023;10;Espectaculos;Conferencias;Aragón;Zaragoza;8;1012;165,04;20,63;7
2023;10;Espectaculos;Musicales;Aragón;Zaragoza;908;2853;6991,6;7,7;729
2023;10;Espectaculos;Música;Aragón;Zaragoza;4977;18198;75252,24;15,12;3008
2023;10;Actividades;Deportes y aventuras;Aragón;Zaragoza;321;1048;13318,29;41,49;212
2023;10;Actividades;Actividades infantiles;Aragón;Zaragoza;1210;6669;7961,8;6,58;818
2023;10;Espectaculos;Cultura, teatro y danza;Aragón;Zaragoza;3614;12170;21792,42;6,03;1758
2023;10;Espectaculos;Museo y exposiciones;Aragón;Zaragoza;94;295;333,7;3,55;32
2023;10;Actividades;Gastronomía;Aragón;Zaragoza;111;559;1542,9;13,9;54
2023;10;Espectaculos;Música;Ceuta;Ceuta;53;167;594,13;11,21;21
2023;10;Espectaculos;Conferencias;Total Nacional;Total Nacional;541;5322;22330,2078;41,2758;437
2023;10;Actividades;Cursos;Total Nacional;Total Nacional;1303;5582;55844,2346;42,8582;1080
2023;10;Espectaculos;Cine;Total Nacional;Total Nacional;1482;10090;11440,299;7,7195;698
2023;10;Espectaculos;Musicales;Total Nacional;Total Nacional;8708;27361;106668,646;12,2495;3398
2023;10;Espectaculos;Parques temáticos;Total Nacional;Total Nacional;2;6;72,6;36,3;1
2023;10;Espectaculos;Ferias;Total Nacional;Total Nacional;488;3651;22475,8648;46,0571;401
2023;10;Espectaculos;Música;Total Nacional;Total Nacional;163005;519471;2608373,409;16,0018;94272
2023;10;Actividades;Deportes y aventuras;Total Nacional;Total Nacional;11240;35524;247412,632;22,0118;5455
2023;10;Actividades;Actividades infantiles;Total Nacional;Total Nacional;24745;81958;365401,9915;14,7667;10249
2023;10;Espectaculos;Cultura, teatro y danza;Total Nacional;Total Nacional;44747;155821;485084,3282;10,8406;18676
2023;10;Espectaculos;Museo y exposiciones;Total Nacional;Total Nacional;1866;5863;15601,2528;8,3608;508
2023;10;Actividades;Gastronomía;Total Nacional;Total Nacional;1274;4143;30006,9042;23,5533;617
2023;11;Espectaculos;Música;País Vasco;Araba/Álava;7;22;84;12;3
2023;11;Espectaculos;Cultura, teatro y danza;País Vasco;Araba/Álava;11;310;81,29;7,39;4
2023;11;Espectaculos;Cultura, teatro y danza;País Vasco;Araba/Álava;9;28;27,54;3,06;5
2023;11;Espectaculos;Cine;País Vasco;Araba/Álava;883;3352;3699,77;4,19;319
2023;11;Espectaculos;Música;País Vasco;Araba/Álava;149;575;2069,61;13,89;80
2023;11;Actividades;Actividades infantiles;País Vasco;Araba/Álava;784;2910;3316,32;4,23;273
2023;11;Espectaculos;Cultura, teatro y danza;País Vasco;Araba/Álava;602;1769;4009,32;6,66;241
2023;11;Actividades;Cursos;País Vasco;Araba/Álava;25;78;75;3;14
2023;11;Actividades;Actividades infantiles;País Vasco;Araba/Álava;49;152;147,49;3,01;24
2023;11;Actividades;Gastronomía;País Vasco;Araba/Álava;25;78;75;3;14
2023;11;Espectaculos;Música;Castilla - La Mancha;Albacete;502;1482;6686,64;13,32;260
2023;11;Actividades;Actividades infantiles;Castilla - La Mancha;Albacete;384;1193;1985,28;5,17;132
2023;11;Espectaculos;Cultura, teatro y danza;Castilla - La Mancha;Albacete;232;721;2333,92;10,06;88
2023;11;Espectaculos;Cine;Castilla - La Mancha;Albacete;34;106;105,74;3,11;11
2023;11;Espectaculos;Musicales;Comunitat Valenciana;Alicante/Alacant;331;1028;2320,31;7,01;102
2023;11;Actividades;Actividades infantiles;Comunitat Valenciana;Alicante/Alacant;331;1028;2320,31;7,01;102
2023;11;Espectaculos;Cultura, teatro y danza;Comunitat Valenciana;Alicante/Alacant;437;1358;2265,845;5,185;152
2023;11;Actividades;Cursos;Comunitat Valenciana;Alicante/Alacant;12;37;482,04;40,17;9
2023;11;Espectaculos;Música;Comunitat Valenciana;Alicante/Alacant;1753;5447;38566;22;939
2023;11;Actividades;Deportes y aventuras;Comunitat Valenciana;Alicante/Alacant;94;292;2662,08;28,32;43
2023;11;Actividades;Actividades infantiles;Comunitat Valenciana;Alicante/Alacant;33;103;773,19;23,43;24
2023;11;Espectaculos;Cultura, teatro y danza;Comunitat Valenciana;Alicante/Alacant;162;503;4971,78;30,69;89
2023;11;Actividades;Gastronomía;Comunitat Valenciana;Alicante/Alacant;72;224;1195,92;16,61;43
2023;11;Espectaculos;Música;Comunitat Valenciana;Alicante/Alacant;3;9;51;17;1
2023;11;Espectaculos;Música;Comunitat Valenciana;Alicante/Alacant;23;71;346,61;15,07;7
2023;11;Espectaculos;Música;Comunitat Valenciana;Alicante/Alacant;246;713;8130,3;33,05;147
2023;11;Actividades;Actividades infantiles;Comunitat Valenciana;Alicante/Alacant;300;932;3000;10;300
2023;11;Espectaculos;Música;Comunitat Valenciana;Alicante/Alacant;27;84;341,82;12,66;12
2023;11;Espectaculos;Cine;Comunitat Valenciana;Alicante/Alacant;23;71;115;5;10
2023;11;Espectaculos;Musicales;Comunitat Valenciana;Alicante/Alacant;24;75;264;11;7
2023;11;Espectaculos;Música;Comunitat Valenciana;Alicante/Alacant;311;966;4531,27;14,57;134
2023;11;Espectaculos;Cultura, teatro y danza;Comunitat Valenciana;Alicante/Alacant;175;544;1309;7,48;76
2023;11;Espectaculos;Música;Comunitat Valenciana;Alicante/Alacant;5;16;82,5;16,5;3
2023;11;Espectaculos;Música;Comunitat Valenciana;Alicante/Alacant;18;56;188,64;10,48;8
2023;11;Espectaculos;Música;Comunitat Valenciana;Alicante/Alacant;625;1942;8500;13,6;387
2023;11;Espectaculos;Cultura, teatro y danza;Comunitat Valenciana;Alicante/Alacant;148;460;864,32;5,84;47
2023;11;Espectaculos;Cultura, teatro y danza;Comunitat Valenciana;Alicante/Alacant;86;267;904,72;10,52;39
2023;11;Espectaculos;Música;Comunitat Valenciana;Alicante/Alacant;194;603;3144,74;16,21;122
2023;11;Espectaculos;Musicales;Comunitat Valenciana;Alicante/Alacant;130;404;2145;16,5;38
2023;11;Actividades;Actividades infantiles;Comunitat Valenciana;Alicante/Alacant;130;404;2145;16,5;38
2023;11;Espectaculos;Cultura, teatro y danza;Comunitat Valenciana;Alicante/Alacant;130;404;2145;16,5;38
2023;11;Espectaculos;Música;Comunitat Valenciana;Alicante/Alacant;133;413;3233,23;24,31;59
2023;11;Espectaculos;Cultura, teatro y danza;Comunitat Valenciana;Alicante/Alacant;173;538;16089;93;48
2023;11;Actividades;Deportes y aventuras;Comunitat Valenciana;Alicante/Alacant;62;193;1154,44;18,62;62
2023;11;Espectaculos;Música;Comunitat Valenciana;Alicante/Alacant;34;105;370,26;10,89;20
2023;11;Espectaculos;Música;Comunitat Valenciana;Alicante/Alacant;248;771;5046,8;20,35;131
2023;11;Espectaculos;Música;Andalucía;Almería;52;162;686,4;13,2;19
2023;11;Actividades;Actividades infantiles;Andalucía;Almería;52;162;686,4;13,2;19
2023;11;Espectaculos;Música;Andalucía;Almería;2754;8557;44284,32;16,08;2506
2023;11;Actividades;Deportes y aventuras;Andalucía;Almería;9;28;465,3;51,7;5
2023;11;Espectaculos;Cultura, teatro y danza;Andalucía;Almería;697;2166;11646,87;16,71;249
2023;11;Espectaculos;Música;Andalucía;Almería;24;75;1240,56;51,69;13
2023;11;Actividades;Actividades infantiles;Andalucía;Almería;8;25;80;10;3
2023;11;Espectaculos;Cultura, teatro y danza;Andalucía;Almería;8;25;80;10;3
2023;11;Espectaculos;Cultura, teatro y danza;Andalucía;Almería;18;56;324,72;18,04;6
2023;11;Espectaculos;Cultura, teatro y danza;Andalucía;Almería;4;12;52,8;13,2;1
2023;11;Espectaculos;Música;Andalucía;Almería;209;649;5977,4;28,6;76
2023;11;Espectaculos;Música;Andalucía;Almería;13;40;177,06;13,62;8
2023;11;Espectaculos;Música;Castilla y León;Ávila;69;214;899,07;13,03;30
2023;11;Espectaculos;Música;Extremadura;Badajoz;228;708;2487,48;10,91;124
2023;11;Actividades;Deportes y aventuras;Extremadura;Badajoz;135;419;4060,8;30,08;103
2023;11;Espectaculos;Música;Extremadura;Badajoz;45;140;518,4;11,52;18
2023;11;Espectaculos;Musicales;Extremadura;Badajoz;86;267;1653,78;19,23;30
2023;11;Espectaculos;Música;Extremadura;Badajoz;248;771;2430,4;9,8;110
2023;11;Actividades;Actividades infantiles;Extremadura;Badajoz;47;146;787,25;16,75;13
2023;11;Espectaculos;Cultura, teatro y danza;Extremadura;Badajoz;86;267;1653,78;19,23;30
2023;11;Actividades;Deportes y aventuras;Extremadura;Badajoz;34;106;357;10,5;29
2023;11;Espectaculos;Musicales;Extremadura;Badajoz;42;130;606,06;14,43;9
2023;11;Actividades;Actividades infantiles;Extremadura;Badajoz;42;130;606,06;14,43;9
2023;11;Espectaculos;Cultura, teatro y danza;Extremadura;Badajoz;42;130;606,06;14,43;9
2023;11;Espectaculos;Musicales;Extremadura;Badajoz;15;47;165;11;4
2023;11;Espectaculos;Música;Extremadura;Badajoz;135;419;1661,85;12,31;57
2023;11;Actividades;Actividades infantiles;Extremadura;Badajoz;15;47;165;11;4
2023;11;Espectaculos;Cultura, teatro y danza;Extremadura;Badajoz;15;47;165;11;4
2023;11;Espectaculos;Música;Extremadura;Badajoz;6;19;67,44;11,24;4
2023;11;Espectaculos;Música;Illes Balears;Illes Balears;34;106;631,04;18,56;18
2023;11;Espectaculos;Música;Illes Balears;Illes Balears;53;165;662,5;12,5;38
2023;11;Espectaculos;Música;Illes Balears;Illes Balears;25;78;130,5;5,22;13
2023;11;Actividades;Deportes y aventuras;Illes Balears;Illes Balears;35;109;2275;65;27
2023;11;Espectaculos;Cultura, teatro y danza;Illes Balears;Illes Balears;109;339;1292,74;11,86;40
2023;11;Espectaculos;Cultura, teatro y danza;Illes Balears;Illes Balears;2;6;10,36;5,18;1
2023;11;Espectaculos;Cultura, teatro y danza;Illes Balears;Illes Balears;4;12;12,72;3,18;3
2023;11;Espectaculos;Música;Illes Balears;Illes Balears;400;1243;6564;16,41;188
2023;11;Espectaculos;Música;Illes Balears;Illes Balears;325;1010;2684,5;8,26;156
2023;11;Espectaculos;Música;Illes Balears;Illes Balears;39;121;666,51;17,09;20
2023;11;Espectaculos;Cultura, teatro y danza;Illes Balears;Illes Balears;10;31;51,8;5,18;6
2023;11;Espectaculos;Música;Illes Balears;Illes Balears;40;277;230;5,75;21
2023;11;Espectaculos;Música;Illes Balears;Illes Balears;936;2908;28051,92;29,97;695
2023;11;Espectaculos;Cultura, teatro y danza;Illes Balears;Illes Balears;19;59;95;5;8
2023;11;Espectaculos;Música;Illes Balears;Illes Balears;216;672;3250,8;15,05;110
2023;11;Actividades;Cursos;Illes Balears;Illes Balears;20;62;50;2,5;10
2023;11;Espectaculos;Cine;Illes Balears;Illes Balears;49;152;249,41;5,09;24
2023;11;Espectaculos;Música;Illes Balears;Illes Balears;619;1923;5236,74;8,46;336
2023;11;Actividades;Actividades infantiles;Illes Balears;Illes Balears;101;410;701,95;6,95;32
2023;11;Espectaculos;Cultura, teatro y danza;Illes Balears;Illes Balears;251;835;1945,25;7,75;96
2023;11;Espectaculos;Música;Illes Balears;Illes Balears;505;1569;2418,95;4,79;303
2023;11;Espectaculos;Cine;Illes Balears;Illes Balears;18;56;130,5;7,25;12
2023;11;Espectaculos;Música;Illes Balears;Illes Balears;820;2548;11480;14;537
2023;11;Actividades;Actividades infantiles;Illes Balears;Illes Balears;25;78;286,5;11,46;8
2023;11;Espectaculos;Cultura, teatro y danza;Illes Balears;Illes Balears;40;124;844,8;21,12;17
2023;11;Espectaculos;Conferencias;Illes Balears;Illes Balears;2;8;90;45;2
2023;11;Actividades;Cursos;Illes Balears;Illes Balears;143;414;13025,87;91,09;58
2023;11;Espectaculos;Musicales;Illes Balears;Illes Balears;26;81;715;27,5;10
2023;11;Espectaculos;Música;Illes Balears;Illes Balears;9546;31754;195931,65;20,525;5901
2023;11;Actividades;Actividades infantiles;Illes Balears;Illes Balears;257;799;3382,12;13,16;87
2023;11;Espectaculos;Cultura, teatro y danza;Illes Balears;Illes Balears;652;2159;9832,16;15,08;277
2023;11;Actividades;Gastronomía;Illes Balears;Illes Balears;254;790;6733,54;26,51;106
2023;11;Espectaculos;Música;Illes Balears;Illes Balears;328;1136;4100;12,5;143
2023;11;Actividades;Actividades infantiles;Illes Balears;Illes Balears;12;37;51,48;4,29;5
2023;11;Espectaculos;Cultura, teatro y danza;Illes Balears;Illes Balears;1461;4539;13309,71;9,11;504
2023;11;Espectaculos;Música;Illes Balears;Illes Balears;68;211;854,76;12,57;23
2023;11;Espectaculos;Cultura, teatro y danza;Illes Balears;Illes Balears;26;81;124,28;4,78;13
2023;11;Espectaculos;Museo y exposiciones;Illes Balears;Illes Balears;9;28;67,32;7,48;5
2023;11;Actividades;Cursos;Illes Balears;Illes Balears;45;140;226,8;5,04;30
2023;11;Espectaculos;Música;Illes Balears;Illes Balears;141;438;2563,38;18,18;66
2023;11;Actividades;Cursos;Illes Balears;Illes Balears;3;158;6,21;2,07;1
2023;11;Espectaculos;Música;Illes Balears;Illes Balears;95;271;1406,95;14,81;43
2023;11;Actividades;Actividades infantiles;Illes Balears;Illes Balears;1;29;5,18;5,18;1
2023;11;Espectaculos;Cultura, teatro y danza;Illes Balears;Illes Balears;101;558;845,37;8,37;45
2023;11;Espectaculos;Música;Illes Balears;Illes Balears;9;28;82,89;9,21;4
2023;11;Actividades;Cursos;Illes Balears;Illes Balears;17;199;87,38;5,14;5
2023;11;Espectaculos;Música;Illes Balears;Illes Balears;390;1764;5132,4;13,16;243
2023;11;Actividades;Actividades infantiles;Illes Balears;Illes Balears;699;2477;5752,77;8,23;318
2023;11;Espectaculos;Cultura, teatro y danza;Illes Balears;Illes Balears;582;2680;3590,94;6,17;196
2023;11;Espectaculos;Musicales;Illes Balears;Illes Balears;78;242;530,4;6,8;35
2023;11;Espectaculos;Música;Illes Balears;Illes Balears;555;1724;7498,05;13,51;451
2023;11;Actividades;Actividades infantiles;Illes Balears;Illes Balears;216;671;2172,96;10,06;175
2023;11;Espectaculos;Cultura, teatro y danza;Illes Balears;Illes Balears;180;559;1085,4;6,03;80
2023;11;Espectaculos;Música;Illes Balears;Illes Balears;37;115;555;15;9
2023;11;Espectaculos;Música;Illes Balears;Illes Balears;59;183;295;5;24
2023;11;Espectaculos;Cultura, teatro y danza;Illes Balears;Illes Balears;15;47;271,95;18,13;3
2023;11;Espectaculos;Cine;Illes Balears;Illes Balears;16;50;43,68;2,73;6
2023;11;Espectaculos;Música;Illes Balears;Illes Balears;4;750;12,44;3,11;2
2023;11;Espectaculos;Cultura, teatro y danza;Illes Balears;Illes Balears;40;124;270;6,75;18
2023;11;Espectaculos;Música;Illes Balears;Illes Balears;114;354;1592,58;13,97;74
2023;11;Espectaculos;Cultura, teatro y danza;Illes Balears;Illes Balears;42;130;87,36;2,08;18
2023;11;Espectaculos;Música;Illes Balears;Illes Balears;29;90;405,71;13,99;15
2023;11;Espectaculos;Cultura, teatro y danza;Illes Balears;Illes Balears;10;31;51,8;5,18;4
2023;11;Espectaculos;Museo y exposiciones;Illes Balears;Illes Balears;10;31;51,8;5,18;4
2023;11;Espectaculos;Música;Illes Balears;Illes Balears;362;1125;3486,06;9,63;172
2023;11;Espectaculos;Música;Cataluña;Barcelona;25;78;350;14;13
2023;11;Espectaculos;Cultura, teatro y danza;Cataluña;Barcelona;17;53;204;12;8
2023;11;Espectaculos;Música;Cataluña;Barcelona;250;776;3300;13,2;152
2023;11;Espectaculos;Conferencias;Cataluña;Barcelona;147;457;1944,81;13,23;104
2023;11;Actividades;Cursos;Cataluña;Barcelona;131;407;4839,14;36,94;126
2023;11;Espectaculos;Cine;Cataluña;Barcelona;26;214;165,62;6,37;21
2023;11;Espectaculos;Musicales;Cataluña;Barcelona;1107;3440;15055,2;13,6;434
2023;11;Espectaculos;Música;Cataluña;Barcelona;16582;47196;215400,18;12,99;10116
2023;11;Actividades;Deportes y aventuras;Cataluña;Barcelona;169;525;2185,17;12,93;75
2023;11;Actividades;Actividades infantiles;Cataluña;Barcelona;1162;3533;11736,2;10,1;385
2023;11;Espectaculos;Cultura, teatro y danza;Cataluña;Barcelona;4683;13739;55259,4;11,8;2260
2023;11;Espectaculos;Museo y exposiciones;Cataluña;Barcelona;106;329;1192,5;11,25;39
2023;11;Actividades;Gastronomía;Cataluña;Barcelona;409;1271;4977,53;12,17;262
2023;11;Espectaculos;Música;Cataluña;Barcelona;9;28;76,5;8,5;6
2023;11;Espectaculos;Música;Cataluña;Barcelona;28;87;425,04;15,18;22
2023;11;Actividades;Actividades infantiles;Cataluña;Barcelona;79;245;285,98;3,62;60
2023;11;Espectaculos;Música;Cataluña;Barcelona;7;22;126;18;4
2023;11;Actividades;Actividades infantiles;Cataluña;Barcelona;17;53;51;3;5
2023;11;Espectaculos;Cultura, teatro y danza;Cataluña;Barcelona;17;53;51;3;5
2023;11;Espectaculos;Musicales;Cataluña;Barcelona;218;677;1541,26;7,07;59
2023;11;Actividades;Actividades infantiles;Cataluña;Barcelona;218;677;1541,26;7,07;59
2023;11;Espectaculos;Cultura, teatro y danza;Cataluña;Barcelona;218;677;1541,26;7,07;59
2023;11;Actividades;Deportes y aventuras;Cataluña;Barcelona;42;130;840;20;24
2023;11;Espectaculos;Música;Cataluña;Barcelona;2;6;25,78;12,89;1
2023;11;Espectaculos;Cultura, teatro y danza;Cataluña;Barcelona;37;115;962,74;26,02;16
2023;11;Actividades;Deportes y aventuras;Cataluña;Barcelona;449;1395;4494,49;10,01;239
2023;11;Espectaculos;Musicales;Cataluña;Barcelona;148;460;892,44;6,03;52
2023;11;Espectaculos;Música;Cataluña;Barcelona;15;181;91,2;6,08;5
2023;11;Espectaculos;Cultura, teatro y danza;Cataluña;Barcelona;325;1010;3438,5;10,58;136
2023;11;Espectaculos;Música;Cataluña;Barcelona;160;497;2088;13,05;66
2023;11;Espectaculos;Música;Cataluña;Barcelona;1338;4158;20284,08;15,16;819
2023;11;Actividades;Deportes y aventuras;Cataluña;Barcelona;102;317;1574,88;15,44;57
2023;11;Espectaculos;Cultura, teatro y danza;Cataluña;Barcelona;16;49;121,92;7,62;10
2023;11;Actividades;Gastronomía;Cataluña;Barcelona;17;53;105,23;6,19;12
2023;11;Espectaculos;Música;Cataluña;Barcelona;5;16;30;6;2
2023;11;Espectaculos;Música;Cataluña;Barcelona;301;935;3049,13;10,13;209
2023;11;Espectaculos;Cultura, teatro y danza;Cataluña;Barcelona;29;90;774,88;26,72;15
2023;11;Espectaculos;Música;Cataluña;Barcelona;40;124;840;21;18
2023;11;Espectaculos;Música;Cataluña;Barcelona;140;435;2052,4;14,66;57
2023;11;Espectaculos;Música;Cataluña;Barcelona;10;31;270;27;8
2023;11;Espectaculos;Música;Cataluña;Barcelona;111;345;11449,65;103,15;72
2023;11;Espectaculos;Música;Cataluña;Barcelona;107;332;966,21;9,03;67
2023;11;Actividades;Actividades infantiles;Cataluña;Barcelona;1242;3859;9762,12;7,86;328
2023;11;Espectaculos;Música;Cataluña;Barcelona;269;836;3233,38;12,02;83
2023;11;Actividades;Actividades infantiles;Cataluña;Barcelona;466;1448;4841,74;10,39;202
2023;11;Espectaculos;Cultura, teatro y danza;Cataluña;Barcelona;7;22;86,38;12,34;2
2023;11;Espectaculos;Música;Cataluña;Barcelona;9;28;52,02;5,78;8
2023;11;Espectaculos;Cultura, teatro y danza;Cataluña;Barcelona;34;106;228,48;6,72;22
2023;11;Espectaculos;Música;Cataluña;Barcelona;18;56;1370,34;76,13;14
2023;11;Espectaculos;Música;Cataluña;Barcelona;298;926;3409,12;11,44;143
2023;11;Espectaculos;Cultura, teatro y danza;Cataluña;Barcelona;37;115;673,03;18,19;22
2023;11;Actividades;Actividades infantiles;Cataluña;Barcelona;13;40;47,06;3,62;5
2023;11;Espectaculos;Música;Cataluña;Barcelona;163;507;1796,26;11,02;109
2023;11;Espectaculos;Música;Cataluña;Barcelona;63;350;695,52;11,04;37
2023;11;Espectaculos;Cultura, teatro y danza;Cataluña;Barcelona;3;9;36;12;1
2023;11;Espectaculos;Música;Cataluña;Barcelona;122;379;2230,16;18,28;54
2023;11;Espectaculos;Música;Cataluña;Barcelona;43;134;389,58;9,06;21
2023;11;Espectaculos;Música;Cataluña;Barcelona;2;6;10,7;5,35;1
2023;11;Espectaculos;Música;Cataluña;Barcelona;116;360;1960,4;16,9;69
2023;11;Actividades;Deportes y aventuras;Cataluña;Barcelona;151;469;2180,44;14,44;70
2023;11;Espectaculos;Cultura, teatro y danza;Cataluña;Barcelona;58;195;517,94;8,93;21
2023;11;Espectaculos;Música;Cataluña;Barcelona;11;34;135,96;12,36;3
2023;11;Actividades;Actividades infantiles;Cataluña;Barcelona;11;34;135,96;12,36;3
2023;11;Espectaculos;Música;Cataluña;Barcelona;130;404;976,3;7,51;95
2023;11;Espectaculos;Cultura, teatro y danza;Cataluña;Barcelona;59;183;237,77;4,03;20
2023;11;Espectaculos;Museo y exposiciones;Cataluña;Barcelona;36;112;181,8;5,05;17
2023;11;Espectaculos;Música;Cataluña;Barcelona;49;152;368,48;7,52;24
2023;11;Espectaculos;Cultura, teatro y danza;Cataluña;Barcelona;1;3;20;20;1
2023;11;Espectaculos;Música;Cataluña;Barcelona;194;603;1854,64;9,56;108
2023;11;Espectaculos;Musicales;Cataluña;Barcelona;257;799;2534,02;9,86;90
2023;11;Espectaculos;Música;Cataluña;Barcelona;88;273;1230,24;13,98;45
2023;11;Actividades;Actividades infantiles;Cataluña;Barcelona;94;292;1022,72;10,88;30
2023;11;Espectaculos;Cultura, teatro y danza;Cataluña;Barcelona;339;1053;3471,36;10,24;133
2023;11;Espectaculos;Música;Cataluña;Barcelona;495;1418;5430,15;10,97;260
2023;11;Actividades;Deportes y aventuras;Cataluña;Barcelona;95;295;5037,85;53,03;50
2023;11;Actividades;Actividades infantiles;Cataluña;Barcelona;26;81;130;5;9
2023;11;Espectaculos;Cultura, teatro y danza;Cataluña;Barcelona;76;236;674,88;8,88;26
2023;11;Actividades;Gastronomía;Cataluña;Barcelona;136;423;1380,4;10,15;61
2023;11;Actividades;Cursos;Cataluña;Barcelona;7;22;360,64;51,52;6
2023;11;Espectaculos;Música;Cataluña;Barcelona;359;1066;2157,59;6,01;257
2023;11;Espectaculos;Cultura, teatro y danza;Cataluña;Barcelona;39;121;186,42;4,78;17
2023;11;Espectaculos;Música;Cataluña;Barcelona;118;367;2966,52;25,14;53
2023;11;Espectaculos;Música;Cataluña;Barcelona;8;25;144;18;4
2023;11;Espectaculos;Música;Cataluña;Barcelona;223;693;1746,09;7,83;153
2023;11;Actividades;Actividades infantiles;Cataluña;Barcelona;76;236;283,48;3,73;26
2023;11;Espectaculos;Cultura, teatro y danza;Cataluña;Barcelona;10;31;50;5;3
2023;11;Espectaculos;Música;Cataluña;Barcelona;8;25;162,32;20,29;5
2023;11;Espectaculos;Música;Castilla y León;Burgos;109;339;1705,85;15,65;51
2023;11;Espectaculos;Cultura, teatro y danza;Castilla y León;Burgos;76;236;839,8;11,05;33
2023;11;Espectaculos;Música;Castilla y León;Burgos;25;78;506,5;20,26;12
2023;11;Espectaculos;Música;Castilla y León;Burgos;116;360;1651,84;14,24;49
2023;11;Actividades;Cursos;Extremadura;Cáceres;5;16;50;10;5
2023;11;Espectaculos;Música;Extremadura;Cáceres;29;90;416,15;14,35;18
2023;11;Actividades;Deportes y aventuras;Extremadura;Cáceres;123;585;1436,64;11,68;113
2023;11;Espectaculos;Música;Extremadura;Cáceres;33;103;331,32;10,04;21
2023;11;Espectaculos;Música;Extremadura;Cáceres;80;249;842,4;10,53;47
2023;11;Actividades;Actividades infantiles;Extremadura;Cáceres;64;199;320;5;18
2023;11;Espectaculos;Cultura, teatro y danza;Extremadura;Cáceres;67;208;558,11;8,33;20
2023;11;Espectaculos;Musicales;Extremadura;Cáceres;87;270;1816,56;20,88;22
2023;11;Espectaculos;Música;Extremadura;Cáceres;5;16;79;15,8;2
2023;11;Actividades;Actividades infantiles;Extremadura;Cáceres;25;78;417;16,68;7
2023;11;Espectaculos;Cultura, teatro y danza;Extremadura;Cáceres;87;270;1816,56;20,88;22
2023;11;Actividades;Deportes y aventuras;Extremadura;Cáceres;10;31;314,4;31,44;7
2023;11;Actividades;Actividades infantiles;Extremadura;Cáceres;10;31;314,4;31,44;7
2023;11;Espectaculos;Música;Extremadura;Cáceres;17;53;192,61;11,33;10
2023;11;Espectaculos;Música;Andalucía;Cádiz;65;202;739,7;11,38;33
2023;11;Actividades;Cursos;Andalucía;Cádiz;1;3;120;120;1
2023;11;Espectaculos;Musicales;Andalucía;Cádiz;18;56;244,26;13,57;8
2023;11;Espectaculos;Música;Andalucía;Cádiz;292;907;3358;11,5;146
2023;11;Espectaculos;Cultura, teatro y danza;Andalucía;Cádiz;33;103;405,57;12,29;15
2023;11;Espectaculos;Conferencias;Andalucía;Cádiz;428;1330;8748,32;20,44;182
2023;11;Espectaculos;Ferias;Andalucía;Cádiz;428;1330;8748,32;20,44;182
2023;11;Espectaculos;Música;Andalucía;Cádiz;254;789;3515,36;13,84;156
2023;11;Actividades;Deportes y aventuras;Andalucía;Cádiz;34;106;669,8;19,7;20
2023;11;Actividades;Actividades infantiles;Andalucía;Cádiz;34;106;669,8;19,7;20
2023;11;Espectaculos;Música;Andalucía;Cádiz;24;75;244,8;10,2;17
2023;11;Espectaculos;Música;Andalucía;Cádiz;368;1602;3805,12;10,34;263
2023;11;Espectaculos;Música;Andalucía;Cádiz;73;227;1113,98;15,26;32
2023;11;Espectaculos;Música;Andalucía;Cádiz;62;193;566,06;9,13;35
2023;11;Espectaculos;Cultura, teatro y danza;Andalucía;Cádiz;63;196;473,13;7,51;33
2023;11;Espectaculos;Música;Andalucía;Cádiz;68;211;1029,52;15,14;33
2023;11;Espectaculos;Musicales;Comunitat Valenciana;Castellón/Castelló;346;1075;5176,16;14,96;90
2023;11;Espectaculos;Música;Comunitat Valenciana;Castellón/Castelló;1030;3493;12267,3;11,91;536
2023;11;Actividades;Actividades infantiles;Comunitat Valenciana;Castellón/Castelló;356;1106;4478,48;12,58;95
2023;11;Espectaculos;Cultura, teatro y danza;Comunitat Valenciana;Castellón/Castelló;346;1075;5176,16;14,96;90
2023;11;Espectaculos;Música;Comunitat Valenciana;Castellón/Castelló;4;12;66;16,5;2
2023;11;Espectaculos;Cultura, teatro y danza;Comunitat Valenciana;Castellón/Castelló;645;2004;9623,4;14,92;234
2023;11;Actividades;Deportes y aventuras;Comunitat Valenciana;Castellón/Castelló;18;56;198,54;11,03;8
2023;11;Espectaculos;Música;Castilla - La Mancha;Ciudad Real;18;56;195,66;10,87;13
2023;11;Espectaculos;Conferencias;Castilla - La Mancha;Ciudad Real;24;75;1440;60;15
2023;11;Espectaculos;Música;Castilla - La Mancha;Ciudad Real;200;621;3036;15,18;92
2023;11;Actividades;Deportes y aventuras;Castilla - La Mancha;Ciudad Real;4;12;73,8;18,45;3
2023;11;Espectaculos;Música;Castilla - La Mancha;Ciudad Real;10;31;78,6;7,86;6
2023;11;Actividades;Actividades infantiles;Castilla - La Mancha;Ciudad Real;8;25;41,28;5,16;3
2023;11;Espectaculos;Cultura, teatro y danza;Castilla - La Mancha;Ciudad Real;68;211;443,36;6,52;33
2023;11;Espectaculos;Música;Castilla - La Mancha;Ciudad Real;221;687;2696,2;12,2;103
2023;11;Espectaculos;Música;Andalucía;Córdoba;19;59;285;15;8
2023;11;Espectaculos;Musicales;Andalucía;Córdoba;296;920;8794,16;29,71;103
2023;11;Espectaculos;Música;Andalucía;Córdoba;680;2113;8574,8;12,61;341
2023;11;Actividades;Actividades infantiles;Andalucía;Córdoba;196;609;2110,92;10,77;57
2023;11;Espectaculos;Cultura, teatro y danza;Andalucía;Córdoba;1363;4235;18741,25;13,75;520
2023;11;Espectaculos;Cine;Galicia;A Coruña;5;16;147,35;29,47;5
2023;11;Espectaculos;Musicales;Galicia;A Coruña;28;87;202,16;7,22;11
2023;11;Espectaculos;Música;Galicia;A Coruña;719;2234;10461,45;14,55;419
2023;11;Actividades;Actividades infantiles;Galicia;A Coruña;127;395;922,02;7,26;48
2023;11;Espectaculos;Cultura, teatro y danza;Galicia;A Coruña;127;395;922,02;7,26;48
2023;11;Espectaculos;Música;Galicia;A Coruña;59;183;525,1;8,9;38
2023;11;Espectaculos;Música;Galicia;A Coruña;26;81;183,3;7,05;18
2023;11;Actividades;Cursos;Galicia;A Coruña;7;22;546,49;78,07;5
2023;11;Espectaculos;Música;Galicia;A Coruña;292;907;7513,16;25,73;230
2023;11;Espectaculos;Música;Galicia;A Coruña;485;1507;6911,25;14,25;311
2023;11;Espectaculos;Música;Castilla - La Mancha;Cuenca;30;93;337,8;11,26;14
2023;11;Espectaculos;Cine;Castilla - La Mancha;Cuenca;9;28;45;5;3
2023;11;Espectaculos;Cultura, teatro y danza;Castilla - La Mancha;Cuenca;3;81;38,88;12,96;1
2023;11;Espectaculos;Cine;Cataluña;Girona;2;6;10;5;1
2023;11;Espectaculos;Musicales;Cataluña;Girona;5;16;62,4;12,48;2
2023;11;Espectaculos;Música;Cataluña;Girona;89;277;2505,35;28,15;39
2023;11;Espectaculos;Cultura, teatro y danza;Cataluña;Girona;5;16;62,4;12,48;2
2023;11;Espectaculos;Música;Cataluña;Girona;14;43;254,94;18,21;8
2023;11;Actividades;Cursos;Cataluña;Girona;3;9;960;320;3
2023;11;Espectaculos;Música;Cataluña;Girona;362;1125;6697;18,5;177
2023;11;Actividades;Actividades infantiles;Cataluña;Girona;34;106;856,46;25,19;14
2023;11;Espectaculos;Música;Cataluña;Girona;17;53;236,3;13,9;12
2023;11;Actividades;Deportes y aventuras;Cataluña;Girona;107;332;452,61;4,23;36
2023;11;Actividades;Actividades infantiles;Cataluña;Girona;102;317;397,8;3,9;33
2023;11;Actividades;Cursos;Cataluña;Girona;5;16;105;21;4
2023;11;Espectaculos;Música;Cataluña;Girona;562;1746;7575,76;13,48;267
2023;11;Espectaculos;Música;Cataluña;Girona;64;2256;945,28;14,77;25
2023;11;Espectaculos;Musicales;Cataluña;Girona;74;230;1302,4;17,6;21
2023;11;Espectaculos;Música;Cataluña;Girona;24;75;351,12;14,63;17
2023;11;Actividades;Actividades infantiles;Cataluña;Girona;74;230;1302,4;17,6;21
2023;11;Espectaculos;Cultura, teatro y danza;Cataluña;Girona;74;230;1302,4;17,6;21
2023;11;Espectaculos;Cine;Cataluña;Girona;2;6;8;4;1
2023;11;Espectaculos;Música;Cataluña;Girona;329;1023;5831,525;17,725;235
2023;11;Espectaculos;Cultura, teatro y danza;Cataluña;Girona;39;121;312,39;8,01;17
2023;11;Espectaculos;Música;Cataluña;Girona;6;19;30;5;3
2023;11;Actividades;Cursos;Cataluña;Girona;1;3;25;25;1
2023;11;Espectaculos;Música;Cataluña;Girona;58;180;1339,8;23,1;40
2023;11;Actividades;Cursos;Cataluña;Girona;6;19;720;120;5
2023;11;Actividades;Actividades infantiles;Cataluña;Girona;6;19;720;120;5
2023;11;Actividades;Gastronomía;Cataluña;Girona;6;19;720;120;5
2023;11;Espectaculos;Música;Cataluña;Girona;2;6;33,04;16,52;1
2023;11;Espectaculos;Música;Cataluña;Girona;47;146;235;5;25
2023;11;Espectaculos;Cultura, teatro y danza;Cataluña;Girona;19;59;459,99;24,21;12
2023;11;Espectaculos;Música;Andalucía;Granada;133;413;1331,33;10,01;66
2023;11;Espectaculos;Música;Andalucía;Granada;24;75;429,12;17,88;9
2023;11;Espectaculos;Cultura, teatro y danza;Andalucía;Granada;30;93;610,5;20,35;14
2023;11;Espectaculos;Música;Andalucía;Granada;48;149;1050,72;21,89;32
2023;11;Actividades;Deportes y aventuras;Andalucía;Granada;3;9;60;20;1
2023;11;Espectaculos;Música;Andalucía;Granada;22;68;229,68;10,44;9
2023;11;Espectaculos;Musicales;Andalucía;Granada;97;301;770,18;7,94;47
2023;11;Espectaculos;Música;Andalucía;Granada;1469;5180;16203,07;11,03;845
2023;11;Actividades;Actividades infantiles;Andalucía;Granada;25;78;321,25;12,85;11
2023;11;Espectaculos;Cultura, teatro y danza;Andalucía;Granada;739;2296;5601,62;7,58;346
2023;11;Actividades;Cursos;Andalucía;Granada;6;19;72;12;4
2023;11;Actividades;Actividades infantiles;Andalucía;Granada;7;22;98;14;4
2023;11;Espectaculos;Cultura, teatro y danza;Andalucía;Granada;7;22;98;14;4
2023;11;Espectaculos;Música;Andalucía;Granada;24;75;123,84;5,16;14
2023;11;Espectaculos;Música;Castilla - La Mancha;Guadalajara;233;724;3091,91;13,27;97
2023;11;Actividades;Actividades infantiles;Castilla - La Mancha;Guadalajara;122;445;1498,16;12,28;41
2023;11;Espectaculos;Música;País Vasco;Gipuzkoa;191;593;1793,49;9,39;84
2023;11;Espectaculos;Cultura, teatro y danza;País Vasco;Gipuzkoa;384;1193;2330,88;6,07;119
2023;11;Actividades;Cursos;País Vasco;Gipuzkoa;1;3;15;15;1
2023;11;Espectaculos;Cine;País Vasco;Gipuzkoa;38;206;134,9;3,55;18
2023;11;Espectaculos;Música;País Vasco;Gipuzkoa;1846;5736;23684,18;12,83;873
2023;11;Actividades;Actividades infantiles;País Vasco;Gipuzkoa;838;2408;5606,22;6,69;262
2023;11;Espectaculos;Cultura, teatro y danza;País Vasco;Gipuzkoa;984;2975;6937,2;7,05;432
2023;11;Espectaculos;Cultura, teatro y danza;País Vasco;Gipuzkoa;83;258;284,69;3,43;44
2023;11;Espectaculos;Música;País Vasco;Gipuzkoa;2;6;40;20;1
2023;11;Espectaculos;Música;País Vasco;Gipuzkoa;263;817;3287,5;12,5;178
2023;11;Espectaculos;Cine;País Vasco;Gipuzkoa;39;121;117;3;20
2023;11;Espectaculos;Música;País Vasco;Gipuzkoa;99;308;801,9;8,1;45
2023;11;Espectaculos;Cultura, teatro y danza;País Vasco;Gipuzkoa;307;954;1900,33;6,19;140
2023;11;Espectaculos;Música;País Vasco;Gipuzkoa;1;3;8;8;1
2023;11;Espectaculos;Cultura, teatro y danza;País Vasco;Gipuzkoa;192;597;520,32;2,71;78
2023;11;Espectaculos;Cine;País Vasco;Gipuzkoa;77;239;463,54;6,02;52
2023;11;Espectaculos;Música;País Vasco;Gipuzkoa;189;588;1931,58;10,22;102
2023;11;Actividades;Actividades infantiles;País Vasco;Gipuzkoa;26;81;267,8;10,3;17
2023;11;Actividades;Actividades infantiles;Andalucía;Huelva;639;1985;2920,23;4,57;137
2023;11;Espectaculos;Cultura, teatro y danza;Andalucía;Huelva;639;1985;2920,23;4,57;137
2023;11;Espectaculos;Museo y exposiciones;Andalucía;Huelva;639;1985;2920,23;4,57;137
2023;11;Espectaculos;Música;Andalucía;Huelva;11;34;110,99;10,09;7
2023;11;Espectaculos;Música;Aragón;Huesca;193;600;2053,52;10,64;162
2023;11;Espectaculos;Música;Aragón;Huesca;282;876;3488,34;12,37;163
2023;11;Espectaculos;Música;Aragón;Huesca;92;286;1527,2;16,6;42
2023;11;Espectaculos;Música;Aragón;Huesca;50;155;521,5;10,43;24
2023;11;Espectaculos;Música;Andalucía;Jaén;13;40;119,99;9,23;3
2023;11;Espectaculos;Música;Andalucía;Jaén;105;326;1320,9;12,58;47
2023;11;Espectaculos;Música;Andalucía;Jaén;5;16;25;5;1
2023;11;Espectaculos;Música;Andalucía;Jaén;345;1072;4740,3;13,74;182
2023;11;Espectaculos;Cultura, teatro y danza;Andalucía;Jaén;79;245;538,78;6,82;27
2023;11;Espectaculos;Música;Andalucía;Jaén;200;621;5000;25;200
2023;11;Actividades;Actividades infantiles;Andalucía;Jaén;200;621;5000;25;200
2023;11;Espectaculos;Música;Castilla y León;León;273;848;3087,63;11,31;152
2023;11;Actividades;Deportes y aventuras;Castilla y León;León;48;149;1087,68;22,66;25
2023;11;Espectaculos;Música;Castilla y León;León;91;283;1200,29;13,19;42
2023;11;Espectaculos;Música;Cataluña;Lleida;152;472;1161,28;7,64;108
2023;11;Espectaculos;Música;Cataluña;Lleida;33;103;462;14;16
2023;11;Espectaculos;Música;Cataluña;Lleida;465;1445;6356,55;13,67;230
2023;11;Espectaculos;Música;Cataluña;Lleida;20;62;196,4;9,82;14
2023;11;Espectaculos;Música;Cataluña;Lleida;5;16;50;10;4
2023;11;Espectaculos;Música;La Rioja;La Rioja;333;1035;4279,05;12,85;300
2023;11;Espectaculos;Música;La Rioja;La Rioja;64;199;518,4;8,1;27
2023;11;Espectaculos;Cultura, teatro y danza;La Rioja;La Rioja;12;37;36;3;2
2023;11;Espectaculos;Musicales;La Rioja;La Rioja;79;245;1294,81;16,39;17
2023;11;Espectaculos;Música;La Rioja;La Rioja;244;758;3808,84;15,61;120
2023;11;Actividades;Actividades infantiles;La Rioja;La Rioja;209;649;2027,3;9,7;61
2023;11;Espectaculos;Cultura, teatro y danza;La Rioja;La Rioja;619;1923;18390,49;29,71;209
2023;11;Espectaculos;Música;La Rioja;La Rioja;5;16;600;120;4
2023;11;Espectaculos;Música;Galicia;Lugo;106;329;1359,98;12,83;57
2023;11;Actividades;Deportes y aventuras;Galicia;Lugo;37;115;2421,28;65,44;34
2023;11;Espectaculos;Musicales;Galicia;Lugo;304;945;4940;16,25;100
2023;11;Actividades;Actividades infantiles;Galicia;Lugo;304;945;4940;16,25;100
2023;11;Espectaculos;Cultura, teatro y danza;Galicia;Lugo;304;945;4940;16,25;100
2023;11;Espectaculos;Musicales;Galicia;Lugo;63;196;1015,56;16,12;20
2023;11;Actividades;Actividades infantiles;Galicia;Lugo;63;196;1015,56;16,12;20
2023;11;Espectaculos;Cultura, teatro y danza;Galicia;Lugo;63;196;1015,56;16,12;20
2023;11;Espectaculos;Conferencias;Comunidad de Madrid;Madrid;1;3;25,54;25,54;1
2023;11;Espectaculos;Musicales;Comunidad de Madrid;Madrid;73;227;868,7;11,9;26
2023;11;Espectaculos;Música;Comunidad de Madrid;Madrid;165;513;1727,55;10,47;93
2023;11;Actividades;Actividades infantiles;Comunidad de Madrid;Madrid;36;112;229,68;6,38;12
2023;11;Espectaculos;Cultura, teatro y danza;Comunidad de Madrid;Madrid;190;590;2192,6;11,54;71
2023;11;Espectaculos;Cultura, teatro y danza;Comunidad de Madrid;Madrid;93;289;515,22;5,54;30
2023;11;Espectaculos;Música;Comunidad de Madrid;Madrid;160;491;1729,6;10,81;100
2023;11;Actividades;Gastronomía;Comunidad de Madrid;Madrid;40;124;489,6;12,24;19
2023;11;Espectaculos;Conferencias;Comunidad de Madrid;Madrid;17;53;1901,45;111,85;13
2023;11;Espectaculos;Ferias;Comunidad de Madrid;Madrid;17;53;1901,45;111,85;13
2023;11;Espectaculos;Música;Comunidad de Madrid;Madrid;74;230;2845,3;38,45;39
2023;11;Espectaculos;Cultura, teatro y danza;Comunidad de Madrid;Madrid;4800;14914;24000;5;1084
2023;11;Espectaculos;Música;Comunidad de Madrid;Madrid;78;242;4615,26;59,17;22
2023;11;Espectaculos;Cultura, teatro y danza;Comunidad de Madrid;Madrid;92;286;579,6;6,3;37
2023;11;Espectaculos;Música;Comunidad de Madrid;Madrid;10;31;103,1;10,31;7
2023;11;Espectaculos;Música;Comunidad de Madrid;Madrid;41;127;246;6;13
2023;11;Actividades;Actividades infantiles;Comunidad de Madrid;Madrid;35;109;140;4;11
2023;11;Espectaculos;Musicales;Comunidad de Madrid;Madrid;95;295;387,6;4,08;27
2023;11;Actividades;Actividades infantiles;Comunidad de Madrid;Madrid;95;295;387,6;4,08;27
2023;11;Espectaculos;Cultura, teatro y danza;Comunidad de Madrid;Madrid;95;295;387,6;4,08;27
2023;11;Espectaculos;Música;Comunidad de Madrid;Madrid;140;1552;1061,2;7,58;77
2023;11;Espectaculos;Cultura, teatro y danza;Comunidad de Madrid;Madrid;254;1205;1201,42;4,73;96
2023;11;Espectaculos;Música;Comunidad de Madrid;Madrid;30;93;214,5;7,15;14
2023;11;Actividades;Actividades infantiles;Comunidad de Madrid;Madrid;124;385;365,8;2,95;39
2023;11;Espectaculos;Conferencias;Comunidad de Madrid;Madrid;112;3152;1180,48;10,54;95
2023;11;Actividades;Cursos;Comunidad de Madrid;Madrid;376;1075;20179,92;53,67;367
2023;11;Espectaculos;Cine;Comunidad de Madrid;Madrid;10;31;81,7;8,17;6
2023;11;Espectaculos;Musicales;Comunidad de Madrid;Madrid;2335;7255;37126,5;15,9;337
2023;11;Espectaculos;Ferias;Comunidad de Madrid;Madrid;112;1824;1180,48;10,54;95
2023;11;Espectaculos;Música;Comunidad de Madrid;Madrid;35468;104637;479527,36;13,52;20541
2023;11;Actividades;Deportes y aventuras;Comunidad de Madrid;Madrid;72;2003;1470,24;20,42;63
2023;11;Actividades;Actividades infantiles;Comunidad de Madrid;Madrid;853;9541;9255,05;10,85;365
2023;11;Espectaculos;Cultura, teatro y danza;Comunidad de Madrid;Madrid;4568;13072;75372;16,5;1552
2023;11;Actividades;Gastronomía;Comunidad de Madrid;Madrid;326;1013;7579,5;23,25;150
2023;11;Espectaculos;Música;Comunidad de Madrid;Madrid;60;186;295,2;4,92;23
2023;11;Espectaculos;Cultura, teatro y danza;Comunidad de Madrid;Madrid;2;6;20;10;1
2023;11;Espectaculos;Musicales;Comunidad de Madrid;Madrid;199;618;979,08;4,92;65
2023;11;Espectaculos;Cultura, teatro y danza;Comunidad de Madrid;Madrid;199;618;979,08;4,92;65
2023;11;Espectaculos;Musicales;Comunidad de Madrid;Madrid;100;311;1015;10,15;27
2023;11;Actividades;Actividades infantiles;Comunidad de Madrid;Madrid;100;311;1015;10,15;27
2023;11;Espectaculos;Cultura, teatro y danza;Comunidad de Madrid;Madrid;100;311;1015;10,15;27
2023;11;Espectaculos;Música;Comunidad de Madrid;Madrid;14;43;212,52;15,18;7
2023;11;Actividades;Cursos;Comunidad de Madrid;Madrid;9;28;130,5;14,5;4
2023;11;Espectaculos;Música;Comunidad de Madrid;Madrid;561;1743;5424,87;9,67;268
2023;11;Actividades;Actividades infantiles;Comunidad de Madrid;Madrid;88;274;914,32;10,39;26
2023;11;Espectaculos;Cultura, teatro y danza;Comunidad de Madrid;Madrid;53;165;543,25;10,25;23
2023;11;Espectaculos;Música;Comunidad de Madrid;Madrid;111;345;964,59;8,69;38
2023;11;Actividades;Actividades infantiles;Comunidad de Madrid;Madrid;1;3;29,9;29,9;1
2023;11;Espectaculos;Cultura, teatro y danza;Comunidad de Madrid;Madrid;1;3;29,9;29,9;1
2023;11;Espectaculos;Música;Comunidad de Madrid;Madrid;52;162;730,08;14,04;32
2023;11;Espectaculos;Musicales;Comunidad de Madrid;Madrid;73;227;219;3;16
2023;11;Espectaculos;Música;Comunidad de Madrid;Madrid;66;205;198;3;16
2023;11;Actividades;Actividades infantiles;Comunidad de Madrid;Madrid;219;680;657;3;60
2023;11;Espectaculos;Cultura, teatro y danza;Comunidad de Madrid;Madrid;205;637;713,4;3,48;72
2023;11;Espectaculos;Música;Comunidad de Madrid;Madrid;27;84;336,42;12,46;11
2023;11;Espectaculos;Música;Comunidad de Madrid;Madrid;153;475;1624,86;10,62;45
2023;11;Actividades;Actividades infantiles;Comunidad de Madrid;Madrid;153;475;1624,86;10,62;45
2023;11;Espectaculos;Música;Andalucía;Málaga;9;28;92,79;10,31;6
2023;11;Actividades;Cursos;Andalucía;Málaga;14;43;180,04;12,86;8
2023;11;Espectaculos;Música;Andalucía;Málaga;30;93;211,2;7,04;16
2023;11;Espectaculos;Música;Andalucía;Málaga;29;90;470,67;16,23;15
2023;11;Actividades;Cursos;Andalucía;Málaga;130;404;2111,2;16,24;122
2023;11;Espectaculos;Musicales;Andalucía;Málaga;153;475;3211,47;20,99;45
2023;11;Espectaculos;Música;Andalucía;Málaga;1816;11300;28365,92;15,62;1048
2023;11;Actividades;Actividades infantiles;Andalucía;Málaga;835;2594;9377,05;11,23;352
2023;11;Espectaculos;Cultura, teatro y danza;Andalucía;Málaga;932;2896;9413,2;10,1;343
2023;11;Espectaculos;Música;Andalucía;Málaga;34;106;205,36;6,04;16
2023;11;Actividades;Deportes y aventuras;Andalucía;Málaga;41;127;1189;29;25
2023;11;Espectaculos;Cultura, teatro y danza;Andalucía;Málaga;155;482;2345,15;15,13;61
2023;11;Actividades;Cursos;Andalucía;Málaga;2;6;30;15;2
2023;11;Espectaculos;Música;Andalucía;Málaga;265;824;3301,9;12,46;104
2023;11;Actividades;Gastronomía;Andalucía;Málaga;233;724;3369,18;14,46;88
2023;11;Espectaculos;Música;Andalucía;Málaga;65;202;1290,9;19,86;39
2023;11;Espectaculos;Música;Región de Murcia;Murcia;47;146;940;20;34
2023;11;Actividades;Deportes y aventuras;Región de Murcia;Murcia;4;12;191,24;47,81;3
2023;11;Espectaculos;Música;Región de Murcia;Murcia;18;56;367,74;20,43;12
2023;11;Actividades;Actividades infantiles;Región de Murcia;Murcia;18;56;367,74;20,43;12
2023;11;Espectaculos;Cultura, teatro y danza;Región de Murcia;Murcia;85;264;697,85;8,21;35
2023;11;Espectaculos;Musicales;Región de Murcia;Murcia;103;320;1078,41;10,47;48
2023;11;Espectaculos;Música;Región de Murcia;Murcia;1942;6035;27751,18;14,29;1231
2023;11;Actividades;Actividades infantiles;Región de Murcia;Murcia;41;127;106,6;2,6;15
2023;11;Espectaculos;Cultura, teatro y danza;Región de Murcia;Murcia;470;1460;3586,1;7,63;221
2023;11;Actividades;Gastronomía;Región de Murcia;Murcia;44;137;359,92;8,18;20
2023;11;Espectaculos;Música;Región de Murcia;Murcia;72;224;722,88;10,04;35
2023;11;Espectaculos;Música;Comunidad Foral de Navarra;Navarra;409;1271;6208,62;15,18;312
2023;11;Espectaculos;Conferencias;Comunidad Foral de Navarra;Navarra;4;12;155,04;38,76;2
2023;11;Actividades;Cursos;Comunidad Foral de Navarra;Navarra;5;16;52;10,4;3
2023;11;Espectaculos;Música;Comunidad Foral de Navarra;Navarra;3764;10954;56384,72;14,98;1906
2023;11;Actividades;Deportes y aventuras;Comunidad Foral de Navarra;Navarra;156;485;2403,96;15,41;70
2023;11;Actividades;Actividades infantiles;Comunidad Foral de Navarra;Navarra;33;103;481,8;14,6;16
2023;11;Actividades;Gastronomía;Comunidad Foral de Navarra;Navarra;5;16;52;10,4;3
2023;11;Espectaculos;Conferencias;Galicia;Ourense;10;31;100;10;10
2023;11;Espectaculos;Música;Galicia;Ourense;132;376;2707,32;20,51;65
2023;11;Espectaculos;Música;Galicia;Ourense;77;239;1221,22;15,86;31
2023;11;Espectaculos;Música;Principado de Asturias;Asturias;39;121;895,83;22,97;23
2023;11;Actividades;Cursos;Principado de Asturias;Asturias;2;6;45;22,5;2
2023;11;Espectaculos;Musicales;Principado de Asturias;Asturias;9;28;64,98;7,22;4
2023;11;Espectaculos;Música;Principado de Asturias;Asturias;415;1289;5295,4;12,76;232
2023;11;Actividades;Actividades infantiles;Principado de Asturias;Asturias;71;221;816,5;11,5;30
2023;11;Espectaculos;Cultura, teatro y danza;Principado de Asturias;Asturias;155;482;1339,2;8,64;76
2023;11;Espectaculos;Musicales;Principado de Asturias;Asturias;74;230;1302,4;17,6;21
2023;11;Espectaculos;Música;Principado de Asturias;Asturias;24;75;351,12;14,63;17
2023;11;Actividades;Actividades infantiles;Principado de Asturias;Asturias;74;230;1302,4;17,6;21
2023;11;Espectaculos;Cultura, teatro y danza;Principado de Asturias;Asturias;74;230;1302,4;17,6;21
2023;11;Espectaculos;Musicales;Principado de Asturias;Asturias;79;245;1477,3;18,7;22
2023;11;Actividades;Actividades infantiles;Principado de Asturias;Asturias;79;245;1477,3;18,7;22
2023;11;Espectaculos;Cultura, teatro y danza;Principado de Asturias;Asturias;79;245;1477,3;18,7;22
2023;11;Espectaculos;Música;Principado de Asturias;Asturias;873;2713;11829,15;13,55;509
2023;11;Espectaculos;Música;Principado de Asturias;Asturias;445;1383;7956,6;17,88;258
2023;11;Espectaculos;Música;Castilla y León;Palencia;74;230;1122,58;15,17;40
2023;11;Espectaculos;Música;Canarias;Las Palmas;1350;4195;6750;5;529
2023;11;Espectaculos;Música;Canarias;Las Palmas;85;264;857,65;10,09;44
2023;11;Espectaculos;Música;Canarias;Las Palmas;488;1516;8017,84;16,43;224
2023;11;Espectaculos;Cultura, teatro y danza;Canarias;Las Palmas;76;236;1231,2;16,2;25
2023;11;Espectaculos;Música;Canarias;Las Palmas;3;9;17,4;5,8;2
2023;11;Actividades;Deportes y aventuras;Canarias;Las Palmas;60;186;300;5;28
2023;11;Actividades;Actividades infantiles;Canarias;Las Palmas;58;180;336,4;5,8;17
2023;11;Espectaculos;Cultura, teatro y danza;Canarias;Las Palmas;795;2470;8641,65;10,87;256
2023;11;Espectaculos;Música;Canarias;Las Palmas;207;643;2074,14;10,02;94
2023;11;Espectaculos;Cine;Canarias;Las Palmas;9;28;45;5;3
2023;11;Espectaculos;Cultura, teatro y danza;Canarias;Las Palmas;3;81;38,88;12,96;1
2023;11;Actividades;Cursos;Canarias;Las Palmas;1;164;11;11;1
2023;11;Espectaculos;Musicales;Canarias;Las Palmas;214;665;1806,16;8,44;112
2023;11;Espectaculos;Música;Canarias;Las Palmas;2688;8953;25025,28;9,31;1121
2023;11;Actividades;Actividades infantiles;Canarias;Las Palmas;60;186;430,8;7,18;37
2023;11;Espectaculos;Cultura, teatro y danza;Canarias;Las Palmas;786;2300;10107,96;12,86;420
2023;11;Actividades;Gastronomía;Canarias;Las Palmas;64;198;511,36;7,99;39
2023;11;Espectaculos;Música;Canarias;Las Palmas;58;266;4779,78;82,41;30
2023;11;Espectaculos;Cultura, teatro y danza;Canarias;Las Palmas;212;2800;3180;15;92
2023;11;Espectaculos;Música;Canarias;Las Palmas;35;109;729,4;20,84;28
2023;11;Espectaculos;Cultura, teatro y danza;Canarias;Las Palmas;127;395;2463,8;19,4;58
2023;11;Espectaculos;Música;Canarias;Las Palmas;22;68;243,32;11,06;16
2023;11;Actividades;Deportes y aventuras;Canarias;Las Palmas;571;1774;2169,8;3,8;241
2023;11;Espectaculos;Música;Canarias;Las Palmas;546;2112;2582,58;4,73;187
2023;11;Actividades;Actividades infantiles;Canarias;Las Palmas;307;954;1903,4;6,2;89
2023;11;Espectaculos;Cultura, teatro y danza;Canarias;Las Palmas;639;1886;4600,8;7,2;223
2023;11;Espectaculos;Conferencias;Canarias;Las Palmas;54;168;270;5;37
2023;11;Espectaculos;Ferias;Canarias;Las Palmas;54;168;270;5;37
2023;11;Espectaculos;Música;Canarias;Las Palmas;113;351;339;3;34
2023;11;Actividades;Deportes y aventuras;Canarias;Las Palmas;43;134;297,13;6,91;24
2023;11;Actividades;Actividades infantiles;Canarias;Las Palmas;232;721;856,08;3,69;63
2023;11;Espectaculos;Cultura, teatro y danza;Canarias;Las Palmas;365;1134;1901,65;5,21;124
2023;11;Espectaculos;Música;Galicia;Pontevedra;20;62;200,8;10,04;14
2023;11;Espectaculos;Música;Galicia;Pontevedra;429;1333;7160,01;16,69;264
2023;11;Espectaculos;Conferencias;Galicia;Pontevedra;62;193;803,52;12,96;28
2023;11;Espectaculos;Musicales;Galicia;Pontevedra;67;208;289,44;4,32;29
2023;11;Espectaculos;Música;Galicia;Pontevedra;643;1998;9072,73;14,11;349
2023;11;Espectaculos;Cultura, teatro y danza;Galicia;Pontevedra;388;1206;2611,24;6,73;167
2023;11;Espectaculos;Música;Galicia;Pontevedra;121;376;3896,2;32,2;71
2023;11;Espectaculos;Cultura, teatro y danza;Castilla y León;Salamanca;209;1031;1072,17;5,13;93
2023;11;Espectaculos;Musicales;Castilla y León;Salamanca;20;62;201;10,05;8
2023;11;Espectaculos;Música;Castilla y León;Salamanca;722;2243;8664;12;456
2023;11;Espectaculos;Cultura, teatro y danza;Castilla y León;Salamanca;56;174;422,8;7,55;25
2023;11;Espectaculos;Música;Canarias;Santa Cruz de Tenerife;94;292;2248,48;23,92;66
2023;11;Espectaculos;Música;Canarias;Santa Cruz de Tenerife;97;302;1435,6;14,8;52
2023;11;Actividades;Deportes y aventuras;Canarias;Santa Cruz de Tenerife;22;68;439,34;19,97;11
2023;11;Espectaculos;Cultura, teatro y danza;Canarias;Santa Cruz de Tenerife;20;62;199,2;9,96;8
2023;11;Actividades;Cursos;Canarias;Santa Cruz de Tenerife;16;50;157,76;9,86;12
2023;11;Espectaculos;Música;Canarias;Santa Cruz de Tenerife;1365;4241;77395,5;56,7;1065
2023;11;Espectaculos;Música;Canarias;Santa Cruz de Tenerife;438;1361;9995,16;22,82;186
2023;11;Actividades;Actividades infantiles;Canarias;Santa Cruz de Tenerife;162;503;1824,12;11,26;61
2023;11;Espectaculos;Cultura, teatro y danza;Canarias;Santa Cruz de Tenerife;68;211;1806,08;26,56;31
2023;11;Espectaculos;Música;Canarias;Santa Cruz de Tenerife;22;68;599,5;27,25;15
2023;11;Espectaculos;Música;Canarias;Santa Cruz de Tenerife;537;1668;6325,86;11,78;349
2023;11;Actividades;Actividades infantiles;Canarias;Santa Cruz de Tenerife;73;227;1040,25;14,25;47
2023;11;Espectaculos;Cultura, teatro y danza;Canarias;Santa Cruz de Tenerife;104;323;1200,16;11,54;60
2023;11;Espectaculos;Música;Canarias;Santa Cruz de Tenerife;486;1510;7095,6;14,6;227
2023;11;Actividades;Actividades infantiles;Canarias;Santa Cruz de Tenerife;10;31;97,2;9,72;5
2023;11;Espectaculos;Cultura, teatro y danza;Canarias;Santa Cruz de Tenerife;246;1647;2937,24;11,94;106
2023;11;Espectaculos;Música;Canarias;Santa Cruz de Tenerife;4;12;34,88;8,72;3
2023;11;Actividades;Cursos;Cantabria;Cantabria;4;12;500;125;4
2023;11;Espectaculos;Musicales;Cantabria;Cantabria;79;245;1603,7;20,3;24
2023;11;Espectaculos;Música;Cantabria;Cantabria;261;811;3223,35;12,35;133
2023;11;Actividades;Actividades infantiles;Cantabria;Cantabria;84;261;1332,24;15,86;25
2023;11;Espectaculos;Cultura, teatro y danza;Cantabria;Cantabria;637;2017;5248,88;8,24;234
2023;11;Espectaculos;Música;Castilla y León;Segovia;4;12;33;8,25;1
2023;11;Espectaculos;Cine;Castilla y León;Segovia;10;31;30;3;6
2023;11;Espectaculos;Música;Castilla y León;Segovia;239;743;1780,55;7,45;113
2023;11;Espectaculos;Cultura, teatro y danza;Andalucía;Sevilla;27;84;201,69;7,47;14
2023;11;Espectaculos;Música;Andalucía;Sevilla;24;75;698,88;29,12;12
2023;11;Espectaculos;Música;Andalucía;Sevilla;32;99;734,4;22,95;18
2023;11;Actividades;Actividades infantiles;Andalucía;Sevilla;32;99;734,4;22,95;18
2023;11;Actividades;Deportes y aventuras;Andalucía;Sevilla;18;274;87,84;4,88;9
2023;11;Actividades;Actividades infantiles;Andalucía;Sevilla;18;56;87,84;4,88;9
2023;11;Espectaculos;Cultura, teatro y danza;Andalucía;Sevilla;39;121;117;3;24
2023;11;Espectaculos;Música;Andalucía;Sevilla;11;34;123,97;11,27;4
2023;11;Espectaculos;Música;Andalucía;Sevilla;21;66;188,16;8,96;14
2023;11;Espectaculos;Música;Andalucía;Sevilla;11;34;157,85;14,35;4
2023;11;Actividades;Actividades infantiles;Andalucía;Sevilla;2;6;26,4;13,2;1
2023;11;Espectaculos;Música;Andalucía;Sevilla;45;140;1260;28;28
2023;11;Espectaculos;Música;Andalucía;Sevilla;104;323;613,6;5,9;36
2023;11;Espectaculos;Cine;Andalucía;Sevilla;293;2108;1169,07;3,99;93
2023;11;Espectaculos;Musicales;Andalucía;Sevilla;229;712;2262,52;9,88;97
2023;11;Espectaculos;Música;Andalucía;Sevilla;3492;10559;40472,28;11,59;1809
2023;11;Actividades;Deportes y aventuras;Andalucía;Sevilla;17;53;94,86;5,58;8
2023;11;Actividades;Actividades infantiles;Andalucía;Sevilla;666;2069;6586,74;9,89;225
2023;11;Espectaculos;Cultura, teatro y danza;Andalucía;Sevilla;1872;5853;24298,56;12,98;856
2023;11;Espectaculos;Museo y exposiciones;Andalucía;Sevilla;26;298;320,58;12,33;14
2023;11;Espectaculos;Música;Andalucía;Sevilla;14;43;99,96;7,14;6
2023;11;Espectaculos;Cultura, teatro y danza;Andalucía;Sevilla;35;109;366,1;10,46;14
2023;11;Espectaculos;Museo y exposiciones;Andalucía;Sevilla;35;109;366,1;10,46;14
2023;11;Espectaculos;Cultura, teatro y danza;Castilla y León;Soria;4;12;45,08;11,27;2
2023;11;Espectaculos;Música;Castilla y León;Soria;426;1324;5695,62;13,37;414
2023;11;Espectaculos;Música;Cataluña;Tarragona;38;118;304;8;17
2023;11;Espectaculos;Música;Cataluña;Tarragona;15;47;255,15;17,01;9
2023;11;Actividades;Cursos;Cataluña;Tarragona;45;140;742,5;16,5;32
2023;11;Actividades;Actividades infantiles;Cataluña;Tarragona;40;124;591,2;14,78;13
2023;11;Espectaculos;Cultura, teatro y danza;Cataluña;Tarragona;40;124;591,2;14,78;13
2023;11;Espectaculos;Museo y exposiciones;Cataluña;Tarragona;40;124;591,2;14,78;13
2023;11;Espectaculos;Música;Cataluña;Tarragona;246;764;15574,26;63,31;121
2023;11;Espectaculos;Cultura, teatro y danza;Cataluña;Tarragona;54;168;822,96;15,24;22
2023;11;Espectaculos;Música;Cataluña;Tarragona;27;84;528,12;19,56;15
2023;11;Espectaculos;Música;Cataluña;Tarragona;72;224;579,6;8,05;28
2023;11;Espectaculos;Música;Cataluña;Tarragona;4;12;84;21;2
2023;11;Espectaculos;Música;Cataluña;Tarragona;56;174;1320,48;23,58;28
2023;11;Actividades;Cursos;Cataluña;Tarragona;2;6;202;101;1
2023;11;Espectaculos;Música;Cataluña;Tarragona;268;833;19622,96;73,22;152
2023;11;Espectaculos;Música;Cataluña;Tarragona;904;2809;14916;16,5;757
2023;11;Espectaculos;Música;Cataluña;Tarragona;43;134;989;23;18
2023;11;Espectaculos;Música;Cataluña;Tarragona;40;124;980;24,5;27
2023;11;Espectaculos;Música;Cataluña;Tarragona;71;221;552,38;7,78;26
2023;11;Espectaculos;Música;Cataluña;Tarragona;420;1395;5187;12,35;240
2023;11;Actividades;Deportes y aventuras;Cataluña;Tarragona;13;40;592,02;45,54;11
2023;11;Actividades;Actividades infantiles;Cataluña;Tarragona;29;90;780,97;26,93;19
2023;11;Espectaculos;Cultura, teatro y danza;Cataluña;Tarragona;172;1984;1037,16;6,03;88
2023;11;Espectaculos;Música;Cataluña;Tarragona;178;553;1990,04;11,18;89
2023;11;Espectaculos;Música;Cataluña;Tarragona;176;547;1974,72;11,22;78
2023;11;Espectaculos;Música;Cataluña;Tarragona;69;214;715,53;10,37;26
2023;11;Espectaculos;Cine;Aragón;Teruel;7;22;31,5;4,5;4
2023;11;Espectaculos;Música;Aragón;Teruel;549;1706;14235,57;25,93;373
2023;11;Actividades;Cursos;Castilla - La Mancha;Toledo;1;3;13;13;1
2023;11;Espectaculos;Cultura, teatro y danza;Castilla - La Mancha;Toledo;2;6;258;129;1
2023;11;Espectaculos;Música;Castilla - La Mancha;Toledo;36;112;2264,04;62,89;32
2023;11;Espectaculos;Música;Castilla - La Mancha;Toledo;294;913;3172,26;10,79;132
2023;11;Espectaculos;Cultura, teatro y danza;Castilla - La Mancha;Toledo;123;382;648,21;5,27;47
2023;11;Espectaculos;Música;Castilla - La Mancha;Toledo;124;385;1258,6;10,15;55
2023;11;Actividades;Actividades infantiles;Castilla - La Mancha;Toledo;59;183;392,94;6,66;13
2023;11;Espectaculos;Cultura, teatro y danza;Castilla - La Mancha;Toledo;59;183;392,94;6,66;13
2023;11;Espectaculos;Museo y exposiciones;Castilla - La Mancha;Toledo;59;183;392,94;6,66;13
2023;11;Actividades;Actividades infantiles;Comunitat Valenciana;Valencia/València;17;53;151,64;8,92;6
2023;11;Espectaculos;Cultura, teatro y danza;Comunitat Valenciana;Valencia/València;26;81;182,26;7,01;11
2023;11;Actividades;Gastronomía;Comunitat Valenciana;Valencia/València;17;53;151,64;8,92;6
2023;11;Espectaculos;Música;Comunitat Valenciana;Valencia/València;108;597;3197,88;29,61;51
2023;11;Espectaculos;Cultura, teatro y danza;Comunitat Valenciana;Valencia/València;668;2076;4843;7,25;190
2023;11;Espectaculos;Música;Comunitat Valenciana;Valencia/València;31;96;418,5;13,5;20
2023;11;Espectaculos;Música;Comunitat Valenciana;Valencia/València;68;211;1599,36;23,52;36
2023;11;Espectaculos;Cultura, teatro y danza;Comunitat Valenciana;Valencia/València;26;81;336,7;12,95;8
2023;11;Espectaculos;Museo y exposiciones;Comunitat Valenciana;Valencia/València;26;81;336,7;12,95;8
2023;11;Actividades;Deportes y aventuras;Comunitat Valenciana;Valencia/València;51;158;605,37;11,87;42
2023;11;Actividades;Actividades infantiles;Comunitat Valenciana;Valencia/València;51;158;605,37;11,87;42
2023;11;Espectaculos;Música;Comunitat Valenciana;Valencia/València;656;1895;4795,36;7,31;348
2023;11;Actividades;Gastronomía;Comunitat Valenciana;Valencia/València;246;758;1977,84;8,04;87
2023;11;Espectaculos;Música;Comunitat Valenciana;Valencia/València;477;1482;3186,36;6,68;303
2023;11;Espectaculos;Música;Comunitat Valenciana;Valencia/València;42;130;924;22;25
2023;11;Actividades;Cursos;Comunitat Valenciana;Valencia/València;3;9;291;97;2
2023;11;Espectaculos;Musicales;Comunitat Valenciana;Valencia/València;791;2458;8590,26;10,86;256
2023;11;Espectaculos;Música;Comunitat Valenciana;Valencia/València;2067;6062;27346,41;13,23;1144
2023;11;Actividades;Actividades infantiles;Comunitat Valenciana;Valencia/València;3779;11742;67681,89;17,91;1104
2023;11;Espectaculos;Cultura, teatro y danza;Comunitat Valenciana;Valencia/València;4859;15097;51942,71;10,69;1558
2023;11;Actividades;Gastronomía;Comunitat Valenciana;Valencia/València;16;50;478,24;29,89;7
2023;11;Actividades;Actividades infantiles;Castilla y León;Valladolid;70;217;181,3;2,59;20
2023;11;Espectaculos;Cultura, teatro y danza;Castilla y León;Valladolid;70;217;181,3;2,59;20
2023;11;Espectaculos;Cultura, teatro y danza;Castilla y León;Valladolid;35;109;175;5;10
2023;11;Actividades;Cursos;Castilla y León;Valladolid;44;137;1369,28;31,12;31
2023;11;Espectaculos;Cultura, teatro y danza;Castilla y León;Valladolid;34;183;306;9;21
2023;11;Espectaculos;Cultura, teatro y danza;Castilla y León;Valladolid;93;289;403,62;4,34;35
2023;11;Espectaculos;Cultura, teatro y danza;Castilla y León;Valladolid;51;158;1253,07;24,57;32
2023;11;Espectaculos;Musicales;Castilla y León;Valladolid;99;308;1465,2;14,8;35
2023;11;Espectaculos;Música;Castilla y León;Valladolid;1173;3644;16175,67;13,79;576
2023;11;Actividades;Actividades infantiles;Castilla y León;Valladolid;123;382;1407,12;11,44;43
2023;11;Espectaculos;Cultura, teatro y danza;Castilla y León;Valladolid;543;1687;5001,03;9,21;233
2023;11;Espectaculos;Música;País Vasco;Bizkaia;79;245;1352,48;17,12;53
2023;11;Espectaculos;Música;País Vasco;Bizkaia;159;494;801,36;5,04;101
2023;11;Actividades;Cursos;País Vasco;Bizkaia;6;19;129;21,5;5
2023;11;Espectaculos;Música;País Vasco;Bizkaia;2417;6885;38962,04;16,12;1337
2023;11;Actividades;Deportes y aventuras;País Vasco;Bizkaia;1032;3207;22126,08;21,44;594
2023;11;Actividades;Actividades infantiles;País Vasco;Bizkaia;87;270;2008,83;23,09;49
2023;11;Actividades;Actividades infantiles;País Vasco;Bizkaia;411;1277;3103,05;7,55;119
2023;11;Espectaculos;Cultura, teatro y danza;País Vasco;Bizkaia;411;1277;3103,05;7,55;119
2023;11;Espectaculos;Museo y exposiciones;País Vasco;Bizkaia;261;811;2281,14;8,74;67
2023;11;Actividades;Cursos;País Vasco;Bizkaia;20;62;1098;54,9;17
2023;11;Espectaculos;Música;País Vasco;Bizkaia;35;109;700;20;25
2023;11;Espectaculos;Cultura, teatro y danza;País Vasco;Bizkaia;12;37;141;11,75;6
2023;11;Espectaculos;Música;País Vasco;Bizkaia;625;1942;6681,25;10,69;298
2023;11;Espectaculos;Música;País Vasco;Bizkaia;170;528;2675,8;15,74;116
2023;11;Espectaculos;Música;Castilla y León;Zamora;376;1168;4560,88;12,13;170
2023;11;Espectaculos;Musicales;Aragón;Zaragoza;144;447;504;3,5;37
2023;11;Espectaculos;Música;Aragón;Zaragoza;89;277;890;10;29
2023;11;Espectaculos;Cultura, teatro y danza;Aragón;Zaragoza;305;948;2363,75;7,75;94
2023;11;Espectaculos;Música;Aragón;Zaragoza;35;109;279,65;7,99;25
2023;11;Espectaculos;Conferencias;Aragón;Zaragoza;161;484;8050;50;108
2023;11;Espectaculos;Cine;Aragón;Zaragoza;204;634;1122;5,5;81
2023;11;Espectaculos;Musicales;Aragón;Zaragoza;399;1240;2206,47;5,53;115
2023;11;Espectaculos;Ferias;Aragón;Zaragoza;127;389;6350;50;86
2023;11;Espectaculos;Música;Aragón;Zaragoza;4658;13303;62417,2;13,4;2617
2023;11;Actividades;Deportes y aventuras;Aragón;Zaragoza;40;161;2616,8;65,42;36
2023;11;Actividades;Actividades infantiles;Aragón;Zaragoza;1150;5525;6497,5;5,65;379
2023;11;Espectaculos;Cultura, teatro y danza;Aragón;Zaragoza;1425;4249;8806,5;6,18;538
2023;11;Espectaculos;Museo y exposiciones;Aragón;Zaragoza;109;339;397,85;3,65;38
2023;11;Actividades;Gastronomía;Aragón;Zaragoza;125;388;1443,75;11,55;43
2023;11;Espectaculos;Música;Ceuta;Ceuta;133;413;1335,32;10,04;65
2023;11;Espectaculos;Conferencias;Total Nacional;Total Nacional;1022;5966;34349,42;33,61;597
2023;11;Actividades;Cursos;Total Nacional;Total Nacional;1118;3807;50616,332;45,274;902
2023;11;Espectaculos;Cine;Total Nacional;Total Nacional;1754;7477;10518,738;5,997;696
2023;11;Espectaculos;Musicales;Total Nacional;Total Nacional;9194;28567;114552,643;12,4595;2662
2023;11;Espectaculos;Ferias;Total Nacional;Total Nacional;738;3764;29199,708;39,566;413
2023;11;Espectaculos;Música;Total Nacional;Total Nacional;140418;438416;2217382,763;15,7913;81109
2023;11;Actividades;Deportes y aventuras;Total Nacional;Total Nacional;3901;14355;93373,1657;23,9357;2196
2023;11;Actividades;Actividades infantiles;Total Nacional;Total Nacional;20734;73957;253761,3526;12,2389;7345
2023;11;Espectaculos;Cultura, teatro y danza;Total Nacional;Total Nacional;48359;154876;580767,4105;12,0095;17765
2023;11;Espectaculos;Museo y exposiciones;Total Nacional;Total Nacional;1356;4430;11650,3452;8,5917;369
2023;11;Actividades;Gastronomía;Total Nacional;Total Nacional;2035;6319;39449,0855;19,3853;965
2023;12;Espectaculos;Cultura, teatro y danza;País Vasco;Araba/Álava;10;28;69,8;6,98;2
2023;12;Actividades;Actividades infantiles;País Vasco;Araba/Álava;2;6;9,82;4,91;1
2023;12;Espectaculos;Cultura, teatro y danza;País Vasco;Araba/Álava;2;6;9,82;4,91;1
2023;12;Espectaculos;Música;País Vasco;Araba/Álava;115;419;1768,7;15,38;64
2023;12;Actividades;Actividades infantiles;País Vasco;Araba/Álava;6015;16799;33924,6;5,64;1821
2023;12;Espectaculos;Cultura, teatro y danza;País Vasco;Araba/Álava;992;2592;6973,76;7,03;508
2023;12;Espectaculos;Música;País Vasco;Araba/Álava;38;106;190,76;5,02;20
2023;12;Actividades;Cursos;Castilla - La Mancha;Albacete;4;11;80;20;2
2023;12;Espectaculos;Musicales;Castilla - La Mancha;Albacete;3022;8440;36777,74;12,17;867
2023;12;Espectaculos;Música;Castilla - La Mancha;Albacete;403;1046;5460,65;13,55;206
2023;12;Actividades;Actividades infantiles;Castilla - La Mancha;Albacete;9;25;92,97;10,33;3
2023;12;Espectaculos;Cultura, teatro y danza;Castilla - La Mancha;Albacete;3065;8560;28719,05;9,37;883
2023;12;Espectaculos;Cine;Castilla - La Mancha;Albacete;18;50;51,48;2,86;5
2023;12;Espectaculos;Musicales;Comunitat Valenciana;Alicante/Alacant;126;352;893,34;7,09;56
2023;12;Actividades;Actividades infantiles;Comunitat Valenciana;Alicante/Alacant;126;352;893,34;7,09;56
2023;12;Espectaculos;Cultura, teatro y danza;Comunitat Valenciana;Alicante/Alacant;141;394;817,8;5,8;64
2023;12;Actividades;Cursos;Comunitat Valenciana;Alicante/Alacant;1;3;290;290;1
2023;12;Espectaculos;Música;Comunitat Valenciana;Alicante/Alacant;2016;5630;44513,28;22,08;1285
2023;12;Actividades;Deportes y aventuras;Comunitat Valenciana;Alicante/Alacant;65;182;1682,2;25,88;36
2023;12;Actividades;Actividades infantiles;Comunitat Valenciana;Alicante/Alacant;195;545;1010,1;5,18;101
2023;12;Espectaculos;Cultura, teatro y danza;Comunitat Valenciana;Alicante/Alacant;56;156;898,24;16,04;31
2023;12;Espectaculos;Música;Comunitat Valenciana;Alicante/Alacant;7;20;91;13;3
2023;12;Espectaculos;Música;Comunitat Valenciana;Alicante/Alacant;228;637;2346,12;10,29;156
2023;12;Actividades;Actividades infantiles;Comunitat Valenciana;Alicante/Alacant;19;53;79,04;4,16;5
2023;12;Espectaculos;Conferencias;Comunitat Valenciana;Alicante/Alacant;1;3;8;8;1
2023;12;Espectaculos;Cine;Comunitat Valenciana;Alicante/Alacant;3;8;15;5;2
2023;12;Espectaculos;Ferias;Comunitat Valenciana;Alicante/Alacant;1;3;8;8;1
2023;12;Espectaculos;Música;Comunitat Valenciana;Alicante/Alacant;187;494;2322,54;12,42;84
2023;12;Espectaculos;Cultura, teatro y danza;Comunitat Valenciana;Alicante/Alacant;71;168;545,28;7,68;35
2023;12;Espectaculos;Música;Comunitat Valenciana;Alicante/Alacant;4;11;66;16,5;2
2023;12;Espectaculos;Música;Comunitat Valenciana;Alicante/Alacant;28;78;299,88;10,71;10
2023;12;Espectaculos;Música;Comunitat Valenciana;Alicante/Alacant;2888;8066;42511,36;14,72;1704
2023;12;Espectaculos;Cultura, teatro y danza;Comunitat Valenciana;Alicante/Alacant;15;42;117;7,8;10
2023;12;Espectaculos;Cine;Comunitat Valenciana;Alicante/Alacant;5;14;57,5;11,5;2
2023;12;Actividades;Actividades infantiles;Comunitat Valenciana;Alicante/Alacant;5;14;57,5;11,5;2
2023;12;Espectaculos;Música;Comunitat Valenciana;Alicante/Alacant;228;637;5050,2;22,15;143
2023;12;Espectaculos;Musicales;Comunitat Valenciana;Alicante/Alacant;261;729;4306,5;16,5;79
2023;12;Actividades;Actividades infantiles;Comunitat Valenciana;Alicante/Alacant;261;729;4306,5;16,5;79
2023;12;Espectaculos;Cultura, teatro y danza;Comunitat Valenciana;Alicante/Alacant;261;729;4306,5;16,5;79
2023;12;Espectaculos;Música;Comunitat Valenciana;Alicante/Alacant;266;743;6168,54;23,19;124
2023;12;Espectaculos;Cultura, teatro y danza;Comunitat Valenciana;Alicante/Alacant;39;109;2340;60;14
2023;12;Espectaculos;Cine;Comunitat Valenciana;Alicante/Alacant;58;162;667;11,5;18
2023;12;Espectaculos;Música;Comunitat Valenciana;Alicante/Alacant;107;299;1074,28;10,04;47
2023;12;Actividades;Actividades infantiles;Comunitat Valenciana;Alicante/Alacant;58;162;667;11,5;18
2023;12;Espectaculos;Cine;Comunitat Valenciana;Alicante/Alacant;178;497;2048,78;11,51;62
2023;12;Actividades;Actividades infantiles;Comunitat Valenciana;Alicante/Alacant;178;497;2048,78;11,51;62
2023;12;Espectaculos;Música;Andalucía;Almería;4585;12375;92662,85;20,21;3920
2023;12;Espectaculos;Cultura, teatro y danza;Andalucía;Almería;229;640;4428,86;19,34;105
2023;12;Espectaculos;Música;Andalucía;Almería;30;84;1540,8;51,36;21
2023;12;Actividades;Actividades infantiles;Andalucía;Almería;13;36;169;13;3
2023;12;Espectaculos;Cultura, teatro y danza;Andalucía;Almería;13;36;169;13;3
2023;12;Espectaculos;Cultura, teatro y danza;Andalucía;Almería;49;137;903,56;18,44;22
2023;12;Espectaculos;Cultura, teatro y danza;Andalucía;Almería;9;25;121,23;13,47;3
2023;12;Espectaculos;Música;Andalucía;Almería;158;441;4518,8;28,6;69
2023;12;Espectaculos;Música;Castilla y León;Ávila;23;64;290,03;12,61;8
2023;12;Espectaculos;Música;Castilla y León;Ávila;4;11;60;15;3
2023;12;Espectaculos;Música;Extremadura;Badajoz;102;285;1381,08;13,54;57
2023;12;Espectaculos;Música;Extremadura;Badajoz;58;162;1147,24;19,78;27
2023;12;Espectaculos;Música;Extremadura;Badajoz;99;276;297;3;36
2023;12;Espectaculos;Cultura, teatro y danza;Extremadura;Badajoz;220;614;585,2;2,66;71
2023;12;Espectaculos;Musicales;Extremadura;Badajoz;136;380;2588,08;19,03;49
2023;12;Espectaculos;Música;Extremadura;Badajoz;351;980;3527,55;10,05;196
2023;12;Actividades;Actividades infantiles;Extremadura;Badajoz;10;28;164,5;16,45;4
2023;12;Espectaculos;Cultura, teatro y danza;Extremadura;Badajoz;136;380;2588,08;19,03;49
2023;12;Actividades;Deportes y aventuras;Extremadura;Badajoz;21;59;220,5;10,5;20
2023;12;Espectaculos;Musicales;Extremadura;Badajoz;25;70;375;15;10
2023;12;Actividades;Actividades infantiles;Extremadura;Badajoz;25;70;375;15;10
2023;12;Espectaculos;Cultura, teatro y danza;Extremadura;Badajoz;25;70;375;15;10
2023;12;Espectaculos;Musicales;Extremadura;Badajoz;175;489;1925;11;49
2023;12;Espectaculos;Música;Extremadura;Badajoz;210;586;2595,6;12,36;100
2023;12;Actividades;Actividades infantiles;Extremadura;Badajoz;175;489;1925;11;49
2023;12;Espectaculos;Cultura, teatro y danza;Extremadura;Badajoz;175;489;1925;11;49
2023;12;Espectaculos;Música;Extremadura;Badajoz;29;81;326,83;11,27;12
2023;12;Espectaculos;Música;Illes Balears;Illes Balears;74;207;1416,36;19,14;31
2023;12;Espectaculos;Música;Illes Balears;Illes Balears;320;894;5468,8;17,09;215
2023;12;Actividades;Deportes y aventuras;Illes Balears;Illes Balears;3;8;195;65;3
2023;12;Espectaculos;Música;Illes Balears;Illes Balears;24;67;224,64;9,36;9
2023;12;Actividades;Actividades infantiles;Illes Balears;Illes Balears;4;11;25,92;6,48;2
2023;12;Espectaculos;Cultura, teatro y danza;Illes Balears;Illes Balears;4;11;25,92;6,48;2
2023;12;Espectaculos;Música;Illes Balears;Illes Balears;955;2667;12988;13,6;352
2023;12;Espectaculos;Música;Illes Balears;Illes Balears;596;1665;5739,48;9,63;288
2023;12;Espectaculos;Música;Illes Balears;Illes Balears;29;81;495,61;17,09;18
2023;12;Actividades;Actividades infantiles;Illes Balears;Illes Balears;91;254;283,01;3,11;35
2023;12;Espectaculos;Cultura, teatro y danza;Illes Balears;Illes Balears;207;578;859,05;4,15;100
2023;12;Espectaculos;Música;Illes Balears;Illes Balears;52;433;439,4;8,45;21
2023;12;Espectaculos;Musicales;Illes Balears;Illes Balears;402;1123;3746,64;9,32;140
2023;12;Espectaculos;Música;Illes Balears;Illes Balears;1;3;8,29;8,29;1
2023;12;Actividades;Actividades infantiles;Illes Balears;Illes Balears;402;1123;3746,64;9,32;140
2023;12;Espectaculos;Cultura, teatro y danza;Illes Balears;Illes Balears;402;1123;3746,64;9,32;140
2023;12;Espectaculos;Música;Illes Balears;Illes Balears;75;209;1418,25;18,91;37
2023;12;Espectaculos;Música;Illes Balears;Illes Balears;28;78;140;5;9
2023;12;Espectaculos;Música;Illes Balears;Illes Balears;62;173;642,32;10,36;33
2023;12;Espectaculos;Cine;Illes Balears;Illes Balears;6;17;28,62;4,77;4
2023;12;Espectaculos;Música;Illes Balears;Illes Balears;1235;3449;11386,7;9,22;621
2023;12;Actividades;Actividades infantiles;Illes Balears;Illes Balears;37;103;244,2;6,6;12
2023;12;Espectaculos;Cultura, teatro y danza;Illes Balears;Illes Balears;94;263;891,12;9,48;36
2023;12;Espectaculos;Música;Illes Balears;Illes Balears;46;128;232,3;5,05;26
2023;12;Espectaculos;Música;Illes Balears;Illes Balears;100;279;2073;20,73;38
2023;12;Espectaculos;Música;Illes Balears;Illes Balears;935;2611;13894,1;14,86;623
2023;12;Actividades;Actividades infantiles;Illes Balears;Illes Balears;5;14;62;12,4;2
2023;12;Espectaculos;Conferencias;Illes Balears;Illes Balears;2;6;112,04;56,02;2
2023;12;Actividades;Cursos;Illes Balears;Illes Balears;34;144;1383,46;40,69;20
2023;12;Espectaculos;Musicales;Illes Balears;Illes Balears;526;1469;9362,8;17,8;220
2023;12;Espectaculos;Música;Illes Balears;Illes Balears;15454;52041;410535,51;26,565;9980
2023;12;Actividades;Deportes y aventuras;Illes Balears;Illes Balears;79;221;876,11;11,09;37
2023;12;Actividades;Actividades infantiles;Illes Balears;Illes Balears;568;1586;15983,52;28,14;232
2023;12;Espectaculos;Cultura, teatro y danza;Illes Balears;Illes Balears;1860;5206;23491,8;12,63;783
2023;12;Actividades;Gastronomía;Illes Balears;Illes Balears;76;212;1700,12;22,37;39
2023;12;Espectaculos;Música;Illes Balears;Illes Balears;211;1009;2804,19;13,29;75
2023;12;Actividades;Actividades infantiles;Illes Balears;Illes Balears;29;81;102,08;3,52;7
2023;12;Espectaculos;Cultura, teatro y danza;Illes Balears;Illes Balears;453;1265;3968,28;8,76;199
2023;12;Espectaculos;Música;Illes Balears;Illes Balears;496;1385;5996,64;12,09;214
2023;12;Espectaculos;Música;Illes Balears;Illes Balears;263;734;5620,31;21,37;154
2023;12;Actividades;Cursos;Illes Balears;Illes Balears;47;216;194,58;4,14;33
2023;12;Espectaculos;Música;Illes Balears;Illes Balears;227;635;3899,86;17,18;109
2023;12;Actividades;Actividades infantiles;Illes Balears;Illes Balears;213;848;811,53;3,81;69
2023;12;Espectaculos;Cultura, teatro y danza;Illes Balears;Illes Balears;201;817;627,12;3,12;63
2023;12;Espectaculos;Música;Illes Balears;Illes Balears;160;2746;2073,6;12,96;63
2023;12;Actividades;Actividades infantiles;Illes Balears;Illes Balears;201;3001;2432,1;12,1;71
2023;12;Espectaculos;Cultura, teatro y danza;Illes Balears;Illes Balears;169;1817;1188,07;7,03;63
2023;12;Espectaculos;Música;Illes Balears;Illes Balears;290;810;4312,3;14,87;161
2023;12;Actividades;Actividades infantiles;Illes Balears;Illes Balears;43;120;653,17;15,19;13
2023;12;Espectaculos;Cultura, teatro y danza;Illes Balears;Illes Balears;80;223;560;7;41
2023;12;Espectaculos;Música;Illes Balears;Illes Balears;273;762;3027,57;11,09;149
2023;12;Espectaculos;Cultura, teatro y danza;Illes Balears;Illes Balears;9;25;180;20;4
2023;12;Espectaculos;Cine;Illes Balears;Illes Balears;8;22;22,56;2,82;3
2023;12;Espectaculos;Música;Illes Balears;Illes Balears;47;469;243,46;5,18;24
2023;12;Espectaculos;Cultura, teatro y danza;Illes Balears;Illes Balears;17;48;140,93;8,29;11
2023;12;Espectaculos;Cultura, teatro y danza;Illes Balears;Illes Balears;240;670;1252,8;5,22;90
2023;12;Espectaculos;Música;Illes Balears;Illes Balears;8;23;124,32;15,54;4
2023;12;Espectaculos;Música;Illes Balears;Illes Balears;487;1360;5425,18;11,14;248
2023;12;Espectaculos;Música;Cataluña;Barcelona;34;95;396,78;11,67;15
2023;12;Espectaculos;Cultura, teatro y danza;Cataluña;Barcelona;15;42;180;12;5
2023;12;Espectaculos;Música;Cataluña;Barcelona;407;1137;5567,76;13,68;269
2023;12;Actividades;Cursos;Cataluña;Barcelona;22;146;1022,12;46,46;20
2023;12;Espectaculos;Cine;Cataluña;Barcelona;151;422;1088,71;7,21;91
2023;12;Espectaculos;Musicales;Cataluña;Barcelona;1104;3083;16880,16;15,29;447
2023;12;Espectaculos;Música;Cataluña;Barcelona;18185;46024;273138,7;15,02;10466
2023;12;Actividades;Deportes y aventuras;Cataluña;Barcelona;65;182;3230,5;49,7;40
2023;12;Actividades;Actividades infantiles;Cataluña;Barcelona;2893;8080;44812,57;15,49;994
2023;12;Espectaculos;Cultura, teatro y danza;Cataluña;Barcelona;6040;16318;97606,4;16,16;2712
2023;12;Espectaculos;Museo y exposiciones;Cataluña;Barcelona;101;282;1309,97;12,97;40
2023;12;Actividades;Gastronomía;Cataluña;Barcelona;272;760;4920,48;18,09;191
2023;12;Espectaculos;Música;Cataluña;Barcelona;2;6;6;3;1
2023;12;Actividades;Actividades infantiles;Cataluña;Barcelona;23;64;85,56;3,72;19
2023;12;Espectaculos;Musicales;Cataluña;Barcelona;177;494;881,46;4,98;70
2023;12;Actividades;Actividades infantiles;Cataluña;Barcelona;177;494;881,46;4,98;70
2023;12;Espectaculos;Cultura, teatro y danza;Cataluña;Barcelona;177;494;881,46;4,98;70
2023;12;Espectaculos;Música;Cataluña;Barcelona;4;11;74,24;18,56;2
2023;12;Actividades;Actividades infantiles;Cataluña;Barcelona;114;318;497,04;4,36;37
2023;12;Espectaculos;Cultura, teatro y danza;Cataluña;Barcelona;114;318;497,04;4,36;37
2023;12;Espectaculos;Cultura, teatro y danza;Cataluña;Barcelona;4;11;117,88;29,47;3
2023;12;Espectaculos;Música;Cataluña;Barcelona;490;1368;4238,5;8,65;209
2023;12;Espectaculos;Cultura, teatro y danza;Cataluña;Barcelona;21;59;127,89;6,09;10
2023;12;Espectaculos;Música;Cataluña;Barcelona;878;2457;12625,64;14,38;493
2023;12;Actividades;Deportes y aventuras;Cataluña;Barcelona;92;257;1843,68;20,04;51
2023;12;Actividades;Actividades infantiles;Cataluña;Barcelona;4;11;77,68;19,42;1
2023;12;Espectaculos;Cultura, teatro y danza;Cataluña;Barcelona;28;78;531,16;18,97;8
2023;12;Actividades;Gastronomía;Cataluña;Barcelona;43;120;266,6;6,2;30
2023;12;Espectaculos;Cultura, teatro y danza;Cataluña;Barcelona;207;578;4121,37;19,91;94
2023;12;Espectaculos;Música;Cataluña;Barcelona;24;67;504;21;11
2023;12;Espectaculos;Música;Cataluña;Barcelona;370;1033;5483,4;14,82;149
2023;12;Espectaculos;Música;Cataluña;Barcelona;31;87;344,72;11,12;18
2023;12;Actividades;Actividades infantiles;Cataluña;Barcelona;7;20;154;22;7
2023;12;Actividades;Actividades infantiles;Cataluña;Barcelona;598;1670;4712,24;7,88;164
2023;12;Espectaculos;Música;Cataluña;Barcelona;187;522;2094,4;11,2;85
2023;12;Actividades;Actividades infantiles;Cataluña;Barcelona;444;1240;4124,76;9,29;248
2023;12;Espectaculos;Cultura, teatro y danza;Cataluña;Barcelona;68;190;828,24;12,18;29
2023;12;Espectaculos;Cultura, teatro y danza;Cataluña;Barcelona;9;25;84,96;9,44;6
2023;12;Espectaculos;Música;Cataluña;Barcelona;703;1963;10559,06;15,02;377
2023;12;Espectaculos;Música;Cataluña;Barcelona;317;885;3436,28;10,84;152
2023;12;Espectaculos;Cultura, teatro y danza;Cataluña;Barcelona;2;6;24;12;1
2023;12;Espectaculos;Música;Cataluña;Barcelona;59;165;875,56;14,84;45
2023;12;Espectaculos;Música;Cataluña;Barcelona;91;254;994,63;10,93;46
2023;12;Actividades;Actividades infantiles;Cataluña;Barcelona;469;1310;3479,98;7,42;128
2023;12;Espectaculos;Cultura, teatro y danza;Cataluña;Barcelona;483;1268;4689,93;9,71;139
2023;12;Espectaculos;Música;Cataluña;Barcelona;28;78;506,24;18,08;16
2023;12;Espectaculos;Música;Cataluña;Barcelona;26;73;126,88;4,88;12
2023;12;Espectaculos;Música;Cataluña;Barcelona;5;14;75;15;5
2023;12;Espectaculos;Cultura, teatro y danza;Cataluña;Barcelona;113;316;1062,2;9,4;42
2023;12;Espectaculos;Música;Cataluña;Barcelona;303;846;2478,54;8,18;80
2023;12;Actividades;Actividades infantiles;Cataluña;Barcelona;303;846;2478,54;8,18;80
2023;12;Espectaculos;Música;Cataluña;Barcelona;889;2483;13317,22;14,98;656
2023;12;Espectaculos;Cultura, teatro y danza;Cataluña;Barcelona;37;103;162,06;4,38;13
2023;12;Espectaculos;Museo y exposiciones;Cataluña;Barcelona;35;98;175,35;5,01;12
2023;12;Espectaculos;Música;Cataluña;Barcelona;11;31;110;10;5
2023;12;Espectaculos;Música;Cataluña;Barcelona;109;304;1094,36;10,04;50
2023;12;Espectaculos;Musicales;Cataluña;Barcelona;338;944;3413,8;10,1;156
2023;12;Actividades;Actividades infantiles;Cataluña;Barcelona;218;609;2374,02;10,89;92
2023;12;Espectaculos;Cultura, teatro y danza;Cataluña;Barcelona;495;1382;5053,95;10,21;237
2023;12;Espectaculos;Música;Cataluña;Barcelona;303;846;4057,17;13,39;139
2023;12;Actividades;Actividades infantiles;Cataluña;Barcelona;56;156;280;5;20
2023;12;Espectaculos;Cultura, teatro y danza;Cataluña;Barcelona;149;416;1461,69;9,81;46
2023;12;Actividades;Gastronomía;Cataluña;Barcelona;72;201;1022,4;14,2;37
2023;12;Espectaculos;Música;Cataluña;Barcelona;7;20;84;12;3
2023;12;Espectaculos;Música;Cataluña;Barcelona;114;336;793,44;6,96;90
2023;12;Espectaculos;Cultura, teatro y danza;Cataluña;Barcelona;4;11;24;6;2
2023;12;Espectaculos;Música;Cataluña;Barcelona;29;81;725;25;13
2023;12;Espectaculos;Música;Cataluña;Barcelona;1;3;10;10;1
2023;12;Espectaculos;Música;Cataluña;Barcelona;27;75;513,54;19,02;13
2023;12;Espectaculos;Música;Cataluña;Barcelona;1023;2857;19743,9;19,3;889
2023;12;Actividades;Actividades infantiles;Cataluña;Barcelona;149;416;576,63;3,87;44
2023;12;Espectaculos;Cultura, teatro y danza;Cataluña;Barcelona;144;402;724,32;5,03;43
2023;12;Espectaculos;Música;Cataluña;Barcelona;34;95;693,6;20,4;13
2023;12;Espectaculos;Música;Castilla y León;Burgos;76;212;1176,48;15,48;36
2023;12;Espectaculos;Música;Castilla y León;Burgos;50;140;1002;20,04;14
2023;12;Espectaculos;Música;Castilla y León;Burgos;57;159;730,17;12,81;30
2023;12;Actividades;Deportes y aventuras;Extremadura;Cáceres;80;321;1075,2;13,44;73
2023;12;Espectaculos;Música;Extremadura;Cáceres;402;1123;5362,68;13,34;274
2023;12;Espectaculos;Cultura, teatro y danza;Extremadura;Cáceres;13;36;65;5;5
2023;12;Espectaculos;Musicales;Extremadura;Cáceres;82;229;1713,8;20,9;34
2023;12;Espectaculos;Música;Extremadura;Cáceres;21;59;475,23;22,63;11
2023;12;Actividades;Actividades infantiles;Extremadura;Cáceres;27;75;542,97;20,11;13
2023;12;Espectaculos;Cultura, teatro y danza;Extremadura;Cáceres;82;229;1713,8;20,9;34
2023;12;Espectaculos;Música;Andalucía;Cádiz;25;70;205;8,2;16
2023;12;Espectaculos;Musicales;Andalucía;Cádiz;23;64;313,95;13,65;11
2023;12;Espectaculos;Música;Andalucía;Cádiz;534;1491;5777,88;10,82;285
2023;12;Actividades;Actividades infantiles;Andalucía;Cádiz;201;561;948,72;4,72;112
2023;12;Espectaculos;Cultura, teatro y danza;Andalucía;Cádiz;23;64;313,95;13,65;11
2023;12;Espectaculos;Música;Andalucía;Cádiz;113;316;1204,58;10,66;67
2023;12;Espectaculos;Música;Andalucía;Cádiz;5;14;52,6;10,52;2
2023;12;Espectaculos;Música;Andalucía;Cádiz;34;1139;455,26;13,39;22
2023;12;Espectaculos;Música;Andalucía;Cádiz;94;262;1230,46;13,09;54
2023;12;Espectaculos;Música;Andalucía;Cádiz;52;145;421,2;8,1;18
2023;12;Espectaculos;Cultura, teatro y danza;Andalucía;Cádiz;122;341;1039,44;8,52;61
2023;12;Espectaculos;Cultura, teatro y danza;Andalucía;Cádiz;208;581;4091,36;19,67;80
2023;12;Espectaculos;Cultura, teatro y danza;Andalucía;Cádiz;2;6;20;10;2
2023;12;Espectaculos;Musicales;Comunitat Valenciana;Castellón/Castelló;402;1123;6146,58;15,29;110
2023;12;Espectaculos;Música;Comunitat Valenciana;Castellón/Castelló;239;667;2997,06;12,54;145
2023;12;Actividades;Actividades infantiles;Comunitat Valenciana;Castellón/Castelló;407;1137;5144,48;12,64;112
2023;12;Espectaculos;Cultura, teatro y danza;Comunitat Valenciana;Castellón/Castelló;419;1170;3829,66;9,14;118
2023;12;Actividades;Deportes y aventuras;Comunitat Valenciana;Castellón/Castelló;27;475;957,69;35,47;18
2023;12;Actividades;Actividades infantiles;Comunitat Valenciana;Castellón/Castelló;27;470;957,69;35,47;18
2023;12;Espectaculos;Cultura, teatro y danza;Comunitat Valenciana;Castellón/Castelló;66;184;988,02;14,97;34
2023;12;Actividades;Deportes y aventuras;Comunitat Valenciana;Castellón/Castelló;266;743;2928,66;11,01;167
2023;12;Espectaculos;Música;Castilla - La Mancha;Ciudad Real;11;31;118,91;10,81;4
2023;12;Actividades;Actividades infantiles;Castilla - La Mancha;Ciudad Real;10;28;78,6;7,86;4
2023;12;Espectaculos;Cultura, teatro y danza;Castilla - La Mancha;Ciudad Real;25;70;201;8,04;9
2023;12;Espectaculos;Música;Castilla - La Mancha;Ciudad Real;75;209;714,75;9,53;37
2023;12;Actividades;Deportes y aventuras;Castilla - La Mancha;Ciudad Real;148;413;438,08;2,96;57
2023;12;Actividades;Actividades infantiles;Castilla - La Mancha;Ciudad Real;148;413;438,08;2,96;57
2023;12;Espectaculos;Música;Andalucía;Córdoba;20;56;300;15;8
2023;12;Espectaculos;Musicales;Andalucía;Córdoba;392;1095;11583,6;29,55;143
2023;12;Espectaculos;Música;Andalucía;Córdoba;151;422;2387,31;15,81;91
2023;12;Actividades;Actividades infantiles;Andalucía;Córdoba;33;92;391,71;11,87;11
2023;12;Espectaculos;Cultura, teatro y danza;Andalucía;Córdoba;792;2212;10842,48;13,69;321
2023;12;Espectaculos;Música;Galicia;A Coruña;14;39;115,5;8,25;11
2023;12;Espectaculos;Cine;Galicia;A Coruña;1;3;29,47;29,47;1
2023;12;Espectaculos;Música;Galicia;A Coruña;722;2017;7898,68;10,94;434
2023;12;Actividades;Actividades infantiles;Galicia;A Coruña;91;254;766,22;8,42;30
2023;12;Espectaculos;Cultura, teatro y danza;Galicia;A Coruña;73;204;529,25;7,25;22
2023;12;Espectaculos;Música;Galicia;A Coruña;36;101;418,68;11,63;26
2023;12;Espectaculos;Música;Galicia;A Coruña;28;78;454,44;16,23;17
2023;12;Espectaculos;Música;Galicia;A Coruña;374;1045;8538,42;22,83;275
2023;12;Espectaculos;Música;Galicia;A Coruña;272;760;3987,52;14,66;170
2023;12;Espectaculos;Música;Castilla - La Mancha;Cuenca;13;36;162,24;12,48;4
2023;12;Espectaculos;Cultura, teatro y danza;Castilla - La Mancha;Cuenca;20;56;259,2;12,96;8
2023;12;Espectaculos;Musicales;Cataluña;Girona;51;142;607,92;11,92;20
2023;12;Espectaculos;Música;Cataluña;Girona;146;408;3241,2;22,2;69
2023;12;Actividades;Actividades infantiles;Cataluña;Girona;2;6;20;10;1
2023;12;Espectaculos;Cultura, teatro y danza;Cataluña;Girona;51;142;607,92;11,92;20
2023;12;Actividades;Cursos;Cataluña;Girona;3;8;1021,83;340,61;3
2023;12;Espectaculos;Música;Cataluña;Girona;192;536;3477,12;18,11;87
2023;12;Actividades;Actividades infantiles;Cataluña;Girona;135;377;3396,6;25,16;60
2023;12;Actividades;Deportes y aventuras;Cataluña;Girona;291;813;1233,84;4,24;114
2023;12;Actividades;Actividades infantiles;Cataluña;Girona;242;676;943,8;3,9;93
2023;12;Espectaculos;Música;Cataluña;Girona;214;598;2561,58;11,97;103
2023;12;Espectaculos;Música;Cataluña;Girona;95;265;5196,5;54,7;70
2023;12;Espectaculos;Música;Cataluña;Girona;785;2023;12771,95;16,27;333
2023;12;Espectaculos;Musicales;Cataluña;Girona;82;229;1443,2;17,6;26
2023;12;Espectaculos;Música;Cataluña;Girona;13;36;192,01;14,77;8
2023;12;Actividades;Actividades infantiles;Cataluña;Girona;82;229;1443,2;17,6;26
2023;12;Espectaculos;Cultura, teatro y danza;Cataluña;Girona;82;229;1443,2;17,6;26
2023;12;Espectaculos;Cine;Cataluña;Girona;11;31;44;4;7
2023;12;Espectaculos;Música;Cataluña;Girona;1518;4239;31574,4;20,8;1205
2023;12;Actividades;Cursos;Cataluña;Girona;27;75;752,22;27,86;26
2023;12;Espectaculos;Música;Cataluña;Girona;6;17;30;5;3
2023;12;Espectaculos;Música;Cataluña;Girona;32;89;807,36;25,23;21
2023;12;Espectaculos;Cultura, teatro y danza;Cataluña;Girona;10;55;260,7;26,07;9
2023;12;Espectaculos;Música;Andalucía;Granada;185;517;2290,3;12,38;121
2023;12;Espectaculos;Música;Andalucía;Granada;190;531;3482,7;18,33;70
2023;12;Espectaculos;Cultura, teatro y danza;Andalucía;Granada;90;251;2475;27,5;31
2023;12;Espectaculos;Música;Andalucía;Granada;3;8;59,4;19,8;2
2023;12;Espectaculos;Música;Andalucía;Granada;2;6;31,96;15,98;1
2023;12;Espectaculos;Música;Andalucía;Granada;1449;4642;17054,73;11,77;816
2023;12;Espectaculos;Cultura, teatro y danza;Andalucía;Granada;373;1042;2644,57;7,09;187
2023;12;Espectaculos;Música;Andalucía;Granada;78;1247;165,36;2,12;20
2023;12;Actividades;Actividades infantiles;Andalucía;Granada;56;156;140;2,5;13
2023;12;Espectaculos;Cultura, teatro y danza;Andalucía;Granada;56;156;140;2,5;13
2023;12;Actividades;Deportes y aventuras;Andalucía;Granada;18;74;648,36;36,02;8
2023;12;Actividades;Actividades infantiles;Andalucía;Granada;18;77;648,36;36,02;8
2023;12;Actividades;Cursos;Andalucía;Granada;5;14;60;12;5
2023;12;Espectaculos;Música;Andalucía;Granada;133;371;3403,47;25,59;67
2023;12;Actividades;Actividades infantiles;Andalucía;Granada;28;78;288,68;10,31;13
2023;12;Espectaculos;Cultura, teatro y danza;Andalucía;Granada;28;78;288,68;10,31;13
2023;12;Espectaculos;Cultura, teatro y danza;Castilla - La Mancha;Guadalajara;2272;6345;6816;3;461
2023;12;Espectaculos;Música;Castilla - La Mancha;Guadalajara;308;860;4025,56;13,07;107
2023;12;Actividades;Actividades infantiles;Castilla - La Mancha;Guadalajara;194;649;2343,52;12,08;65
2023;12;Espectaculos;Música;País Vasco;Gipuzkoa;626;1748;6303,82;10,07;185
2023;12;Espectaculos;Cultura, teatro y danza;País Vasco;Gipuzkoa;1075;3002;8911,75;8,29;326
2023;12;Actividades;Cursos;País Vasco;Gipuzkoa;3;8;21;7;1
2023;12;Espectaculos;Cine;País Vasco;Gipuzkoa;104;347;341,12;3,28;52
2023;12;Espectaculos;Música;País Vasco;Gipuzkoa;2340;6149;30630,6;13,09;1131
2023;12;Actividades;Actividades infantiles;País Vasco;Gipuzkoa;244;672;1681,16;6,89;94
2023;12;Espectaculos;Cultura, teatro y danza;País Vasco;Gipuzkoa;173;483;958,42;5,54;61
2023;12;Espectaculos;Cultura, teatro y danza;País Vasco;Gipuzkoa;190;531;982,3;5,17;94
2023;12;Espectaculos;Música;País Vasco;Gipuzkoa;20;56;400;20;12
2023;12;Espectaculos;Cine;País Vasco;Gipuzkoa;6;426;18;3;3
2023;12;Espectaculos;Música;País Vasco;Gipuzkoa;166;464;1337,96;8,06;75
2023;12;Espectaculos;Cultura, teatro y danza;País Vasco;Gipuzkoa;354;989;1890,36;5,34;134
2023;12;Espectaculos;Música;País Vasco;Gipuzkoa;15;42;240;16;7
2023;12;Espectaculos;Música;País Vasco;Gipuzkoa;42;117;750,54;17,87;20
2023;12;Espectaculos;Música;País Vasco;Gipuzkoa;2;6;20;10;1
2023;12;Espectaculos;Cine;País Vasco;Gipuzkoa;105;293;631,05;6,01;72
2023;12;Espectaculos;Música;País Vasco;Gipuzkoa;64;179;716,16;11,19;37
2023;12;Espectaculos;Música;País Vasco;Gipuzkoa;114;318;1711,14;15,01;66
2023;12;Actividades;Actividades infantiles;Andalucía;Huelva;4064;11350;19425,92;4,78;983
2023;12;Espectaculos;Cultura, teatro y danza;Andalucía;Huelva;4064;11350;19425,92;4,78;983
2023;12;Espectaculos;Museo y exposiciones;Andalucía;Huelva;4064;11350;19425,92;4,78;983
2023;12;Espectaculos;Música;Aragón;Huesca;794;2217;9591,52;12,08;678
2023;12;Espectaculos;Música;Aragón;Huesca;243;679;3683,88;15,16;132
2023;12;Espectaculos;Música;Aragón;Huesca;304;849;4432,32;14,58;193
2023;12;Actividades;Actividades infantiles;Aragón;Huesca;235;656;940;4;77
2023;12;Espectaculos;Cultura, teatro y danza;Aragón;Huesca;500;1396;1960;3,92;147
2023;12;Espectaculos;Música;Andalucía;Jaén;5;14;55;11;2
2023;12;Espectaculos;Música;Andalucía;Jaén;24;67;109,92;4,58;6
2023;12;Espectaculos;Música;Andalucía;Jaén;303;846;2178,57;7,19;185
2023;12;Espectaculos;Música;Andalucía;Jaén;99;276;498,96;5,04;46
2023;12;Espectaculos;Cultura, teatro y danza;Andalucía;Jaén;18;50;94,68;5,26;10
2023;12;Actividades;Cursos;Andalucía;Jaén;12;34;144,6;12,05;9
2023;12;Actividades;Actividades infantiles;Andalucía;Jaén;12;34;144,6;12,05;9
2023;12;Espectaculos;Música;Andalucía;Jaén;63;176;1605,24;25,48;30
2023;12;Actividades;Actividades infantiles;Andalucía;Jaén;63;176;1605,24;25,48;30
2023;12;Espectaculos;Musicales;Castilla y León;León;64;179;1760;27,5;19
2023;12;Espectaculos;Música;Castilla y León;León;651;1818;8567,16;13,16;344
2023;12;Actividades;Actividades infantiles;Castilla y León;León;13;36;122,98;9,46;5
2023;12;Espectaculos;Cultura, teatro y danza;Castilla y León;León;64;179;1760;27,5;19
2023;12;Espectaculos;Música;Castilla y León;León;48;134;567,84;11,83;23
2023;12;Espectaculos;Música;Castilla y León;León;27;75;2025;75;19
2023;12;Actividades;Cursos;Cataluña;Lleida;2;6;324;162;2
2023;12;Actividades;Actividades infantiles;Cataluña;Lleida;2;6;324;162;2
2023;12;Actividades;Gastronomía;Cataluña;Lleida;2;6;324;162;2
2023;12;Espectaculos;Música;Cataluña;Lleida;509;1422;12725;25;251
2023;12;Espectaculos;Música;Cataluña;Lleida;683;1907;8394,07;12,29;422
2023;12;Espectaculos;Musicales;Cataluña;Lleida;192;536;967,68;5,04;53
2023;12;Espectaculos;Música;Cataluña;Lleida;991;2768;13319,04;13,44;521
2023;12;Actividades;Actividades infantiles;Cataluña;Lleida;676;1888;3407,04;5,04;207
2023;12;Espectaculos;Cultura, teatro y danza;Cataluña;Lleida;688;1921;3460,64;5,03;212
2023;12;Espectaculos;Música;Cataluña;Lleida;424;1184;3714,24;8,76;307
2023;12;Espectaculos;Música;Cataluña;Lleida;32;89;1350,08;42,19;19
2023;12;Espectaculos;Música;La Rioja;La Rioja;203;567;2257,36;11,12;136
2023;12;Espectaculos;Música;La Rioja;La Rioja;63;176;189,63;3,01;25
2023;12;Espectaculos;Cultura, teatro y danza;La Rioja;La Rioja;36;101;109,44;3,04;13
2023;12;Espectaculos;Musicales;La Rioja;La Rioja;113;316;1844,16;16,32;27
2023;12;Espectaculos;Música;La Rioja;La Rioja;127;355;2319,02;18,26;58
2023;12;Actividades;Actividades infantiles;La Rioja;La Rioja;113;316;1844,16;16,32;27
2023;12;Espectaculos;Cultura, teatro y danza;La Rioja;La Rioja;639;1784;13291,2;20,8;213
2023;12;Espectaculos;Música;La Rioja;La Rioja;27;75;3240;120;18
2023;12;Espectaculos;Música;Galicia;Lugo;319;891;3579,18;11,22;186
2023;12;Actividades;Deportes y aventuras;Galicia;Lugo;4;11;260;65;4
2023;12;Espectaculos;Musicales;Galicia;Lugo;82;229;1332,5;16,25;30
2023;12;Actividades;Actividades infantiles;Galicia;Lugo;82;229;1332,5;16,25;30
2023;12;Espectaculos;Cultura, teatro y danza;Galicia;Lugo;82;229;1332,5;16,25;30
2023;12;Espectaculos;Conferencias;Comunidad de Madrid;Madrid;5;14;127,7;25,54;5
2023;12;Espectaculos;Musicales;Comunidad de Madrid;Madrid;51;142;644,64;12,64;25
2023;12;Espectaculos;Música;Comunidad de Madrid;Madrid;318;888;3634,74;11,43;169
2023;12;Actividades;Actividades infantiles;Comunidad de Madrid;Madrid;19;53;99,75;5,25;6
2023;12;Espectaculos;Cultura, teatro y danza;Comunidad de Madrid;Madrid;128;357;1468,16;11,47;56
2023;12;Espectaculos;Música;Comunidad de Madrid;Madrid;181;274;1983,76;10,96;97
2023;12;Espectaculos;Musicales;Comunidad de Madrid;Madrid;188;525;940;5;60
2023;12;Actividades;Actividades infantiles;Comunidad de Madrid;Madrid;188;525;940;5;60
2023;12;Espectaculos;Cultura, teatro y danza;Comunidad de Madrid;Madrid;188;525;940;5;60
2023;12;Espectaculos;Música;Comunidad de Madrid;Madrid;77;215;620,62;8,06;26
2023;12;Actividades;Actividades infantiles;Comunidad de Madrid;Madrid;77;215;620,62;8,06;26
2023;12;Espectaculos;Música;Comunidad de Madrid;Madrid;165;461;9812,55;59,47;59
2023;12;Espectaculos;Música;Comunidad de Madrid;Madrid;14;39;177,8;12,7;10
2023;12;Actividades;Actividades infantiles;Comunidad de Madrid;Madrid;70;195;254,1;3,63;25
2023;12;Espectaculos;Cultura, teatro y danza;Comunidad de Madrid;Madrid;133;371;675,64;5,08;45
2023;12;Espectaculos;Música;Comunidad de Madrid;Madrid;433;1930;5009,81;11,57;238
2023;12;Espectaculos;Música;Comunidad de Madrid;Madrid;103;288;799,28;7,76;48
2023;12;Actividades;Actividades infantiles;Comunidad de Madrid;Madrid;107;2008;315,65;2,95;43
2023;12;Actividades;Cursos;Comunidad de Madrid;Madrid;49;255;3487,33;71,17;38
2023;12;Espectaculos;Cine;Comunidad de Madrid;Madrid;12;33;120;10;11
2023;12;Espectaculos;Musicales;Comunidad de Madrid;Madrid;1159;3237;14475,91;12,49;285
2023;12;Espectaculos;Música;Comunidad de Madrid;Madrid;26165;67541;370496,4;14,16;13994
2023;12;Actividades;Deportes y aventuras;Comunidad de Madrid;Madrid;14;431;72,94;5,21;4
2023;12;Actividades;Actividades infantiles;Comunidad de Madrid;Madrid;952;3395;14241,92;14,96;390
2023;12;Espectaculos;Cultura, teatro y danza;Comunidad de Madrid;Madrid;3015;8250;38742,75;12,85;1218
2023;12;Espectaculos;Museo y exposiciones;Comunidad de Madrid;Madrid;7;20;70;10;2
2023;12;Actividades;Gastronomía;Comunidad de Madrid;Madrid;359;1003;5916,32;16,48;142
2023;12;Espectaculos;Cultura, teatro y danza;Comunidad de Madrid;Madrid;18;50;180;10;9
2023;12;Espectaculos;Música;Comunidad de Madrid;Madrid;4;11;48;12;2
2023;12;Actividades;Actividades infantiles;Comunidad de Madrid;Madrid;4;11;48;12;2
2023;12;Espectaculos;Cultura, teatro y danza;Comunidad de Madrid;Madrid;24;67;199,44;8,31;13
2023;12;Espectaculos;Musicales;Comunidad de Madrid;Madrid;23;64;232,99;10,13;7
2023;12;Actividades;Actividades infantiles;Comunidad de Madrid;Madrid;23;64;232,99;10,13;7
2023;12;Espectaculos;Cultura, teatro y danza;Comunidad de Madrid;Madrid;23;64;232,99;10,13;7
2023;12;Espectaculos;Música;Comunidad de Madrid;Madrid;67;187;1725,25;25,75;42
2023;12;Espectaculos;Música;Comunidad de Madrid;Madrid;14;39;109,62;7,83;4
2023;12;Actividades;Actividades infantiles;Comunidad de Madrid;Madrid;14;39;109,62;7,83;4
2023;12;Espectaculos;Música;Comunidad de Madrid;Madrid;130;363;1255,8;9,66;66
2023;12;Actividades;Actividades infantiles;Comunidad de Madrid;Madrid;38;107;581,4;15,3;11
2023;12;Espectaculos;Cultura, teatro y danza;Comunidad de Madrid;Madrid;44;123;548,24;12,46;21
2023;12;Actividades;Actividades infantiles;Comunidad de Madrid;Madrid;1;3;29,9;29,9;1
2023;12;Espectaculos;Cultura, teatro y danza;Comunidad de Madrid;Madrid;1;3;29,9;29,9;1
2023;12;Espectaculos;Música;Comunidad de Madrid;Madrid;17;47;404,94;23,82;13
2023;12;Espectaculos;Musicales;Comunidad de Madrid;Madrid;134;374;402;3;40
2023;12;Espectaculos;Música;Comunidad de Madrid;Madrid;350;977;1050;3;90
2023;12;Actividades;Actividades infantiles;Comunidad de Madrid;Madrid;484;1352;1452;3;130
2023;12;Espectaculos;Cultura, teatro y danza;Comunidad de Madrid;Madrid;149;416;469,35;3,15;50
2023;12;Espectaculos;Música;Comunidad de Madrid;Madrid;23;65;267,26;11,62;12
2023;12;Espectaculos;Música;Andalucía;Málaga;61;170;629,52;10,32;42
2023;12;Espectaculos;Música;Andalucía;Málaga;64;179;1032,32;16,13;30
2023;12;Espectaculos;Musicales;Andalucía;Málaga;292;815;7267,88;24,89;99
2023;12;Espectaculos;Música;Andalucía;Málaga;2210;6172;37282,7;16,87;1116
2023;12;Actividades;Actividades infantiles;Andalucía;Málaga;430;1201;3065,9;7,13;142
2023;12;Espectaculos;Cultura, teatro y danza;Andalucía;Málaga;1034;2888;8820,02;8,53;387
2023;12;Espectaculos;Música;Andalucía;Málaga;106;1088;826,8;7,8;68
2023;12;Espectaculos;Cultura, teatro y danza;Andalucía;Málaga;166;464;3652;22;77
2023;12;Espectaculos;Música;Andalucía;Málaga;17;47;140,76;8,28;7
2023;12;Espectaculos;Música;Andalucía;Málaga;70;195;1347,5;19,25;36
2023;12;Espectaculos;Música;Región de Murcia;Murcia;257;718;6121,74;23,82;197
2023;12;Actividades;Cursos;Región de Murcia;Murcia;232;648;18662,08;80,44;155
2023;12;Actividades;Actividades infantiles;Región de Murcia;Murcia;281;785;2250,81;8,01;97
2023;12;Espectaculos;Cultura, teatro y danza;Región de Murcia;Murcia;281;785;2250,81;8,01;97
2023;12;Espectaculos;Música;Región de Murcia;Murcia;3;8;39,6;13,2;2
2023;12;Espectaculos;Musicales;Región de Murcia;Murcia;53;148;547,49;10,33;30
2023;12;Espectaculos;Música;Región de Murcia;Murcia;2698;19946;39498,72;14,64;1804
2023;12;Actividades;Actividades infantiles;Región de Murcia;Murcia;10;28;122,4;12,24;5
2023;12;Espectaculos;Cultura, teatro y danza;Región de Murcia;Murcia;626;1749;5496,28;8,78;268
2023;12;Espectaculos;Cultura, teatro y danza;Región de Murcia;Murcia;6;17;36;6;2
2023;12;Espectaculos;Música;Región de Murcia;Murcia;729;2036;7297,29;10,01;433
2023;12;Espectaculos;Música;Comunidad Foral de Navarra;Navarra;808;2257;45773,2;56,65;393
2023;12;Actividades;Actividades infantiles;Comunidad Foral de Navarra;Navarra;808;2257;45773,2;56,65;393
2023;12;Espectaculos;Música;Comunidad Foral de Navarra;Navarra;155;433;3273,6;21,12;99
2023;12;Espectaculos;Música;Comunidad Foral de Navarra;Navarra;140;391;6652,8;47,52;86
2023;12;Espectaculos;Música;Comunidad Foral de Navarra;Navarra;4724;12594;93251,76;19,74;2463
2023;12;Actividades;Deportes y aventuras;Comunidad Foral de Navarra;Navarra;745;2081;10511,95;14,11;334
2023;12;Actividades;Actividades infantiles;Comunidad Foral de Navarra;Navarra;182;508;2431,52;13,36;103
2023;12;Espectaculos;Música;Comunidad Foral de Navarra;Navarra;16;45;217,92;13,62;8
2023;12;Espectaculos;Música;Galicia;Ourense;50;135;627;12,54;25
2023;12;Espectaculos;Música;Galicia;Ourense;4;11;39,28;9,82;2
2023;12;Espectaculos;Música;Principado de Asturias;Asturias;48;134;1098,24;22,88;25
2023;12;Espectaculos;Música;Principado de Asturias;Asturias;423;1181;5714,73;13,51;213
2023;12;Actividades;Actividades infantiles;Principado de Asturias;Asturias;28;78;222,88;7,96;10
2023;12;Espectaculos;Cultura, teatro y danza;Principado de Asturias;Asturias;58;162;516,2;8,9;28
2023;12;Espectaculos;Musicales;Principado de Asturias;Asturias;82;229;1443,2;17,6;26
2023;12;Espectaculos;Música;Principado de Asturias;Asturias;13;36;192,01;14,77;8
2023;12;Actividades;Actividades infantiles;Principado de Asturias;Asturias;82;229;1443,2;17,6;26
2023;12;Espectaculos;Cultura, teatro y danza;Principado de Asturias;Asturias;82;229;1443,2;17,6;26
2023;12;Espectaculos;Musicales;Principado de Asturias;Asturias;64;179;1187,84;18,56;24
2023;12;Actividades;Actividades infantiles;Principado de Asturias;Asturias;64;179;1187,84;18,56;24
2023;12;Espectaculos;Cultura, teatro y danza;Principado de Asturias;Asturias;64;179;1187,84;18,56;24
2023;12;Espectaculos;Música;Principado de Asturias;Asturias;1198;3346;18509,1;15,45;650
2023;12;Espectaculos;Música;Principado de Asturias;Asturias;155;433;2025,85;13,07;92
2023;12;Espectaculos;Cultura, teatro y danza;Castilla y León;Palencia;53;148;374,71;7,07;13
2023;12;Espectaculos;Música;Canarias;Las Palmas;2148;5999;10740;5;1107
2023;12;Espectaculos;Música;Canarias;Las Palmas;156;436;936;6;53
2023;12;Espectaculos;Cultura, teatro y danza;Canarias;Las Palmas;563;1572;9120,6;16,2;172
2023;12;Espectaculos;Música;Canarias;Las Palmas;10;28;58;5,8;4
2023;12;Actividades;Actividades infantiles;Canarias;Las Palmas;103;288;597,4;5,8;33
2023;12;Espectaculos;Cultura, teatro y danza;Canarias;Las Palmas;1296;3619;12571,2;9,7;390
2023;12;Espectaculos;Música;Canarias;Las Palmas;10;28;101,3;10,13;6
2023;12;Espectaculos;Cultura, teatro y danza;Canarias;Las Palmas;20;56;259,2;12,96;8
2023;12;Actividades;Cursos;Canarias;Las Palmas;4;11;133;33,25;4
2023;12;Espectaculos;Musicales;Canarias;Las Palmas;111;310;972,36;8,76;55
2023;12;Espectaculos;Música;Canarias;Las Palmas;993;4024;9651,96;9,72;572
2023;12;Espectaculos;Cultura, teatro y danza;Canarias;Las Palmas;405;1198;4139,1;10,22;192
2023;12;Actividades;Gastronomía;Canarias;Las Palmas;113;316;1720,99;15,23;59
2023;12;Espectaculos;Música;Canarias;Las Palmas;570;1453;32706,6;57,38;254
2023;12;Espectaculos;Cultura, teatro y danza;Canarias;Las Palmas;106;771;1613,32;15,22;43
2023;12;Espectaculos;Música;Canarias;Las Palmas;99;276;2633,4;26,6;63
2023;12;Espectaculos;Cultura, teatro y danza;Canarias;Las Palmas;229;640;3457,9;15,1;96
2023;12;Espectaculos;Música;Canarias;Las Palmas;16;45;1079,68;67,48;12
2023;12;Actividades;Actividades infantiles;Canarias;Las Palmas;3;8;27,6;9,2;1
2023;12;Espectaculos;Cultura, teatro y danza;Canarias;Las Palmas;7;20;71,4;10,2;4
2023;12;Espectaculos;Música;Canarias;Las Palmas;71;198;355;5;30
2023;12;Actividades;Actividades infantiles;Canarias;Las Palmas;47;131;291,4;6,2;18
2023;12;Espectaculos;Cultura, teatro y danza;Canarias;Las Palmas;50;140;310;6,2;20
2023;12;Espectaculos;Música;Canarias;Las Palmas;539;1505;10537,45;19,55;406
2023;12;Espectaculos;Música;Canarias;Las Palmas;1044;2626;3121,56;2,99;301
2023;12;Actividades;Deportes y aventuras;Canarias;Las Palmas;37;103;173,9;4,7;15
2023;12;Actividades;Actividades infantiles;Canarias;Las Palmas;22;61;90,42;4,11;7
2023;12;Espectaculos;Cultura, teatro y danza;Canarias;Las Palmas;82;229;420,66;5,13;31
2023;12;Espectaculos;Música;Galicia;Pontevedra;48;134;492,48;10,26;23
2023;12;Espectaculos;Música;Galicia;Pontevedra;3;8;29,46;9,82;2
2023;12;Espectaculos;Música;Galicia;Pontevedra;37;103;745,92;20,16;27
2023;12;Espectaculos;Musicales;Galicia;Pontevedra;8;22;34,56;4,32;5
2023;12;Espectaculos;Música;Galicia;Pontevedra;731;2041;10497,16;14,36;434
2023;12;Actividades;Deportes y aventuras;Galicia;Pontevedra;9;25;38,88;4,32;4
2023;12;Actividades;Actividades infantiles;Galicia;Pontevedra;9;25;38,88;4,32;4
2023;12;Espectaculos;Cultura, teatro y danza;Galicia;Pontevedra;194;542;1565,58;8,07;97
2023;12;Espectaculos;Música;Castilla y León;Salamanca;7;20;91,07;13,01;3
2023;12;Espectaculos;Cultura, teatro y danza;Castilla y León;Salamanca;278;979;925,74;3,33;128
2023;12;Espectaculos;Musicales;Castilla y León;Salamanca;9;25;91,98;10,22;4
2023;12;Espectaculos;Música;Castilla y León;Salamanca;304;849;4064,48;13,37;167
2023;12;Espectaculos;Cultura, teatro y danza;Castilla y León;Salamanca;40;112;274;6,85;20
2023;12;Espectaculos;Cultura, teatro y danza;Castilla y León;Salamanca;290;810;664,1;2,29;59
2023;12;Espectaculos;Museo y exposiciones;Castilla y León;Salamanca;290;810;664,1;2,29;59
2023;12;Espectaculos;Música;Canarias;Santa Cruz de Tenerife;211;589;6302,57;29,87;138
2023;12;Espectaculos;Música;Canarias;Santa Cruz de Tenerife;178;497;2023,86;11,37;110
2023;12;Actividades;Deportes y aventuras;Canarias;Santa Cruz de Tenerife;29;81;172,26;5,94;11
2023;12;Actividades;Actividades infantiles;Canarias;Santa Cruz de Tenerife;155;433;1300,45;8,39;46
2023;12;Espectaculos;Cultura, teatro y danza;Canarias;Santa Cruz de Tenerife;338;944;2943,98;8,71;115
2023;12;Espectaculos;Música;Canarias;Santa Cruz de Tenerife;250;698;5897,5;23,59;224
2023;12;Espectaculos;Música;Canarias;Santa Cruz de Tenerife;144;402;3607,2;25,05;63
2023;12;Espectaculos;Cultura, teatro y danza;Canarias;Santa Cruz de Tenerife;106;296;2387,12;22,52;52
2023;12;Espectaculos;Música;Canarias;Santa Cruz de Tenerife;205;573;9512;46,4;125
2023;12;Actividades;Cursos;Canarias;Santa Cruz de Tenerife;1;3;21,8;21,8;1
2023;12;Espectaculos;Música;Canarias;Santa Cruz de Tenerife;784;2190;10497,76;13,39;479
2023;12;Espectaculos;Cultura, teatro y danza;Canarias;Santa Cruz de Tenerife;89;249;862,41;9,69;49
2023;12;Espectaculos;Cultura, teatro y danza;Canarias;Santa Cruz de Tenerife;172;984;2339,2;13,6;83
2023;12;Espectaculos;Música;Canarias;Santa Cruz de Tenerife;5;14;68,1;13,62;5
2023;12;Espectaculos;Musicales;Cantabria;Cantabria;89;249;1834,29;20,61;25
2023;12;Espectaculos;Música;Cantabria;Cantabria;97;271;1115,5;11,5;59
2023;12;Actividades;Actividades infantiles;Cantabria;Cantabria;184;514;2342,32;12,73;54
2023;12;Espectaculos;Cultura, teatro y danza;Cantabria;Cantabria;372;1039;5222,88;14,04;146
2023;12;Espectaculos;Música;Cantabria;Cantabria;192;536;2699,52;14,06;111
2023;12;Espectaculos;Música;Castilla y León;Segovia;67;187;552,75;8,25;35
2023;12;Espectaculos;Cine;Castilla y León;Segovia;16;45;48;3;6
2023;12;Espectaculos;Música;Castilla y León;Segovia;432;1206;3615,84;8,37;188
2023;12;Espectaculos;Música;Andalucía;Sevilla;6;17;184,8;30,8;2
2023;12;Espectaculos;Música;Andalucía;Sevilla;29;81;934,09;32,21;16
2023;12;Espectaculos;Música;Andalucía;Sevilla;90;251;270;3;44
2023;12;Actividades;Deportes y aventuras;Andalucía;Sevilla;745;2081;7494,7;10,06;366
2023;12;Actividades;Actividades infantiles;Andalucía;Sevilla;737;2058;10959,19;14,87;362
2023;12;Espectaculos;Cultura, teatro y danza;Andalucía;Sevilla;6;17;18;3;4
2023;12;Espectaculos;Música;Andalucía;Sevilla;7;20;126;18;4
2023;12;Actividades;Gastronomía;Andalucía;Sevilla;7;20;126;18;4
2023;12;Espectaculos;Cultura, teatro y danza;Andalucía;Sevilla;735;2053;3454,5;4,7;220
2023;12;Espectaculos;Música;Andalucía;Sevilla;15;42;147,3;9,82;8
2023;12;Espectaculos;Música;Andalucía;Sevilla;69;193;1001,88;14,52;38
2023;12;Actividades;Actividades infantiles;Andalucía;Sevilla;6;17;79,2;13,2;3
2023;12;Espectaculos;Música;Andalucía;Sevilla;646;1804;19289,56;29,86;622
2023;12;Actividades;Cursos;Andalucía;Sevilla;99;586;2484,9;25,1;83
2023;12;Espectaculos;Cine;Andalucía;Sevilla;213;1157;852;4;59
2023;12;Espectaculos;Musicales;Andalucía;Sevilla;408;1139;3794,4;9,3;127
2023;12;Espectaculos;Música;Andalucía;Sevilla;3466;9474;43082,38;12,43;1852
2023;12;Actividades;Actividades infantiles;Andalucía;Sevilla;741;2069;7676,76;10,36;213
2023;12;Espectaculos;Cultura, teatro y danza;Andalucía;Sevilla;2098;6071;97913,66;46,67;822
2023;12;Espectaculos;Museo y exposiciones;Andalucía;Sevilla;34;206;435,2;12,8;14
2023;12;Actividades;Gastronomía;Andalucía;Sevilla;2;6;24;12;1
2023;12;Espectaculos;Música;Andalucía;Sevilla;3;8;25,05;8,35;2
2023;12;Espectaculos;Cultura, teatro y danza;Castilla y León;Soria;14;39;160,58;11,47;5
2023;12;Espectaculos;Música;Castilla y León;Soria;241;673;3359,54;13,94;214
2023;12;Espectaculos;Música;Castilla y León;Soria;5;14;50;10;4
2023;12;Espectaculos;Música;Cataluña;Tarragona;2;6;27;13,5;1
2023;12;Actividades;Actividades infantiles;Cataluña;Tarragona;2;6;27;13,5;1
2023;12;Espectaculos;Música;Cataluña;Tarragona;140;391;1372;9,8;80
2023;12;Actividades;Actividades infantiles;Cataluña;Tarragona;33;92;559,02;16,94;12
2023;12;Espectaculos;Cultura, teatro y danza;Cataluña;Tarragona;33;92;559,02;16,94;12
2023;12;Espectaculos;Museo y exposiciones;Cataluña;Tarragona;33;92;559,02;16,94;12
2023;12;Espectaculos;Cultura, teatro y danza;Cataluña;Tarragona;96;268;1459,2;15,2;39
2023;12;Espectaculos;Música;Cataluña;Tarragona;31;87;221,96;7,16;12
2023;12;Actividades;Deportes y aventuras;Cataluña;Tarragona;36;101;181,08;5,03;30
2023;12;Espectaculos;Música;Cataluña;Tarragona;20;56;450;22,5;12
2023;12;Actividades;Cursos;Cataluña;Tarragona;12;34;1206;100,5;11
2023;12;Espectaculos;Música;Cataluña;Tarragona;1639;4577;75394;46;991
2023;12;Espectaculos;Música;Cataluña;Tarragona;217;606;6414,52;29,56;121
2023;12;Espectaculos;Música;Cataluña;Tarragona;211;589;4779,15;22,65;116
2023;12;Espectaculos;Música;Cataluña;Tarragona;24;67;598,08;24,92;16
2023;12;Actividades;Actividades infantiles;Cataluña;Tarragona;103;288;935,24;9,08;49
2023;12;Espectaculos;Cultura, teatro y danza;Cataluña;Tarragona;103;288;935,24;9,08;49
2023;12;Espectaculos;Música;Cataluña;Tarragona;31;87;265,05;8,55;13
2023;12;Espectaculos;Música;Cataluña;Tarragona;551;2550;9017,115;16,365;266
2023;12;Actividades;Actividades infantiles;Cataluña;Tarragona;21;59;191,94;9,14;6
2023;12;Espectaculos;Cultura, teatro y danza;Cataluña;Tarragona;5;14;50;10;3
2023;12;Espectaculos;Música;Cataluña;Tarragona;2;6;100;50;1
2023;12;Espectaculos;Música;Cataluña;Tarragona;83;232;947,86;11,42;37
2023;12;Espectaculos;Música;Cataluña;Tarragona;80;223;1164;14,55;39
2023;12;Espectaculos;Música;Cataluña;Tarragona;39;109;419,64;10,76;22
2023;12;Espectaculos;Cine;Aragón;Teruel;2;6;9;4,5;2
2023;12;Espectaculos;Música;Aragón;Teruel;177;494;4616,16;26,08;109
2023;12;Actividades;Cursos;Castilla - La Mancha;Toledo;2;6;51;25,5;1
2023;12;Espectaculos;Música;Castilla - La Mancha;Toledo;19;53;1233,86;64,94;17
2023;12;Espectaculos;Música;Castilla - La Mancha;Toledo;101;282;1349,36;13,36;52
2023;12;Espectaculos;Música;Castilla - La Mancha;Toledo;4;11;49,48;12,37;2
2023;12;Espectaculos;Música;Castilla - La Mancha;Toledo;3;8;30,99;10,33;2
2023;12;Actividades;Actividades infantiles;Castilla - La Mancha;Toledo;69;193;928,05;13,45;25
2023;12;Espectaculos;Cultura, teatro y danza;Castilla - La Mancha;Toledo;69;193;928,05;13,45;25
2023;12;Espectaculos;Museo y exposiciones;Castilla - La Mancha;Toledo;56;156;385,84;6,89;15
2023;12;Actividades;Actividades infantiles;Comunitat Valenciana;Valencia/València;344;961;2789,84;8,11;177
2023;12;Espectaculos;Cultura, teatro y danza;Comunitat Valenciana;Valencia/València;346;967;2473,9;7,15;178
2023;12;Actividades;Gastronomía;Comunitat Valenciana;Valencia/València;344;961;2789,84;8,11;177
2023;12;Actividades;Actividades infantiles;Comunitat Valenciana;Valencia/València;633;1768;1310,31;2,07;200
2023;12;Espectaculos;Cultura, teatro y danza;Comunitat Valenciana;Valencia/València;179;500;1297,75;7,25;80
2023;12;Espectaculos;Música;Comunitat Valenciana;Valencia/València;40;112;484,8;12,12;27
2023;12;Espectaculos;Música;Comunitat Valenciana;Valencia/València;52;145;1304,16;25,08;36
2023;12;Espectaculos;Cultura, teatro y danza;Comunitat Valenciana;Valencia/València;36;101;429,12;11,92;8
2023;12;Espectaculos;Museo y exposiciones;Comunitat Valenciana;Valencia/València;36;101;429,12;11,92;8
2023;12;Espectaculos;Música;Comunitat Valenciana;Valencia/València;13;36;138,71;10,67;5
2023;12;Espectaculos;Música;Comunitat Valenciana;Valencia/València;789;2203;10943,43;13,87;382
2023;12;Actividades;Gastronomía;Comunitat Valenciana;Valencia/València;254;709;3337,56;13,14;85
2023;12;Espectaculos;Música;Comunitat Valenciana;Valencia/València;69;193;207,69;3,01;28
2023;12;Espectaculos;Música;Comunitat Valenciana;Valencia/València;52;145;1146,6;22,05;24
2023;12;Espectaculos;Música;Comunitat Valenciana;Valencia/València;413;1153;2065;5;126
2023;12;Espectaculos;Musicales;Comunitat Valenciana;Valencia/València;2313;6460;25350,48;10,96;663
2023;12;Espectaculos;Música;Comunitat Valenciana;Valencia/València;1612;4502;22003,8;13,65;902
2023;12;Actividades;Actividades infantiles;Comunitat Valenciana;Valencia/València;4771;13324;58444,75;12,25;1376
2023;12;Espectaculos;Cultura, teatro y danza;Comunitat Valenciana;Valencia/València;6124;17103;65833;10,75;1885
2023;12;Actividades;Gastronomía;Comunitat Valenciana;Valencia/València;14;39;85,26;6,09;6
2023;12;Espectaculos;Cultura, teatro y danza;Castilla y León;Valladolid;36;101;173,88;4,83;14
2023;12;Actividades;Cursos;Castilla y León;Valladolid;2;6;90;45;1
2023;12;Espectaculos;Musicales;Castilla y León;Valladolid;384;1072;1973,76;5,14;94
2023;12;Espectaculos;Música;Castilla y León;Valladolid;164;458;985,64;6,01;41
2023;12;Actividades;Actividades infantiles;Castilla y León;Valladolid;548;1530;3057,84;5,58;135
2023;12;Espectaculos;Cultura, teatro y danza;Castilla y León;Valladolid;384;1072;1973,76;5,14;94
2023;12;Espectaculos;Música;Castilla y León;Valladolid;24;67;331,92;13,83;13
2023;12;Espectaculos;Música;Castilla y León;Valladolid;188;525;795,24;4,23;70
2023;12;Actividades;Actividades infantiles;Castilla y León;Valladolid;6;17;24;4;2
2023;12;Espectaculos;Cultura, teatro y danza;Castilla y León;Valladolid;188;525;731,32;3,89;65
2023;12;Espectaculos;Musicales;Castilla y León;Valladolid;189;528;2804,76;14,84;65
2023;12;Espectaculos;Música;Castilla y León;Valladolid;5359;14967;80813,72;15,08;1581
2023;12;Actividades;Actividades infantiles;Castilla y León;Valladolid;4749;13263;47537,49;10,01;1264
2023;12;Espectaculos;Cultura, teatro y danza;Castilla y León;Valladolid;853;2382;14347,46;16,82;321
2023;12;Espectaculos;Música;Castilla y León;Valladolid;14;39;236,04;16,86;8
2023;12;Actividades;Actividades infantiles;Castilla y León;Valladolid;14;39;236,04;16,86;8
2023;12;Espectaculos;Música;País Vasco;Bizkaia;1;3;12;12;1
2023;12;Actividades;Actividades infantiles;País Vasco;Bizkaia;34;95;117,98;3,47;7
2023;12;Espectaculos;Música;País Vasco;Bizkaia;2308;6200;37366,52;16,19;1227
2023;12;Actividades;Actividades infantiles;País Vasco;Bizkaia;20;56;240;12;10
2023;12;Espectaculos;Cultura, teatro y danza;País Vasco;Bizkaia;55;154;640,75;11,65;25
2023;12;Actividades;Actividades infantiles;País Vasco;Bizkaia;293;818;11629,17;39,69;82
2023;12;Espectaculos;Cultura, teatro y danza;País Vasco;Bizkaia;292;815;2738,96;9,38;81
2023;12;Espectaculos;Museo y exposiciones;País Vasco;Bizkaia;292;815;2738,96;9,38;81
2023;12;Actividades;Cursos;País Vasco;Bizkaia;54;151;3723,84;68,96;38
2023;12;Espectaculos;Música;País Vasco;Bizkaia;88;246;1342,88;15,26;53
2023;12;Espectaculos;Cultura, teatro y danza;País Vasco;Bizkaia;9;25;108,63;12,07;4
2023;12;Espectaculos;Música;País Vasco;Bizkaia;561;1567;4824,6;8,6;325
2023;12;Espectaculos;Música;País Vasco;Bizkaia;157;438;2249,81;14,33;95
2023;12;Espectaculos;Música;Castilla y León;Zamora;1790;4999;46951,7;26,23;1502
2023;12;Actividades;Deportes y aventuras;Castilla y León;Zamora;27;75;363,96;13,48;15
2023;12;Actividades;Actividades infantiles;Castilla y León;Zamora;278;776;6010,36;21,62;140
2023;12;Espectaculos;Cultura, teatro y danza;Castilla y León;Zamora;31;87;1650,13;53,23;27
2023;12;Espectaculos;Cine;Aragón;Zaragoza;119;332;685,44;5,76;41
2023;12;Espectaculos;Musicales;Aragón;Zaragoza;40;112;320;8;10
2023;12;Espectaculos;Música;Aragón;Zaragoza;25;70;250;10;8
2023;12;Espectaculos;Cultura, teatro y danza;Aragón;Zaragoza;67;187;385,25;5,75;19
2023;12;Espectaculos;Música;Aragón;Zaragoza;4;11;49,48;12,37;2
2023;12;Espectaculos;Música;Aragón;Zaragoza;1;3;12;12;1
2023;12;Espectaculos;Cultura, teatro y danza;Aragón;Zaragoza;2;6;14;7;1
2023;12;Actividades;Cursos;Aragón;Zaragoza;2;35;54,04;27,02;2
2023;12;Espectaculos;Cine;Aragón;Zaragoza;74;207;407;5,5;30
2023;12;Espectaculos;Musicales;Aragón;Zaragoza;119;332;540,26;4,54;46
2023;12;Espectaculos;Música;Aragón;Zaragoza;4140;10567;57256,2;13,83;2407
2023;12;Actividades;Deportes y aventuras;Aragón;Zaragoza;12;34;480;40;9
2023;12;Actividades;Actividades infantiles;Aragón;Zaragoza;332;19153;2868,48;8,64;118
2023;12;Espectaculos;Cultura, teatro y danza;Aragón;Zaragoza;1168;3284;11843,52;10,14;445
2023;12;Actividades;Gastronomía;Aragón;Zaragoza;7;20;140;20;3
2023;12;Espectaculos;Música;Ceuta;Ceuta;63;176;624,33;9,91;28
2023;12;Espectaculos;Conferencias;Total Nacional;Total Nacional;8;23;238,8264;29,8533;8
2023;12;Actividades;Cursos;Total Nacional;Total Nacional;617;2400;42941,7192;69,5976;456
2023;12;Espectaculos;Cine;Total Nacional;Total Nacional;1090;4072;7784,344;7,1416;471
2023;12;Espectaculos;Musicales;Total Nacional;Total Nacional;13491;37677;176607,9828;13,0908;4306
2023;12;Espectaculos;Ferias;Total Nacional;Total Nacional;1;3;8;8;1
2023;12;Espectaculos;Música;Total Nacional;Total Nacional;154637;448965;2519253,222;16,2914;87689
2023;12;Actividades;Deportes y aventuras;Total Nacional;Total Nacional;2813;8771;57947,8;20,6;1416
2023;12;Actividades;Actividades infantiles;Total Nacional;Total Nacional;39463;134095;504388,4419;12,7813;12659
2023;12;Espectaculos;Cultura, teatro y danza;Total Nacional;Total Nacional;53703;152095;620414,6481;11,5527;19208
2023;12;Espectaculos;Museo y exposiciones;Total Nacional;Total Nacional;4948;13930;46006,504;9,298;1226
2023;12;Actividades;Gastronomía;Total Nacional;Total Nacional;1565;4373;39956,7975;25,5315;776
2024;1;Actividades;Actividades infantiles;País Vasco;Araba/Álava;28;106;173,04;6,18;8
2024;1;Espectaculos;Cultura, teatro y danza;País Vasco;Araba/Álava;28;106;173,04;6,18;8
2024;1;Actividades;Deportes y aventuras;País Vasco;Araba/Álava;11;42;110;10;11
2024;1;Actividades;Actividades infantiles;País Vasco;Araba/Álava;3;11;9;3;1
2024;1;Espectaculos;Cultura, teatro y danza;País Vasco;Araba/Álava;3;11;9;3;1
2024;1;Espectaculos;Música;País Vasco;Araba/Álava;412;1557;6509,6;15,8;167
2024;1;Actividades;Actividades infantiles;País Vasco;Araba/Álava;278;1050;1337,18;4,81;112
2024;1;Espectaculos;Cultura, teatro y danza;País Vasco;Araba/Álava;100;378;758;7,58;40
2024;1;Espectaculos;Música;País Vasco;Araba/Álava;39;147;184,86;4,74;19
2024;1;Actividades;Actividades infantiles;País Vasco;Araba/Álava;15;57;45;3;10
2024;1;Espectaculos;Musicales;Castilla - La Mancha;Albacete;246;929;4393,56;17,86;88
2024;1;Espectaculos;Música;Castilla - La Mancha;Albacete;536;1843;5703,04;10,64;262
2024;1;Actividades;Actividades infantiles;Castilla - La Mancha;Albacete;80;302;1408;17,6;25
2024;1;Espectaculos;Cultura, teatro y danza;Castilla - La Mancha;Albacete;639;2414;7009,83;10,97;252
2024;1;Actividades;Actividades infantiles;Castilla - La Mancha;Albacete;14;53;99,26;7,09;5
2024;1;Espectaculos;Cultura, teatro y danza;Castilla - La Mancha;Albacete;14;53;99,26;7,09;5
2024;1;Espectaculos;Museo y exposiciones;Castilla - La Mancha;Albacete;14;53;99,26;7,09;5
2024;1;Espectaculos;Cine;Castilla - La Mancha;Albacete;60;220;174;2,9;12
2024;1;Espectaculos;Música;Castilla - La Mancha;Albacete;33;125;1496,55;45,35;16
2024;1;Actividades;Deportes y aventuras;Comunitat Valenciana;Alicante/Alacant;12;45;726;60,5;10
2024;1;Espectaculos;Musicales;Comunitat Valenciana;Alicante/Alacant;226;854;1584,26;7,01;55
2024;1;Espectaculos;Cultura, teatro y danza;Comunitat Valenciana;Alicante/Alacant;226;854;1584,26;7,01;55
2024;1;Actividades;Cursos;Comunitat Valenciana;Alicante/Alacant;4;16;1080;270;3
2024;1;Espectaculos;Musicales;Comunitat Valenciana;Alicante/Alacant;3;11;39,6;13,2;1
2024;1;Espectaculos;Música;Comunitat Valenciana;Alicante/Alacant;1464;5802;28723,68;19,62;844
2024;1;Espectaculos;Cultura, teatro y danza;Comunitat Valenciana;Alicante/Alacant;94;355;2668,66;28,39;58
2024;1;Espectaculos;Música;Comunitat Valenciana;Alicante/Alacant;11;42;146,85;13,35;4
2024;1;Espectaculos;Cultura, teatro y danza;Comunitat Valenciana;Alicante/Alacant;2;8;40;20;2
2024;1;Espectaculos;Cultura, teatro y danza;Comunitat Valenciana;Alicante/Alacant;12;45;36;3;4
2024;1;Espectaculos;Musicales;Comunitat Valenciana;Alicante/Alacant;486;1836;7294,86;15,01;405
2024;1;Espectaculos;Música;Comunitat Valenciana;Alicante/Alacant;127;480;1605,28;12,64;66
2024;1;Espectaculos;Cultura, teatro y danza;Comunitat Valenciana;Alicante/Alacant;486;1836;7294,86;15,01;405
2024;1;Espectaculos;Música;Comunitat Valenciana;Alicante/Alacant;19;72;152,57;8,03;12
2024;1;Espectaculos;Cine;Comunitat Valenciana;Alicante/Alacant;15;57;75;5;8
2024;1;Espectaculos;Música;Comunitat Valenciana;Alicante/Alacant;1017;3788;14410,89;14,17;442
2024;1;Espectaculos;Cultura, teatro y danza;Comunitat Valenciana;Alicante/Alacant;158;597;1189,74;7,53;71
2024;1;Espectaculos;Música;Comunitat Valenciana;Alicante/Alacant;98;370;1174,04;11,98;33
2024;1;Espectaculos;Música;Comunitat Valenciana;Alicante/Alacant;74;280;932,4;12,6;28
2024;1;Espectaculos;Música;Comunitat Valenciana;Alicante/Alacant;574;2168;7921,2;13,8;379
2024;1;Actividades;Cursos;Comunitat Valenciana;Alicante/Alacant;9;34;93,24;10,36;7
2024;1;Espectaculos;Cine;Comunitat Valenciana;Alicante/Alacant;64;242;738,56;11,54;21
2024;1;Actividades;Actividades infantiles;Comunitat Valenciana;Alicante/Alacant;64;242;738,56;11,54;21
2024;1;Espectaculos;Música;Comunitat Valenciana;Alicante/Alacant;40;151;550;13,75;23
2024;1;Espectaculos;Música;Comunitat Valenciana;Alicante/Alacant;2;8;30,36;15,18;1
2024;1;Espectaculos;Música;Comunitat Valenciana;Alicante/Alacant;169;638;3327,61;19,69;76
2024;1;Espectaculos;Cultura, teatro y danza;Comunitat Valenciana;Alicante/Alacant;60;227;3600;60;21
2024;1;Espectaculos;Cine;Comunitat Valenciana;Alicante/Alacant;98;370;1127,98;11,51;34
2024;1;Espectaculos;Música;Comunitat Valenciana;Alicante/Alacant;302;1140;4388,06;14,53;147
2024;1;Actividades;Actividades infantiles;Comunitat Valenciana;Alicante/Alacant;98;370;1127,98;11,51;34
2024;1;Espectaculos;Conferencias;Comunitat Valenciana;Alicante/Alacant;50;189;452;9,04;28
2024;1;Espectaculos;Cine;Comunitat Valenciana;Alicante/Alacant;257;971;2955,5;11,5;97
2024;1;Espectaculos;Ferias;Comunitat Valenciana;Alicante/Alacant;50;189;452;9,04;28
2024;1;Espectaculos;Música;Comunitat Valenciana;Alicante/Alacant;1;4;35;35;1
2024;1;Actividades;Actividades infantiles;Comunitat Valenciana;Alicante/Alacant;257;971;2955,5;11,5;97
2024;1;Actividades;Deportes y aventuras;Andalucía;Almería;5;19;125;25;3
2024;1;Espectaculos;Música;Andalucía;Almería;2887;10905;59183,5;20,5;2688
2024;1;Espectaculos;Cultura, teatro y danza;Andalucía;Almería;741;2799;8943,87;12,07;321
2024;1;Espectaculos;Música;Andalucía;Almería;83;314;4266,2;51,4;48
2024;1;Espectaculos;Cultura, teatro y danza;Andalucía;Almería;61;230;1064,45;17,45;25
2024;1;Espectaculos;Música;Castilla y León;Ávila;88;332;1101,76;12,52;32
2024;1;Espectaculos;Música;Castilla y León;Ávila;53;200;667,27;12,59;24
2024;1;Actividades;Actividades infantiles;Castilla y León;Ávila;13;49;98,54;7,58;5
2024;1;Espectaculos;Cultura, teatro y danza;Castilla y León;Ávila;7;26;35;5;3
2024;1;Espectaculos;Música;Extremadura;Badajoz;97;366;1238,69;12,77;49
2024;1;Espectaculos;Música;Extremadura;Badajoz;57;215;1329,81;23,33;22
2024;1;Actividades;Cursos;Extremadura;Badajoz;155;585;1098,95;7,09;107
2024;1;Espectaculos;Musicales;Extremadura;Badajoz;172;650;3784;22;75
2024;1;Espectaculos;Música;Extremadura;Badajoz;118;446;671,42;5,69;56
2024;1;Actividades;Actividades infantiles;Extremadura;Badajoz;13;49;228,8;17,6;3
2024;1;Espectaculos;Cultura, teatro y danza;Extremadura;Badajoz;172;650;3784;22;75
2024;1;Espectaculos;Cultura, teatro y danza;Extremadura;Badajoz;38;144;228;6;18
2024;1;Actividades;Deportes y aventuras;Extremadura;Badajoz;28;106;294;10,5;27
2024;1;Espectaculos;Cultura, teatro y danza;Illes Balears;Illes Balears;48;181;237,6;4,95;20
2024;1;Espectaculos;Música;Illes Balears;Illes Balears;79;298;819,23;10,37;34
2024;1;Espectaculos;Cultura, teatro y danza;Illes Balears;Illes Balears;52;196;604,24;11,62;23
2024;1;Actividades;Actividades infantiles;Illes Balears;Illes Balears;31;117;264,12;8,52;19
2024;1;Espectaculos;Cultura, teatro y danza;Illes Balears;Illes Balears;31;117;264,12;8,52;19
2024;1;Espectaculos;Música;Illes Balears;Illes Balears;1545;5836;22495,2;14,56;838
2024;1;Espectaculos;Música;Illes Balears;Illes Balears;77;291;1203,51;15,63;23
2024;1;Espectaculos;Música;Illes Balears;Illes Balears;258;975;3728,1;14,45;166
2024;1;Actividades;Cursos;Illes Balears;Illes Balears;37;140;185;5;19
2024;1;Espectaculos;Música;Illes Balears;Illes Balears;235;888;3470,95;14,77;107
2024;1;Actividades;Actividades infantiles;Illes Balears;Illes Balears;1;4;5,18;5,18;1
2024;1;Espectaculos;Cultura, teatro y danza;Illes Balears;Illes Balears;1;4;5,18;5,18;1
2024;1;Actividades;Actividades infantiles;Illes Balears;Illes Balears;276;1043;571,32;2,07;89
2024;1;Espectaculos;Cultura, teatro y danza;Illes Balears;Illes Balears;376;1420;778,32;2,07;121
2024;1;Espectaculos;Música;Illes Balears;Illes Balears;5;19;41,45;8,29;3
2024;1;Espectaculos;Música;Illes Balears;Illes Balears;122;461;2327,76;19,08;60
2024;1;Espectaculos;Música;Illes Balears;Illes Balears;135;510;676,35;5,01;54
2024;1;Actividades;Cursos;Illes Balears;Illes Balears;12;45;435,24;36,27;7
2024;1;Espectaculos;Musicales;Illes Balears;Illes Balears;32;121;305,92;9,56;16
2024;1;Espectaculos;Música;Illes Balears;Illes Balears;890;3362;11018,2;12,38;438
2024;1;Espectaculos;Cultura, teatro y danza;Illes Balears;Illes Balears;60;227;699;11,65;29
2024;1;Espectaculos;Música;Illes Balears;Illes Balears;644;2433;4559,52;7,08;320
2024;1;Espectaculos;Música;Illes Balears;Illes Balears;97;367;1865,31;19,23;59
2024;1;Espectaculos;Conferencias;Illes Balears;Illes Balears;3;11;31,08;10,36;1
2024;1;Espectaculos;Música;Illes Balears;Illes Balears;660;2736;8454,6;12,81;440
2024;1;Actividades;Gastronomía;Illes Balears;Illes Balears;24;91;198,96;8,29;11
2024;1;Espectaculos;Conferencias;Illes Balears;Illes Balears;17;67;1035,98;60,94;12
2024;1;Actividades;Cursos;Illes Balears;Illes Balears;154;582;6849,92;44,48;78
2024;1;Espectaculos;Musicales;Illes Balears;Illes Balears;310;1171;6792,1;21,91;132
2024;1;Espectaculos;Música;Illes Balears;Illes Balears;9336;38992;225837,84;24,19;5404
2024;1;Actividades;Actividades infantiles;Illes Balears;Illes Balears;59;223;1296,23;21,97;29
2024;1;Espectaculos;Cultura, teatro y danza;Illes Balears;Illes Balears;1356;4953;13139,64;9,69;566
2024;1;Actividades;Gastronomía;Illes Balears;Illes Balears;112;423;3978,24;35,52;45
2024;1;Espectaculos;Música;Illes Balears;Illes Balears;101;994;1555,4;15,4;46
2024;1;Espectaculos;Cultura, teatro y danza;Illes Balears;Illes Balears;271;1024;2631,41;9,71;103
2024;1;Espectaculos;Música;Illes Balears;Illes Balears;261;986;4369,14;16,74;114
2024;1;Espectaculos;Música;Illes Balears;Illes Balears;180;680;3733,2;20,74;95
2024;1;Actividades;Actividades infantiles;Illes Balears;Illes Balears;24;106;74,64;3,11;10
2024;1;Espectaculos;Cultura, teatro y danza;Illes Balears;Illes Balears;24;109;74,64;3,11;10
2024;1;Espectaculos;Música;Illes Balears;Illes Balears;62;836;261,02;4,21;18
2024;1;Actividades;Actividades infantiles;Illes Balears;Illes Balears;4;105;24;6;2
2024;1;Espectaculos;Cultura, teatro y danza;Illes Balears;Illes Balears;26;312;214,5;8,25;7
2024;1;Espectaculos;Cine;Illes Balears;Illes Balears;7;119;24,5;3,5;2
2024;1;Espectaculos;Música;Illes Balears;Illes Balears;245;925;2555,35;10,43;95
2024;1;Actividades;Actividades infantiles;Illes Balears;Illes Balears;112;423;1694,56;15,13;38
2024;1;Espectaculos;Cultura, teatro y danza;Illes Balears;Illes Balears;69;261;301,53;4,37;28
2024;1;Espectaculos;Música;Illes Balears;Illes Balears;31;117;469,65;15,15;12
2024;1;Espectaculos;Cultura, teatro y danza;Illes Balears;Illes Balears;6;23;120;20;3
2024;1;Espectaculos;Cine;Illes Balears;Illes Balears;11;42;31,79;2,89;3
2024;1;Espectaculos;Música;Illes Balears;Illes Balears;214;917;1114,94;5,21;100
2024;1;Espectaculos;Cultura, teatro y danza;Illes Balears;Illes Balears;125;472;930;7,44;56
2024;1;Espectaculos;Cultura, teatro y danza;Illes Balears;Illes Balears;23;87;120,29;5,23;9
2024;1;Espectaculos;Cultura, teatro y danza;Illes Balears;Illes Balears;34;128;321,3;9,45;24
2024;1;Espectaculos;Música;Illes Balears;Illes Balears;14;53;217,56;15,54;9
2024;1;Espectaculos;Música;Illes Balears;Illes Balears;294;1111;5012,7;17,05;172
2024;1;Espectaculos;Música;Illes Balears;Illes Balears;60;227;622,8;10,38;39
2024;1;Espectaculos;Música;Cataluña;Barcelona;65;246;781,3;12,02;29
2024;1;Espectaculos;Cultura, teatro y danza;Cataluña;Barcelona;23;87;230;10;14
2024;1;Actividades;Cursos;Cataluña;Barcelona;11;42;172,26;15,66;10
2024;1;Espectaculos;Música;Cataluña;Barcelona;333;1258;6330,33;19,01;215
2024;1;Actividades;Actividades infantiles;Cataluña;Barcelona;2;8;35,34;17,67;2
2024;1;Actividades;Cursos;Cataluña;Barcelona;151;589;5233,66;34,66;123
2024;1;Espectaculos;Cine;Cataluña;Barcelona;450;1700;3244,5;7,21;264
2024;1;Espectaculos;Musicales;Cataluña;Barcelona;439;1658;6014,3;13,7;252
2024;1;Espectaculos;Música;Cataluña;Barcelona;18344;68835;260117,92;14,18;10872
2024;1;Actividades;Deportes y aventuras;Cataluña;Barcelona;78;295;1992,12;25,54;63
2024;1;Actividades;Actividades infantiles;Cataluña;Barcelona;1346;5084;21172,58;15,73;595
2024;1;Espectaculos;Cultura, teatro y danza;Cataluña;Barcelona;5135;18275;83854,55;16,33;2597
2024;1;Espectaculos;Museo y exposiciones;Cataluña;Barcelona;108;408;1456,92;13,49;37
2024;1;Actividades;Gastronomía;Cataluña;Barcelona;411;1423;10640,79;25,89;273
2024;1;Espectaculos;Música;Cataluña;Barcelona;49;185;490,98;10,02;16
2024;1;Espectaculos;Música;Cataluña;Barcelona;16;60;129,76;8,11;7
2024;1;Espectaculos;Música;Cataluña;Barcelona;6;23;109,8;18,3;3
2024;1;Actividades;Actividades infantiles;Cataluña;Barcelona;16;60;56;3,5;12
2024;1;Actividades;Deportes y aventuras;Cataluña;Barcelona;4;15;41,24;10,31;3
2024;1;Espectaculos;Música;Cataluña;Barcelona;37;140;297,48;8,04;15
2024;1;Actividades;Actividades infantiles;Cataluña;Barcelona;37;140;297,48;8,04;15
2024;1;Espectaculos;Musicales;Cataluña;Barcelona;189;714;1137,78;6,02;80
2024;1;Espectaculos;Música;Cataluña;Barcelona;334;1414;3513,68;10,52;132
2024;1;Espectaculos;Cultura, teatro y danza;Cataluña;Barcelona;584;2206;5553,84;9,51;217
2024;1;Actividades;Deportes y aventuras;Cataluña;Barcelona;34;128;950,64;27,96;18
2024;1;Espectaculos;Música;Cataluña;Barcelona;561;2142;7264,95;12,95;319
2024;1;Espectaculos;Cultura, teatro y danza;Cataluña;Barcelona;47;272;798,06;16,98;27
2024;1;Espectaculos;Música;Cataluña;Barcelona;35;132;585,55;16,73;17
2024;1;Espectaculos;Cultura, teatro y danza;Cataluña;Barcelona;2;8;20;10;1
2024;1;Espectaculos;Cultura, teatro y danza;Cataluña;Barcelona;1;4;12;12;1
2024;1;Espectaculos;Música;Cataluña;Barcelona;96;363;1149,12;11,97;50
2024;1;Actividades;Actividades infantiles;Cataluña;Barcelona;2;8;33;16,5;2
2024;1;Actividades;Actividades infantiles;Cataluña;Barcelona;804;3037;6335,52;7,88;236
2024;1;Espectaculos;Música;Cataluña;Barcelona;78;295;939,9;12,05;60
2024;1;Espectaculos;Conferencias;Cataluña;Barcelona;102;385;4467,6;43,8;86
2024;1;Espectaculos;Cultura, teatro y danza;Cataluña;Barcelona;157;593;1347,06;8,58;68
2024;1;Actividades;Gastronomía;Cataluña;Barcelona;58;219;913,5;15,75;20
2024;1;Espectaculos;Música;Cataluña;Barcelona;9;34;227,52;25,28;4
2024;1;Espectaculos;Música;Cataluña;Barcelona;48;181;720;15;22
2024;1;Actividades;Deportes y aventuras;Cataluña;Barcelona;32;121;704;22;18
2024;1;Espectaculos;Música;Cataluña;Barcelona;664;2508;7496,56;11,29;281
2024;1;Espectaculos;Cultura, teatro y danza;Cataluña;Barcelona;22;83;268,84;12,22;9
2024;1;Espectaculos;Música;Cataluña;Barcelona;19;72;149,91;7,89;12
2024;1;Espectaculos;Musicales;Cataluña;Barcelona;37;140;297,48;8,04;9
2024;1;Espectaculos;Música;Cataluña;Barcelona;24;91;454,56;18,94;13
2024;1;Espectaculos;Cultura, teatro y danza;Cataluña;Barcelona;37;2419;297,48;8,04;9
2024;1;Espectaculos;Música;Cataluña;Barcelona;3;11;66;22;2
2024;1;Espectaculos;Música;Cataluña;Barcelona;28;106;289,8;10,35;21
2024;1;Espectaculos;Cultura, teatro y danza;Cataluña;Barcelona;32;116;256,96;8,03;15
2024;1;Espectaculos;Música;Cataluña;Barcelona;263;993;2769,39;10,53;173
2024;1;Espectaculos;Música;Cataluña;Barcelona;6;0;60;10;3
2024;1;Actividades;Cursos;Cataluña;Barcelona;2;8;1030;515;2
2024;1;Espectaculos;Música;Cataluña;Barcelona;18;68;900;50;7
2024;1;Espectaculos;Cultura, teatro y danza;Cataluña;Barcelona;4;15;33,36;8,34;2
2024;1;Espectaculos;Música;Cataluña;Barcelona;392;1481;5303,76;13,53;223
2024;1;Actividades;Actividades infantiles;Cataluña;Barcelona;6;23;55,98;9,33;3
2024;1;Espectaculos;Cultura, teatro y danza;Cataluña;Barcelona;170;642;1983,9;11,67;74
2024;1;Actividades;Gastronomía;Cataluña;Barcelona;294;1111;4389,42;14,93;157
2024;1;Espectaculos;Música;Cataluña;Barcelona;50;189;605,5;12,11;19
2024;1;Espectaculos;Música;Cataluña;Barcelona;277;1089;2019,33;7,29;198
2024;1;Espectaculos;Cultura, teatro y danza;Cataluña;Barcelona;104;393;904,8;8,7;41
2024;1;Espectaculos;Música;Cataluña;Barcelona;4;15;42;10,5;2
2024;1;Espectaculos;Música;Cataluña;Barcelona;88;332;1944,8;22,1;40
2024;1;Espectaculos;Música;Cataluña;Barcelona;181;684;2807,31;15,51;84
2024;1;Espectaculos;Música;Castilla y León;Burgos;509;1923;7395,77;14,53;236
2024;1;Espectaculos;Musicales;Extremadura;Cáceres;24;91;517,68;21,57;10
2024;1;Espectaculos;Música;Extremadura;Cáceres;18;68;179,1;9,95;8
2024;1;Actividades;Actividades infantiles;Extremadura;Cáceres;11;42;217,8;19,8;4
2024;1;Espectaculos;Cultura, teatro y danza;Extremadura;Cáceres;105;397;1552,95;14,79;59
2024;1;Actividades;Deportes y aventuras;Extremadura;Cáceres;155;814;1674;10,8;145
2024;1;Actividades;Cursos;Extremadura;Cáceres;2;8;100;50;2
2024;1;Espectaculos;Música;Extremadura;Cáceres;201;759;1891,41;9,41;143
2024;1;Espectaculos;Cultura, teatro y danza;Extremadura;Cáceres;6;23;60;10;3
2024;1;Espectaculos;Musicales;Extremadura;Cáceres;214;808;4354,9;20,35;87
2024;1;Espectaculos;Música;Extremadura;Cáceres;70;264;1208,9;17,27;32
2024;1;Actividades;Actividades infantiles;Extremadura;Cáceres;78;295;1317,42;16,89;35
2024;1;Espectaculos;Cultura, teatro y danza;Extremadura;Cáceres;214;808;4354,9;20,35;87
2024;1;Espectaculos;Música;Extremadura;Cáceres;21;79;265,02;12,62;10
2024;1;Espectaculos;Música;Andalucía;Cádiz;178;672;1696,34;9,53;89
2024;1;Espectaculos;Música;Andalucía;Cádiz;588;2221;6397,44;10,88;362
2024;1;Espectaculos;Cultura, teatro y danza;Andalucía;Cádiz;4;15;50,76;12,69;2
2024;1;Actividades;Cursos;Andalucía;Cádiz;4;15;46;11,5;3
2024;1;Espectaculos;Música;Andalucía;Cádiz;787;2973;8790,79;11,17;498
2024;1;Espectaculos;Música;Andalucía;Cádiz;103;390;1246,3;12,1;50
2024;1;Espectaculos;Música;Andalucía;Cádiz;87;1410;823,89;9,47;62
2024;1;Espectaculos;Música;Andalucía;Cádiz;17;65;245,65;14,45;12
2024;1;Espectaculos;Música;Andalucía;Cádiz;16;60;151,2;9,45;8
2024;1;Espectaculos;Cultura, teatro y danza;Andalucía;Cádiz;96;363;1819,2;18,95;46
2024;1;Espectaculos;Cultura, teatro y danza;Andalucía;Cádiz;2;8;20;10;1
2024;1;Espectaculos;Música;Comunitat Valenciana;Castellón/Castelló;1;4;12;12;1
2024;1;Espectaculos;Música;Comunitat Valenciana;Castellón/Castelló;323;1220;4706,11;14,57;176
2024;1;Espectaculos;Cultura, teatro y danza;Comunitat Valenciana;Castellón/Castelló;24;91;72;3;12
2024;1;Espectaculos;Música;Castilla - La Mancha;Ciudad Real;15;57;175,05;11,67;7
2024;1;Espectaculos;Cultura, teatro y danza;Castilla - La Mancha;Ciudad Real;1;4;16,5;16,5;1
2024;1;Espectaculos;Música;Castilla - La Mancha;Ciudad Real;27;102;212,22;7,86;7
2024;1;Espectaculos;Cultura, teatro y danza;Castilla - La Mancha;Ciudad Real;24;91;192;8;12
2024;1;Espectaculos;Música;Castilla - La Mancha;Ciudad Real;15;57;151,95;10,13;7
2024;1;Espectaculos;Música;Castilla - La Mancha;Ciudad Real;3;11;40,77;13,59;2
2024;1;Espectaculos;Música;Andalucía;Córdoba;3;11;45;15;2
2024;1;Espectaculos;Conferencias;Andalucía;Córdoba;288;1088;5760;20;288
2024;1;Espectaculos;Musicales;Andalucía;Córdoba;607;2293;11951,83;19,69;273
2024;1;Espectaculos;Música;Andalucía;Córdoba;610;2304;8393,6;13,76;275
2024;1;Actividades;Actividades infantiles;Andalucía;Córdoba;186;703;1938,12;10,42;127
2024;1;Espectaculos;Cultura, teatro y danza;Andalucía;Córdoba;1180;4457;16012,6;13,57;473
2024;1;Espectaculos;Música;Galicia;A Coruña;29;110;240,41;8,29;17
2024;1;Espectaculos;Cine;Galicia;A Coruña;5;19;196,45;39,29;5
2024;1;Espectaculos;Música;Galicia;A Coruña;427;1613;5149,62;12,06;234
2024;1;Actividades;Actividades infantiles;Galicia;A Coruña;205;774;1644,1;8,02;65
2024;1;Espectaculos;Cultura, teatro y danza;Galicia;A Coruña;171;646;1236,33;7,23;52
2024;1;Espectaculos;Música;Galicia;A Coruña;18;68;290,34;16,13;10
2024;1;Espectaculos;Música;Galicia;A Coruña;82;310;1645,74;20,07;54
2024;1;Espectaculos;Música;Galicia;A Coruña;300;1133;3045;10,15;230
2024;1;Espectaculos;Música;Galicia;A Coruña;321;1213;4863,15;15,15;232
2024;1;Espectaculos;Cultura, teatro y danza;Galicia;A Coruña;23;87;74,52;3,24;10
2024;1;Espectaculos;Música;Castilla - La Mancha;Cuenca;91;344;956,41;10,51;47
2024;1;Espectaculos;Cultura, teatro y danza;Castilla - La Mancha;Cuenca;7;26;56;8;1
2024;1;Espectaculos;Cultura, teatro y danza;Castilla - La Mancha;Cuenca;94;355;1218,24;12,96;50
2024;1;Espectaculos;Cultura, teatro y danza;Castilla - La Mancha;Cuenca;4;15;36,88;9,22;2
2024;1;Espectaculos;Cine;Cataluña;Girona;18;68;79,56;4,42;7
2024;1;Espectaculos;Musicales;Cataluña;Girona;59;223;593,54;10,06;27
2024;1;Espectaculos;Música;Cataluña;Girona;124;468;2741,64;22,11;53
2024;1;Actividades;Actividades infantiles;Cataluña;Girona;53;200;543,25;10,25;19
2024;1;Espectaculos;Cultura, teatro y danza;Cataluña;Girona;59;223;593,54;10,06;27
2024;1;Espectaculos;Música;Cataluña;Girona;9;34;160,02;17,78;5
2024;1;Espectaculos;Música;Cataluña;Girona;201;759;3654,18;18,18;100
2024;1;Actividades;Actividades infantiles;Cataluña;Girona;44;166;1116,72;25,38;20
2024;1;Espectaculos;Música;Cataluña;Girona;53;200;479,12;9,04;27
2024;1;Espectaculos;Música;Cataluña;Girona;34;128;1929,5;56,75;27
2024;1;Espectaculos;Música;Cataluña;Girona;736;3372;7823,68;10,63;274
2024;1;Espectaculos;Musicales;Cataluña;Girona;28;106;492,8;17,6;9
2024;1;Actividades;Actividades infantiles;Cataluña;Girona;28;106;492,8;17,6;9
2024;1;Espectaculos;Cultura, teatro y danza;Cataluña;Girona;49;185;862,4;17,6;19
2024;1;Espectaculos;Música;Cataluña;Girona;4;15;62,16;15,54;2
2024;1;Espectaculos;Música;Cataluña;Girona;98;370;567,42;5,79;53
2024;1;Espectaculos;Música;Cataluña;Girona;11;42;278,3;25,3;6
2024;1;Actividades;Actividades infantiles;Cataluña;Girona;40;151;200;5;15
2024;1;Espectaculos;Cultura, teatro y danza;Cataluña;Girona;44;166;220;5;17
2024;1;Espectaculos;Cultura, teatro y danza;Cataluña;Girona;5;19;150;30;4
2024;1;Espectaculos;Música;Andalucía;Granada;33;125;635,25;19,25;15
2024;1;Espectaculos;Música;Andalucía;Granada;52;196;627,12;12,06;36
2024;1;Espectaculos;Musicales;Andalucía;Granada;4;15;68,08;17,02;1
2024;1;Espectaculos;Música;Andalucía;Granada;2419;10301;32535,55;13,45;1467
2024;1;Actividades;Actividades infantiles;Andalucía;Granada;26;98;312;12;14
2024;1;Espectaculos;Cultura, teatro y danza;Andalucía;Granada;694;2621;6516,66;9,39;313
2024;1;Espectaculos;Música;Andalucía;Granada;101;381;290,88;2,88;32
2024;1;Actividades;Actividades infantiles;Andalucía;Granada;141;533;525,93;3,73;40
2024;1;Espectaculos;Cultura, teatro y danza;Andalucía;Granada;141;533;525,93;3,73;40
2024;1;Espectaculos;Música;Andalucía;Granada;167;631;3590,5;21,5;72
2024;1;Espectaculos;Música;Castilla - La Mancha;Guadalajara;274;1035;4142,88;15,12;119
2024;1;Espectaculos;Música;País Vasco;Gipuzkoa;673;2542;6891,52;10,24;213
2024;1;Espectaculos;Cultura, teatro y danza;País Vasco;Gipuzkoa;225;850;2283,75;10,15;98
2024;1;Actividades;Cursos;País Vasco;Gipuzkoa;3;11;33;11;3
2024;1;Espectaculos;Cine;País Vasco;Gipuzkoa;389;1581;1349,83;3,47;174
2024;1;Espectaculos;Música;País Vasco;Gipuzkoa;1242;5102;15810,66;12,73;579
2024;1;Actividades;Actividades infantiles;País Vasco;Gipuzkoa;261;986;918,72;3,52;108
2024;1;Espectaculos;Cultura, teatro y danza;País Vasco;Gipuzkoa;318;1201;2734,8;8,6;121
2024;1;Espectaculos;Música;País Vasco;Gipuzkoa;59;223;182,9;3,1;34
2024;1;Espectaculos;Cultura, teatro y danza;País Vasco;Gipuzkoa;95;359;475,95;5,01;47
2024;1;Espectaculos;Cine;País Vasco;Gipuzkoa;117;442;352,17;3,01;59
2024;1;Espectaculos;Música;País Vasco;Gipuzkoa;206;778;1656,24;8,04;95
2024;1;Espectaculos;Cultura, teatro y danza;País Vasco;Gipuzkoa;294;1111;1361,22;4,63;120
2024;1;Espectaculos;Música;País Vasco;Gipuzkoa;307;1160;4915,07;16,01;306
2024;1;Espectaculos;Música;País Vasco;Gipuzkoa;70;264;300,3;4,29;27
2024;1;Espectaculos;Música;País Vasco;Gipuzkoa;39;147;400,53;10,27;17
2024;1;Espectaculos;Cine;País Vasco;Gipuzkoa;81;397;486,81;6,01;55
2024;1;Espectaculos;Música;País Vasco;Gipuzkoa;79;298;1034,9;13,1;43
2024;1;Espectaculos;Música;País Vasco;Gipuzkoa;1;4;15;15;1
2024;1;Actividades;Actividades infantiles;Andalucía;Huelva;73;276;354,78;4,86;16
2024;1;Espectaculos;Cultura, teatro y danza;Andalucía;Huelva;73;276;354,78;4,86;16
2024;1;Espectaculos;Museo y exposiciones;Andalucía;Huelva;73;276;354,78;4,86;16
2024;1;Espectaculos;Música;Andalucía;Huelva;2;8;20;10;1
2024;1;Espectaculos;Música;Aragón;Huesca;255;963;2993,7;11,74;212
2024;1;Espectaculos;Música;Aragón;Huesca;101;381;1572,57;15,57;43
2024;1;Espectaculos;Cultura, teatro y danza;Aragón;Huesca;42;159;258,72;6,16;14
2024;1;Espectaculos;Música;Andalucía;Jaén;409;1545;4004,11;9,79;255
2024;1;Espectaculos;Música;Andalucía;Jaén;18;68;423,72;23,54;8
2024;1;Espectaculos;Música;Andalucía;Jaén;269;1016;1414,94;5,26;113
2024;1;Espectaculos;Música;Andalucía;Jaén;29;110;88,16;3,04;16
2024;1;Espectaculos;Cultura, teatro y danza;Andalucía;Jaén;2;8;19,62;9,81;1
2024;1;Espectaculos;Música;Andalucía;Jaén;5;19;150;30;3
2024;1;Actividades;Actividades infantiles;Andalucía;Jaén;5;19;150;30;3
2024;1;Espectaculos;Musicales;Castilla y León;León;39;147;1072,5;27,5;17
2024;1;Espectaculos;Música;Castilla y León;León;578;2184;7768,32;13,44;278
2024;1;Actividades;Actividades infantiles;Castilla y León;León;3;11;36;12;1
2024;1;Espectaculos;Cultura, teatro y danza;Castilla y León;León;39;147;1072,5;27,5;17
2024;1;Espectaculos;Música;Castilla y León;León;13;49;175,11;13,47;5
2024;1;Espectaculos;Música;Castilla y León;León;31;117;2325;75;20
2024;1;Espectaculos;Música;Cataluña;Lleida;6;23;70,02;11,67;6
2024;1;Espectaculos;Música;Cataluña;Lleida;756;2631;11287,08;14,93;381
2024;1;Espectaculos;Música;Cataluña;Lleida;261;986;3058,92;11,72;191
2024;1;Espectaculos;Música;Cataluña;Lleida;21;79;259,14;12,34;9
2024;1;Espectaculos;Música;Cataluña;Lleida;1218;4601;5712,42;4,69;515
2024;1;Espectaculos;Música;La Rioja;La Rioja;43;162;533,2;12,4;30
2024;1;Espectaculos;Musicales;La Rioja;La Rioja;28;106;439,88;15,71;9
2024;1;Espectaculos;Música;La Rioja;La Rioja;238;899;3869,88;16,26;106
2024;1;Actividades;Actividades infantiles;La Rioja;La Rioja;28;106;439,88;15,71;9
2024;1;Espectaculos;Cultura, teatro y danza;La Rioja;La Rioja;565;2134;7644,45;13,53;172
2024;1;Espectaculos;Música;La Rioja;La Rioja;58;219;2756,16;47,52;30
2024;1;Espectaculos;Música;Galicia;Lugo;79;298;707,84;8,96;35
2024;1;Espectaculos;Música;Galicia;Lugo;13;49;108,94;8,38;8
2024;1;Espectaculos;Conferencias;Comunidad de Madrid;Madrid;22;83;165;7,5;18
2024;1;Actividades;Cursos;Comunidad de Madrid;Madrid;3;11;120;40;3
2024;1;Espectaculos;Musicales;Comunidad de Madrid;Madrid;48;181;579,36;12,07;19
2024;1;Espectaculos;Música;Comunidad de Madrid;Madrid;208;786;2140,32;10,29;93
2024;1;Actividades;Actividades infantiles;Comunidad de Madrid;Madrid;173;653;1351,13;7,81;53
2024;1;Espectaculos;Cultura, teatro y danza;Comunidad de Madrid;Madrid;196;740;2199,12;11,22;75
2024;1;Actividades;Gastronomía;Comunidad de Madrid;Madrid;2;8;23,56;11,78;1
2024;1;Espectaculos;Música;Comunidad de Madrid;Madrid;47;178;368,95;7,85;13
2024;1;Actividades;Actividades infantiles;Comunidad de Madrid;Madrid;47;178;368,95;7,85;13
2024;1;Espectaculos;Música;Comunidad de Madrid;Madrid;121;457;8173,55;67,55;47
2024;1;Espectaculos;Música;Comunidad de Madrid;Madrid;224;846;2432,64;10,86;155
2024;1;Espectaculos;Música;Comunidad de Madrid;Madrid;220;2537;2501,4;11,37;130
2024;1;Espectaculos;Cultura, teatro y danza;Comunidad de Madrid;Madrid;202;763;977,68;4,84;60
2024;1;Espectaculos;Música;Comunidad de Madrid;Madrid;274;1035;7450,06;27,19;142
2024;1;Espectaculos;Conferencias;Comunidad de Madrid;Madrid;117;2949;2999,88;25,64;97
2024;1;Actividades;Cursos;Comunidad de Madrid;Madrid;51;309;3015,12;59,12;49
2024;1;Espectaculos;Cine;Comunidad de Madrid;Madrid;297;1122;3941,19;13,27;162
2024;1;Espectaculos;Musicales;Comunidad de Madrid;Madrid;898;3902;10686,2;11,9;221
2024;1;Espectaculos;Ferias;Comunidad de Madrid;Madrid;117;639;2999,88;25,64;97
2024;1;Espectaculos;Música;Comunidad de Madrid;Madrid;28360;101373;350246;12,35;15505
2024;1;Actividades;Deportes y aventuras;Comunidad de Madrid;Madrid;3;801;22,5;7,5;2
2024;1;Actividades;Actividades infantiles;Comunidad de Madrid;Madrid;948;3581;10428;11;404
2024;1;Espectaculos;Cultura, teatro y danza;Comunidad de Madrid;Madrid;6554;24237;84284,44;12,86;3030
2024;1;Espectaculos;Museo y exposiciones;Comunidad de Madrid;Madrid;3;11;30;10;3
2024;1;Actividades;Gastronomía;Comunidad de Madrid;Madrid;350;1322;5878,25;16,795;169
2024;1;Espectaculos;Música;Comunidad de Madrid;Madrid;2;8;22,68;11,34;1
2024;1;Actividades;Cursos;Comunidad de Madrid;Madrid;1;4;30;30;1
2024;1;Espectaculos;Música;Comunidad de Madrid;Madrid;72;272;1289,52;17,91;27
2024;1;Actividades;Actividades infantiles;Comunidad de Madrid;Madrid;70;264;548,1;7,83;25
2024;1;Actividades;Cursos;Comunidad de Madrid;Madrid;5;19;147,5;29,5;5
2024;1;Espectaculos;Música;Comunidad de Madrid;Madrid;458;1730;4025,82;8,79;265
2024;1;Actividades;Actividades infantiles;Comunidad de Madrid;Madrid;14;53;216,3;15,45;8
2024;1;Espectaculos;Cultura, teatro y danza;Comunidad de Madrid;Madrid;15;57;217,5;14,5;9
2024;1;Espectaculos;Música;Comunidad de Madrid;Madrid;5;19;65;13;2
2024;1;Espectaculos;Música;Comunidad de Madrid;Madrid;2;8;19,2;9,6;1
2024;1;Espectaculos;Musicales;Comunidad de Madrid;Madrid;114;431;391,02;3,43;37
2024;1;Espectaculos;Música;Comunidad de Madrid;Madrid;3;11;15,87;5,29;1
2024;1;Actividades;Actividades infantiles;Comunidad de Madrid;Madrid;10;38;30;3;3
2024;1;Espectaculos;Cultura, teatro y danza;Comunidad de Madrid;Madrid;480;1813;1867,2;3,89;152
2024;1;Espectaculos;Música;Comunidad de Madrid;Madrid;148;559;1719,76;11,62;67
2024;1;Espectaculos;Musicales;Comunidad de Madrid;Madrid;6;23;60;10;3
2024;1;Espectaculos;Cultura, teatro y danza;Comunidad de Madrid;Madrid;6;23;60;10;3
2024;1;Actividades;Deportes y aventuras;Comunidad de Madrid;Madrid;19;72;249,85;13,15;9
2024;1;Espectaculos;Musicales;Andalucía;Málaga;23;87;209,3;9,1;6
2024;1;Espectaculos;Música;Andalucía;Málaga;36;136;360;10;21
2024;1;Actividades;Actividades infantiles;Andalucía;Málaga;36;136;360;10;21
2024;1;Espectaculos;Cultura, teatro y danza;Andalucía;Málaga;23;87;209,3;9,1;6
2024;1;Espectaculos;Música;Andalucía;Málaga;16;60;167,2;10,45;7
2024;1;Espectaculos;Cultura, teatro y danza;Andalucía;Málaga;31;117;558;18;15
2024;1;Espectaculos;Música;Andalucía;Málaga;84;317;1123,92;13,38;31
2024;1;Espectaculos;Conferencias;Andalucía;Málaga;27;102;1782;66;21
2024;1;Actividades;Cursos;Andalucía;Málaga;28;106;332,64;11,88;18
2024;1;Espectaculos;Musicales;Andalucía;Málaga;1234;4661;24063;19,5;442
2024;1;Espectaculos;Música;Andalucía;Málaga;2030;7667;31302,6;15,42;1052
2024;1;Actividades;Actividades infantiles;Andalucía;Málaga;855;3003;6386,85;7,47;278
2024;1;Espectaculos;Cultura, teatro y danza;Andalucía;Málaga;1616;7524;39511,2;24,45;590
2024;1;Espectaculos;Cine;Andalucía;Málaga;413;1560;5612,67;13,59;121
2024;1;Actividades;Actividades infantiles;Andalucía;Málaga;413;1560;5612,67;13,59;121
2024;1;Espectaculos;Música;Andalucía;Málaga;127;480;1873,25;14,75;49
2024;1;Actividades;Gastronomía;Andalucía;Málaga;127;480;1873,25;14,75;49
2024;1;Espectaculos;Música;Andalucía;Málaga;108;408;2148,12;19,89;60
2024;1;Espectaculos;Música;Región de Murcia;Murcia;8;30;96;12;5
2024;1;Actividades;Cursos;Región de Murcia;Murcia;29;110;2085,97;71,93;14
2024;1;Actividades;Actividades infantiles;Región de Murcia;Murcia;72;272;580,32;8,06;35
2024;1;Espectaculos;Cultura, teatro y danza;Región de Murcia;Murcia;72;272;580,32;8,06;35
2024;1;Espectaculos;Música;Región de Murcia;Murcia;9;34;162;18;5
2024;1;Espectaculos;Cine;Región de Murcia;Murcia;4;15;140;35;4
2024;1;Espectaculos;Musicales;Región de Murcia;Murcia;2;8;50;25;1
2024;1;Espectaculos;Música;Región de Murcia;Murcia;4303;14639;56541,42;13,14;3039
2024;1;Actividades;Deportes y aventuras;Región de Murcia;Murcia;9;34;139,5;15,5;9
2024;1;Actividades;Actividades infantiles;Región de Murcia;Murcia;15;57;183,6;12,24;8
2024;1;Espectaculos;Cultura, teatro y danza;Región de Murcia;Murcia;357;1348;3816,33;10,69;173
2024;1;Espectaculos;Musicales;Región de Murcia;Murcia;246;929;2806,86;11,41;102
2024;1;Espectaculos;Cultura, teatro y danza;Región de Murcia;Murcia;246;929;2806,86;11,41;102
2024;1;Espectaculos;Música;Comunidad Foral de Navarra;Navarra;1603;6055;78194,34;48,78;824
2024;1;Actividades;Actividades infantiles;Comunidad Foral de Navarra;Navarra;1603;6055;78194,34;48,78;824
2024;1;Espectaculos;Música;Comunidad Foral de Navarra;Navarra;36;136;410,4;11,4;27
2024;1;Espectaculos;Música;Comunidad Foral de Navarra;Navarra;73;276;730,73;10,01;53
2024;1;Espectaculos;Conferencias;Comunidad Foral de Navarra;Navarra;224;846;9851,52;43,98;121
2024;1;Espectaculos;Música;Comunidad Foral de Navarra;Navarra;590;2229;31222,8;52,92;418
2024;1;Espectaculos;Música;Comunidad Foral de Navarra;Navarra;3355;12118;111352,45;33,19;1851
2024;1;Espectaculos;Cultura, teatro y danza;Comunidad Foral de Navarra;Navarra;14;53;148,4;10,6;6
2024;1;Espectaculos;Música;Comunidad Foral de Navarra;Navarra;25;94;360,25;14,41;12
2024;1;Espectaculos;Música;Comunidad Foral de Navarra;Navarra;2;8;36;18;1
2024;1;Espectaculos;Musicales;Galicia;Ourense;3;11;66;22;1
2024;1;Espectaculos;Música;Galicia;Ourense;16;60;189,44;11,84;8
2024;1;Espectaculos;Cultura, teatro y danza;Galicia;Ourense;3;11;66;22;1
2024;1;Espectaculos;Música;Principado de Asturias;Asturias;56;212;534,24;9,54;31
2024;1;Espectaculos;Música;Principado de Asturias;Asturias;555;2096;7653,45;13,79;295
2024;1;Actividades;Actividades infantiles;Principado de Asturias;Asturias;48;181;361,44;7,53;19
2024;1;Espectaculos;Cultura, teatro y danza;Principado de Asturias;Asturias;96;363;905,28;9,43;38
2024;1;Espectaculos;Musicales;Principado de Asturias;Asturias;28;106;492,8;17,6;9
2024;1;Actividades;Actividades infantiles;Principado de Asturias;Asturias;28;106;492,8;17,6;9
2024;1;Espectaculos;Cultura, teatro y danza;Principado de Asturias;Asturias;49;185;862,4;17,6;19
2024;1;Espectaculos;Musicales;Principado de Asturias;Asturias;31;117;562,03;18,13;13
2024;1;Actividades;Actividades infantiles;Principado de Asturias;Asturias;31;117;562,03;18,13;13
2024;1;Espectaculos;Cultura, teatro y danza;Principado de Asturias;Asturias;31;117;562,03;18,13;13
2024;1;Espectaculos;Música;Principado de Asturias;Asturias;702;2652;9680,58;13,79;392
2024;1;Espectaculos;Música;Principado de Asturias;Asturias;200;755;2550;12,75;110
2024;1;Espectaculos;Música;Principado de Asturias;Asturias;5;19;30;6;3
2024;1;Espectaculos;Música;Castilla y León;Palencia;637;2406;9230,13;14,49;501
2024;1;Espectaculos;Música;Canarias;Las Palmas;269;1016;5716,25;21,25;130
2024;1;Espectaculos;Cultura, teatro y danza;Canarias;Las Palmas;162;612;2624,4;16,2;70
2024;1;Espectaculos;Música;Canarias;Las Palmas;942;3558;20347,2;21,6;478
2024;1;Espectaculos;Cultura, teatro y danza;Canarias;Las Palmas;41;155;623,2;15,2;19
2024;1;Espectaculos;Cultura, teatro y danza;Canarias;Las Palmas;94;355;1218,24;12,96;50
2024;1;Actividades;Cursos;Canarias;Las Palmas;2;8;200;100;2
2024;1;Espectaculos;Musicales;Canarias;Las Palmas;269;1016;2429,07;9,03;140
2024;1;Espectaculos;Música;Canarias;Las Palmas;1298;4903;21845,34;16,83;836
2024;1;Actividades;Deportes y aventuras;Canarias;Las Palmas;8;30;24;3;4
2024;1;Actividades;Actividades infantiles;Canarias;Las Palmas;8;30;290;36,25;4
2024;1;Espectaculos;Cultura, teatro y danza;Canarias;Las Palmas;685;2573;6788,35;9,91;347
2024;1;Actividades;Gastronomía;Canarias;Las Palmas;45;170;454,05;10,09;22
2024;1;Espectaculos;Musicales;Canarias;Las Palmas;241;910;1205;5;76
2024;1;Espectaculos;Música;Canarias;Las Palmas;323;1417;26405,25;81,75;227
2024;1;Actividades;Actividades infantiles;Canarias;Las Palmas;241;910;1205;5;76
2024;1;Espectaculos;Cultura, teatro y danza;Canarias;Las Palmas;772;2916;9117,32;11,81;312
2024;1;Espectaculos;Música;Canarias;Las Palmas;97;366;1280,4;13,2;46
2024;1;Espectaculos;Música;Canarias;Las Palmas;663;2504;10654,41;16,07;323
2024;1;Espectaculos;Música;Canarias;Las Palmas;75;283;750;10;31
2024;1;Espectaculos;Cultura, teatro y danza;Canarias;Las Palmas;264;997;2851,2;10,8;124
2024;1;Espectaculos;Música;Canarias;Las Palmas;641;2259;28030,93;43,73;275
2024;1;Actividades;Actividades infantiles;Canarias;Las Palmas;31;117;285,2;9,2;11
2024;1;Espectaculos;Cultura, teatro y danza;Canarias;Las Palmas;723;2731;9420,69;13,03;298
2024;1;Espectaculos;Música;Canarias;Las Palmas;16;60;115,2;7,2;5
2024;1;Actividades;Deportes y aventuras;Canarias;Las Palmas;27;102;237,87;8,81;18
2024;1;Espectaculos;Cultura, teatro y danza;Canarias;Las Palmas;71;256;511,2;7,2;31
2024;1;Espectaculos;Musicales;Galicia;Pontevedra;45;170;194,4;4,32;24
2024;1;Espectaculos;Música;Galicia;Pontevedra;354;1337;4793,16;13,54;209
2024;1;Espectaculos;Cultura, teatro y danza;Galicia;Pontevedra;293;1107;2185,78;7,46;147
2024;1;Espectaculos;Música;Castilla y León;Salamanca;16;60;204,32;12,77;8
2024;1;Espectaculos;Musicales;Castilla y León;Salamanca;251;948;5491,88;21,88;84
2024;1;Espectaculos;Música;Castilla y León;Salamanca;836;3158;10291,16;12,31;475
2024;1;Actividades;Actividades infantiles;Castilla y León;Salamanca;105;397;2074,8;19,76;32
2024;1;Espectaculos;Cultura, teatro y danza;Castilla y León;Salamanca;323;1220;5251,98;16,26;123
2024;1;Espectaculos;Cultura, teatro y danza;Castilla y León;Salamanca;38;144;228;6;18
2024;1;Espectaculos;Cultura, teatro y danza;Castilla y León;Salamanca;9;34;90;10;5
2024;1;Espectaculos;Música;Canarias;Santa Cruz de Tenerife;79;298;1639,25;20,75;53
2024;1;Espectaculos;Música;Canarias;Santa Cruz de Tenerife;175;661;528,5;3,02;81
2024;1;Actividades;Actividades infantiles;Canarias;Santa Cruz de Tenerife;81;485;243;3;25
2024;1;Espectaculos;Cultura, teatro y danza;Canarias;Santa Cruz de Tenerife;372;1405;1123,44;3,02;157
2024;1;Espectaculos;Música;Canarias;Santa Cruz de Tenerife;7;26;114,45;16,35;4
2024;1;Espectaculos;Música;Canarias;Santa Cruz de Tenerife;302;1141;3796,14;12,57;176
2024;1;Actividades;Deportes y aventuras;Canarias;Santa Cruz de Tenerife;9;34;54;6;4
2024;1;Actividades;Actividades infantiles;Canarias;Santa Cruz de Tenerife;81;306;759,78;9,38;30
2024;1;Espectaculos;Cultura, teatro y danza;Canarias;Santa Cruz de Tenerife;81;306;759,78;9,38;30
2024;1;Espectaculos;Música;Canarias;Santa Cruz de Tenerife;246;929;5999,94;24,39;113
2024;1;Espectaculos;Cultura, teatro y danza;Canarias;Santa Cruz de Tenerife;304;1148;7110,56;23,39;122
2024;1;Actividades;Cursos;Canarias;Santa Cruz de Tenerife;9;34;190,71;21,19;8
2024;1;Espectaculos;Cine;Canarias;Santa Cruz de Tenerife;18;68;98,64;5,48;11
2024;1;Espectaculos;Musicales;Canarias;Santa Cruz de Tenerife;35;132;183,05;5,23;11
2024;1;Espectaculos;Música;Canarias;Santa Cruz de Tenerife;283;1069;3424,3;12,1;162
2024;1;Actividades;Actividades infantiles;Canarias;Santa Cruz de Tenerife;35;132;183,05;5,23;11
2024;1;Espectaculos;Cultura, teatro y danza;Canarias;Santa Cruz de Tenerife;216;816;2123,28;9,83;102
2024;1;Espectaculos;Musicales;Canarias;Santa Cruz de Tenerife;284;1073;3368,24;11,86;115
2024;1;Espectaculos;Música;Canarias;Santa Cruz de Tenerife;74;280;668,96;9,04;33
2024;1;Espectaculos;Cultura, teatro y danza;Canarias;Santa Cruz de Tenerife;674;2546;7966,68;11,82;291
2024;1;Espectaculos;Música;Canarias;Santa Cruz de Tenerife;40;151;363,2;9,08;21
2024;1;Actividades;Cursos;Cantabria;Cantabria;6;23;780;130;5
2024;1;Espectaculos;Musicales;Cantabria;Cantabria;20;76;440;22;6
2024;1;Espectaculos;Música;Cantabria;Cantabria;78;295;1095,9;14,05;34
2024;1;Actividades;Actividades infantiles;Cantabria;Cantabria;318;1201;3316,74;10,43;111
2024;1;Espectaculos;Cultura, teatro y danza;Cantabria;Cantabria;500;1889;6335;12,67;191
2024;1;Espectaculos;Música;Cantabria;Cantabria;7;26;56,28;8,04;3
2024;1;Actividades;Actividades infantiles;Cantabria;Cantabria;4;15;17,2;4,3;1
2024;1;Espectaculos;Música;Castilla y León;Segovia;9;34;219,96;24,44;6
2024;1;Espectaculos;Música;Castilla y León;Segovia;97;366;1248,39;12,87;39
2024;1;Espectaculos;Música;Andalucía;Sevilla;8;30;40;5;6
2024;1;Actividades;Deportes y aventuras;Andalucía;Sevilla;1970;7441;13455,1;6,83;855
2024;1;Actividades;Actividades infantiles;Andalucía;Sevilla;1963;7415;15762,89;8,03;852
2024;1;Espectaculos;Música;Andalucía;Sevilla;4;16;30,48;7,62;2
2024;1;Espectaculos;Música;Andalucía;Sevilla;2;8;20,62;10,31;1
2024;1;Espectaculos;Música;Andalucía;Sevilla;142;536;2966,38;20,89;73
2024;1;Espectaculos;Música;Andalucía;Sevilla;36;136;1066,68;29,63;26
2024;1;Espectaculos;Cultura, teatro y danza;Andalucía;Sevilla;2;8;26;13;1
2024;1;Espectaculos;Museo y exposiciones;Andalucía;Sevilla;2;8;26;13;1
2024;1;Espectaculos;Cine;Andalucía;Sevilla;128;2530;618,24;4,83;52
2024;1;Espectaculos;Musicales;Andalucía;Sevilla;91;344;765,31;8,41;34
2024;1;Espectaculos;Música;Andalucía;Sevilla;3935;14027;49581;12,6;2202
2024;1;Actividades;Actividades infantiles;Andalucía;Sevilla;293;1107;3800,21;12,97;110
2024;1;Espectaculos;Cultura, teatro y danza;Andalucía;Sevilla;2915;13028;103424,2;35,48;1206
2024;1;Espectaculos;Museo y exposiciones;Andalucía;Sevilla;72;2042;934,56;12,98;31
2024;1;Actividades;Gastronomía;Andalucía;Sevilla;4;15;49,48;12,37;2
2024;1;Espectaculos;Música;Andalucía;Sevilla;2;8;50;25;1
2024;1;Actividades;Actividades infantiles;Andalucía;Sevilla;2;8;50;25;1
2024;1;Actividades;Gastronomía;Andalucía;Sevilla;2;8;50;25;1
2024;1;Espectaculos;Cultura, teatro y danza;Andalucía;Sevilla;33;125;269,94;8,18;13
2024;1;Espectaculos;Museo y exposiciones;Andalucía;Sevilla;33;125;269,94;8,18;13
2024;1;Espectaculos;Música;Castilla y León;Soria;11;42;145,2;13,2;2
2024;1;Espectaculos;Música;Castilla y León;Soria;68;257;1241;18,25;32
2024;1;Actividades;Actividades infantiles;Cataluña;Tarragona;43;162;595,55;13,85;17
2024;1;Espectaculos;Cultura, teatro y danza;Cataluña;Tarragona;43;162;595,55;13,85;17
2024;1;Espectaculos;Museo y exposiciones;Cataluña;Tarragona;43;162;595,55;13,85;17
2024;1;Espectaculos;Cultura, teatro y danza;Cataluña;Tarragona;50;189;325;6,5;14
2024;1;Actividades;Cursos;Cataluña;Tarragona;1;4;100;100;1
2024;1;Espectaculos;Música;Cataluña;Tarragona;140;529;6610,8;47,22;84
2024;1;Espectaculos;Música;Cataluña;Tarragona;34;128;437,92;12,88;16
2024;1;Espectaculos;Música;Cataluña;Tarragona;62;234;1471,88;23,74;33
2024;1;Actividades;Actividades infantiles;Cataluña;Tarragona;97;366;1112,59;11,47;36
2024;1;Espectaculos;Cultura, teatro y danza;Cataluña;Tarragona;97;366;1112,59;11,47;36
2024;1;Espectaculos;Música;Cataluña;Tarragona;561;2119;7192,02;12,82;235
2024;1;Actividades;Actividades infantiles;Cataluña;Tarragona;90;340;847,8;9,42;39
2024;1;Espectaculos;Cultura, teatro y danza;Cataluña;Tarragona;32;121;321,28;10,04;17
2024;1;Espectaculos;Cultura, teatro y danza;Cataluña;Tarragona;1499;5662;18047,96;12,04;646
2024;1;Espectaculos;Cultura, teatro y danza;Cataluña;Tarragona;86;325;500,52;5,82;41
2024;1;Espectaculos;Música;Aragón;Teruel;211;797;4764,38;22,58;149
2024;1;Actividades;Cursos;Castilla - La Mancha;Toledo;2;8;62;31;1
2024;1;Espectaculos;Música;Castilla - La Mancha;Toledo;38;144;1992,34;52,43;34
2024;1;Espectaculos;Música;Castilla - La Mancha;Toledo;26;98;654,94;25,19;12
2024;1;Actividades;Actividades infantiles;Castilla - La Mancha;Toledo;26;98;654,94;25,19;12
2024;1;Espectaculos;Música;Castilla - La Mancha;Toledo;70;264;835,8;11,94;39
2024;1;Espectaculos;Cultura, teatro y danza;Castilla - La Mancha;Toledo;252;952;1310,4;5,2;99
2024;1;Espectaculos;Música;Castilla - La Mancha;Toledo;79;298;989,87;12,53;27
2024;1;Espectaculos;Música;Castilla - La Mancha;Toledo;6;23;96;16;3
2024;1;Actividades;Actividades infantiles;Castilla - La Mancha;Toledo;57;215;400,71;7,03;12
2024;1;Espectaculos;Cultura, teatro y danza;Castilla - La Mancha;Toledo;57;215;400,71;7,03;12
2024;1;Espectaculos;Museo y exposiciones;Castilla - La Mancha;Toledo;57;215;400,71;7,03;12
2024;1;Espectaculos;Cultura, teatro y danza;Comunitat Valenciana;Valencia/València;12;45;69,6;5,8;5
2024;1;Espectaculos;Música;Comunitat Valenciana;Valencia/València;90;340;1067,4;11,86;61
2024;1;Espectaculos;Música;Comunitat Valenciana;Valencia/València;81;306;2025,81;25,01;54
2024;1;Espectaculos;Música;Comunitat Valenciana;Valencia/València;153;578;1601,91;10,47;84
2024;1;Espectaculos;Música;Comunitat Valenciana;Valencia/València;2186;8257;24832,96;11,36;764
2024;1;Espectaculos;Música;Comunitat Valenciana;Valencia/València;859;3245;10857,76;12,64;501
2024;1;Espectaculos;Cultura, teatro y danza;Comunitat Valenciana;Valencia/València;2;8;20,24;10,12;1
2024;1;Actividades;Cursos;Comunitat Valenciana;Valencia/València;1;4;36,75;36,75;1
2024;1;Espectaculos;Cine;Comunitat Valenciana;Valencia/València;167;631;1920,5;11,5;57
2024;1;Espectaculos;Musicales;Comunitat Valenciana;Valencia/València;668;2523;6219,08;9,31;196
2024;1;Espectaculos;Música;Comunitat Valenciana;Valencia/València;2666;10070;34897,94;13,09;1466
2024;1;Actividades;Actividades infantiles;Comunitat Valenciana;Valencia/València;3162;11944;28900,68;9,14;991
2024;1;Espectaculos;Cultura, teatro y danza;Comunitat Valenciana;Valencia/València;4288;16242;42022,4;9,8;1500
2024;1;Espectaculos;Museo y exposiciones;Comunitat Valenciana;Valencia/València;4;15;40;10;2
2024;1;Actividades;Gastronomía;Comunitat Valenciana;Valencia/València;30;113;124,5;4,15;18
2024;1;Espectaculos;Cultura, teatro y danza;Castilla y León;Valladolid;47;178;213,85;4,55;15
2024;1;Espectaculos;Cultura, teatro y danza;Castilla y León;Valladolid;23;87;50,83;2,21;11
2024;1;Actividades;Actividades infantiles;Castilla y León;Valladolid;40;151;158;3,95;14
2024;1;Espectaculos;Cultura, teatro y danza;Castilla y León;Valladolid;40;151;158;3,95;14
2024;1;Actividades;Cursos;Castilla y León;Valladolid;47;178;1162,31;24,73;31
2024;1;Actividades;Gastronomía;Castilla y León;Valladolid;47;178;1162,31;24,73;31
2024;1;Espectaculos;Musicales;Castilla y León;Valladolid;36;136;712,8;19,8;11
2024;1;Espectaculos;Música;Castilla y León;Valladolid;2332;8808;33231;14,25;904
2024;1;Actividades;Actividades infantiles;Castilla y León;Valladolid;1550;5855;15593;10,06;462
2024;1;Espectaculos;Cultura, teatro y danza;Castilla y León;Valladolid;292;1103;4190,2;14,35;102
2024;1;Espectaculos;Música;Castilla y León;Valladolid;13;49;221;17;8
2024;1;Actividades;Actividades infantiles;Castilla y León;Valladolid;13;49;221;17;8
2024;1;Espectaculos;Música;País Vasco;Bizkaia;59;223;820,69;13,91;40
2024;1;Espectaculos;Música;País Vasco;Bizkaia;19;72;96,33;5,07;11
2024;1;Espectaculos;Conferencias;País Vasco;Bizkaia;46;174;230;5;26
2024;1;Espectaculos;Ferias;País Vasco;Bizkaia;46;174;230;5;26
2024;1;Espectaculos;Música;País Vasco;Bizkaia;2874;10247;41874,18;14,57;1557
2024;1;Actividades;Actividades infantiles;País Vasco;Bizkaia;9;34;115,2;12,8;5
2024;1;Espectaculos;Cultura, teatro y danza;País Vasco;Bizkaia;259;978;3247,86;12,54;104
2024;1;Actividades;Actividades infantiles;País Vasco;Bizkaia;228;861;9001,44;39,48;68
2024;1;Espectaculos;Cultura, teatro y danza;País Vasco;Bizkaia;227;857;2036,19;8,97;67
2024;1;Espectaculos;Museo y exposiciones;País Vasco;Bizkaia;227;857;2036,19;8,97;67
2024;1;Actividades;Cursos;País Vasco;Bizkaia;77;291;5193,65;67,45;46
2024;1;Espectaculos;Música;País Vasco;Bizkaia;2;8;24;12;1
2024;1;Espectaculos;Cultura, teatro y danza;País Vasco;Bizkaia;159;601;1831,68;11,52;92
2024;1;Espectaculos;Música;País Vasco;Bizkaia;219;827;2292,93;10,47;95
2024;1;Espectaculos;Música;País Vasco;Bizkaia;35;132;700;20;21
2024;1;Espectaculos;Música;País Vasco;Bizkaia;204;771;3217,08;15,77;161
2024;1;Espectaculos;Música;País Vasco;Bizkaia;21;79;216,51;10,31;16
2024;1;Espectaculos;Música;País Vasco;Bizkaia;22;83;275,22;12,51;15
2024;1;Espectaculos;Música;Castilla y León;Zamora;16;60;139,04;8,69;5
2024;1;Espectaculos;Música;Castilla y León;Zamora;400;1511;11608;29,02;204
2024;1;Actividades;Actividades infantiles;Castilla y León;Zamora;106;400;2215,4;20,9;54
2024;1;Espectaculos;Cultura, teatro y danza;Castilla y León;Zamora;22;83;1188;54;19
2024;1;Espectaculos;Cine;Aragón;Zaragoza;39;147;365,82;9,38;17
2024;1;Espectaculos;Música;Aragón;Zaragoza;61;230;275,72;4,52;24
2024;1;Espectaculos;Cultura, teatro y danza;Aragón;Zaragoza;97;366;1062,15;10,95;44
2024;1;Espectaculos;Cultura, teatro y danza;Aragón;Zaragoza;37;140;446,59;12,07;16
2024;1;Actividades;Cursos;Aragón;Zaragoza;13;274;286,26;22,02;12
2024;1;Espectaculos;Cine;Aragón;Zaragoza;104;393;572;5,5;44
2024;1;Espectaculos;Musicales;Aragón;Zaragoza;266;1004;2098,74;7,89;101
2024;1;Espectaculos;Música;Aragón;Zaragoza;3533;12181;45399,05;12,85;2061
2024;1;Actividades;Deportes y aventuras;Aragón;Zaragoza;36;136;570,96;15,86;16
2024;1;Actividades;Actividades infantiles;Aragón;Zaragoza;756;2856;4891,32;6,47;253
2024;1;Espectaculos;Cultura, teatro y danza;Aragón;Zaragoza;1416;5329;13933,44;9,84;544
2024;1;Actividades;Gastronomía;Aragón;Zaragoza;39;147;620,49;15,91;20
2024;1;Espectaculos;Conferencias;Total Nacional;Total Nacional;896;5894;26186,496;29,226;698
2024;1;Actividades;Cursos;Total Nacional;Total Nacional;819;3458;54193,23;66,17;561
2024;1;Espectaculos;Cine;Total Nacional;Total Nacional;2742;12694;27524,4702;10,0381;1209
2024;1;Espectaculos;Musicales;Total Nacional;Total Nacional;7982;30661;113480,094;14,217;3198
2024;1;Espectaculos;Ferias;Total Nacional;Total Nacional;213;1002;2817,2871;13,2267;151
2024;1;Espectaculos;Música;Total Nacional;Total Nacional;135056;509451;2136383,336;15,8185;75645
2024;1;Actividades;Deportes y aventuras;Total Nacional;Total Nacional;2440;10235;40082,124;16,4271;1215
2024;1;Actividades;Actividades infantiles;Total Nacional;Total Nacional;18467;69815;223651,9903;12,1109;6928
2024;1;Espectaculos;Cultura, teatro y danza;Total Nacional;Total Nacional;43861;169908;506436,6504;11,5464;18695
2024;1;Espectaculos;Museo y exposiciones;Total Nacional;Total Nacional;636;4172;6328,2;9,95;204
2024;1;Actividades;Gastronomía;Total Nacional;Total Nacional;1545;5708;26033,25;16,85;819
2024;2;Espectaculos;Cultura, teatro y danza;País Vasco;Araba/Álava;1;4;8,24;8,24;1
2024;2;Espectaculos;Música;País Vasco;Araba/Álava;54;197;437,94;8,11;30
2024;2;Espectaculos;Cultura, teatro y danza;País Vasco;Araba/Álava;8;29;39,2;4,9;2
2024;2;Espectaculos;Música;País Vasco;Araba/Álava;266;1330;4362,4;16,4;131
2024;2;Actividades;Actividades infantiles;País Vasco;Araba/Álava;11;40;47,96;4,36;3
2024;2;Espectaculos;Cultura, teatro y danza;País Vasco;Araba/Álava;285;1040;1789,8;6,28;124
2024;2;Actividades;Actividades infantiles;País Vasco;Araba/Álava;47;177;141;3;38
2024;2;Espectaculos;Cultura, teatro y danza;País Vasco;Araba/Álava;11;40;45,54;4,14;4
2024;2;Espectaculos;Musicales;Castilla - La Mancha;Albacete;3081;11237;54841,8;17,8;970
2024;2;Espectaculos;Música;Castilla - La Mancha;Albacete;434;1504;5043,08;11,62;186
2024;2;Actividades;Actividades infantiles;Castilla - La Mancha;Albacete;146;532;2569,6;17,6;46
2024;2;Espectaculos;Cultura, teatro y danza;Castilla - La Mancha;Albacete;3374;12305;35696,92;10,58;1085
2024;2;Actividades;Gastronomía;Castilla - La Mancha;Albacete;79;288;807,38;10,22;35
2024;2;Espectaculos;Cine;Castilla - La Mancha;Albacete;9;33;28,8;3,2;3
2024;2;Espectaculos;Música;Castilla - La Mancha;Albacete;1;4;13;13;1
2024;2;Espectaculos;Música;Castilla - La Mancha;Albacete;26;95;1017,64;39,14;6
2024;2;Espectaculos;Música;Comunitat Valenciana;Alicante/Alacant;31;113;372;12;20
2024;2;Actividades;Deportes y aventuras;Comunitat Valenciana;Alicante/Alacant;35;128;1909,25;54,55;28
2024;2;Espectaculos;Musicales;Comunitat Valenciana;Alicante/Alacant;139;507;981,34;7,06;52
2024;2;Espectaculos;Cultura, teatro y danza;Comunitat Valenciana;Alicante/Alacant;156;569;1330,68;8,53;60
2024;2;Actividades;Cursos;Comunitat Valenciana;Alicante/Alacant;22;80;3723,06;169,23;21
2024;2;Espectaculos;Musicales;Comunitat Valenciana;Alicante/Alacant;81;295;981,72;12,12;33
2024;2;Espectaculos;Música;Comunitat Valenciana;Alicante/Alacant;1023;3547;18905,04;18,48;585
2024;2;Actividades;Deportes y aventuras;Comunitat Valenciana;Alicante/Alacant;5;18;150;30;2
2024;2;Espectaculos;Cultura, teatro y danza;Comunitat Valenciana;Alicante/Alacant;229;835;4612,06;20,14;103
2024;2;Espectaculos;Música;Comunitat Valenciana;Alicante/Alacant;23;84;280,37;12,19;13
2024;2;Espectaculos;Cultura, teatro y danza;Comunitat Valenciana;Alicante/Alacant;35;128;612,5;17,5;20
2024;2;Espectaculos;Música;Comunitat Valenciana;Alicante/Alacant;347;1266;8220,43;23,69;170
2024;2;Espectaculos;Música;Comunitat Valenciana;Alicante/Alacant;68;248;918;13,5;46
2024;2;Espectaculos;Cultura, teatro y danza;Comunitat Valenciana;Alicante/Alacant;44;160;189,64;4,31;17
2024;2;Espectaculos;Música;Comunitat Valenciana;Alicante/Alacant;79;288;1034,11;13,09;44
2024;2;Espectaculos;Música;Comunitat Valenciana;Alicante/Alacant;7;26;73,71;10,53;5
2024;2;Espectaculos;Cine;Comunitat Valenciana;Alicante/Alacant;4;15;20;5;2
2024;2;Espectaculos;Música;Comunitat Valenciana;Alicante/Alacant;1721;6277;25212,65;14,65;918
2024;2;Actividades;Actividades infantiles;Comunitat Valenciana;Alicante/Alacant;10;36;70;7;3
2024;2;Espectaculos;Cultura, teatro y danza;Comunitat Valenciana;Alicante/Alacant;390;1422;3463,2;8,88;181
2024;2;Espectaculos;Música;Comunitat Valenciana;Alicante/Alacant;70;255;1158,5;16,55;27
2024;2;Espectaculos;Música;Comunitat Valenciana;Alicante/Alacant;14;51;212,94;15,21;6
2024;2;Espectaculos;Música;Comunitat Valenciana;Alicante/Alacant;100;365;1215;12,15;66
2024;2;Actividades;Cursos;Comunitat Valenciana;Alicante/Alacant;8;29;82,88;10,36;7
2024;2;Espectaculos;Música;Comunitat Valenciana;Alicante/Alacant;25;91;357,5;14,3;17
2024;2;Espectaculos;Música;Comunitat Valenciana;Alicante/Alacant;4;15;80;20;1
2024;2;Espectaculos;Música;Comunitat Valenciana;Alicante/Alacant;9;33;141,57;15,73;5
2024;2;Espectaculos;Cultura, teatro y danza;Comunitat Valenciana;Alicante/Alacant;181;660;1828,1;10,1;69
2024;2;Espectaculos;Música;Comunitat Valenciana;Alicante/Alacant;175;638;3060,75;17,49;77
2024;2;Espectaculos;Cultura, teatro y danza;Comunitat Valenciana;Alicante/Alacant;33;120;1884,96;57,12;13
2024;2;Espectaculos;Música;Comunitat Valenciana;Alicante/Alacant;310;1130;4181,9;13,49;174
2024;2;Espectaculos;Conferencias;Comunitat Valenciana;Alicante/Alacant;16;58;147,68;9,23;8
2024;2;Espectaculos;Cine;Comunitat Valenciana;Alicante/Alacant;53;193;715,5;13,5;22
2024;2;Espectaculos;Ferias;Comunitat Valenciana;Alicante/Alacant;16;58;147,68;9,23;8
2024;2;Espectaculos;Música;Comunitat Valenciana;Alicante/Alacant;4;15;226,6;56,65;2
2024;2;Espectaculos;Musicales;Andalucía;Almería;254;926;1955,8;7,7;91
2024;2;Espectaculos;Cultura, teatro y danza;Andalucía;Almería;254;926;1955,8;7,7;91
2024;2;Espectaculos;Musicales;Andalucía;Almería;52;190;966,16;18,58;18
2024;2;Espectaculos;Música;Andalucía;Almería;639;2217;12997,26;20,34;563
2024;2;Espectaculos;Cultura, teatro y danza;Andalucía;Almería;521;1900;6491,66;12,46;235
2024;2;Espectaculos;Música;Andalucía;Almería;2;7;106,2;53,1;1
2024;2;Actividades;Actividades infantiles;Andalucía;Almería;11;40;271,37;24,67;4
2024;2;Espectaculos;Cultura, teatro y danza;Andalucía;Almería;11;40;271,37;24,67;4
2024;2;Espectaculos;Música;Andalucía;Almería;224;817;13061,44;58,31;125
2024;2;Espectaculos;Cultura, teatro y danza;Andalucía;Almería;103;376;1797,35;17,45;39
2024;2;Espectaculos;Música;Andalucía;Almería;141;514;2797,44;19,84;47
2024;2;Espectaculos;Música;Andalucía;Almería;2;7;21,4;10,7;1
2024;2;Espectaculos;Música;Castilla y León;Ávila;34;124;439,96;12,94;14
2024;2;Espectaculos;Música;Castilla y León;Ávila;29;106;207,06;7,14;16
2024;2;Actividades;Actividades infantiles;Castilla y León;Ávila;23;84;232,76;10,12;11
2024;2;Espectaculos;Música;Extremadura;Badajoz;37;135;407;11;23
2024;2;Espectaculos;Música;Extremadura;Badajoz;237;864;3218,46;13,58;121
2024;2;Espectaculos;Música;Extremadura;Badajoz;59;215;1391,22;23,58;25
2024;2;Actividades;Deportes y aventuras;Extremadura;Badajoz;1;4;50;50;1
2024;2;Espectaculos;Cultura, teatro y danza;Extremadura;Badajoz;12;44;36;3;4
2024;2;Espectaculos;Musicales;Extremadura;Badajoz;159;580;3052,8;19,2;48
2024;2;Espectaculos;Música;Extremadura;Badajoz;154;562;788,48;5,12;68
2024;2;Actividades;Actividades infantiles;Extremadura;Badajoz;113;412;1988,8;17,6;30
2024;2;Espectaculos;Cultura, teatro y danza;Extremadura;Badajoz;159;580;3052,8;19,2;48
2024;2;Espectaculos;Cultura, teatro y danza;Extremadura;Badajoz;5;18;15;3;2
2024;2;Actividades;Deportes y aventuras;Extremadura;Badajoz;39;142;409,5;10,5;35
2024;2;Espectaculos;Cultura, teatro y danza;Extremadura;Badajoz;250;912;1752,5;7,01;58
2024;2;Espectaculos;Música;Illes Balears;Illes Balears;69;252;1066,05;15,45;36
2024;2;Espectaculos;Cultura, teatro y danza;Illes Balears;Illes Balears;44;160;217,8;4,95;23
2024;2;Espectaculos;Música;Illes Balears;Illes Balears;21;77;221,55;10,55;11
2024;2;Espectaculos;Música;Illes Balears;Illes Balears;230;839;4351,6;18,92;161
2024;2;Actividades;Cursos;Illes Balears;Illes Balears;2;7;10,36;5,18;1
2024;2;Espectaculos;Música;Illes Balears;Illes Balears;14;51;140;10;8
2024;2;Espectaculos;Cultura, teatro y danza;Illes Balears;Illes Balears;71;259;746,21;10,51;37
2024;2;Espectaculos;Música;Illes Balears;Illes Balears;5;18;207,25;41,45;2
2024;2;Actividades;Gastronomía;Illes Balears;Illes Balears;5;18;207,25;41,45;2
2024;2;Actividades;Cursos;Illes Balears;Illes Balears;1;4;87,3;87,3;1
2024;2;Espectaculos;Música;Illes Balears;Illes Balears;26;95;271,44;10,44;12
2024;2;Actividades;Cursos;Illes Balears;Illes Balears;12;44;840;70;5
2024;2;Espectaculos;Música;Illes Balears;Illes Balears;2820;10285;50506,2;17,91;1788
2024;2;Actividades;Gastronomía;Illes Balears;Illes Balears;12;44;840;70;5
2024;2;Espectaculos;Música;Illes Balears;Illes Balears;40;146;627,6;15,69;16
2024;2;Espectaculos;Música;Illes Balears;Illes Balears;365;1331;4536,95;12,43;242
2024;2;Actividades;Cursos;Illes Balears;Illes Balears;15;55;75;5;12
2024;2;Espectaculos;Música;Illes Balears;Illes Balears;275;1002;4023,25;14,63;133
2024;2;Actividades;Actividades infantiles;Illes Balears;Illes Balears;15;55;186,6;12,44;7
2024;2;Espectaculos;Música;Illes Balears;Illes Balears;263;959;2172,38;8,26;158
2024;2;Espectaculos;Música;Illes Balears;Illes Balears;160;584;497,6;3,11;56
2024;2;Actividades;Actividades infantiles;Illes Balears;Illes Balears;101;368;668,62;6,62;36
2024;2;Espectaculos;Cultura, teatro y danza;Illes Balears;Illes Balears;21;77;212,52;10,12;10
2024;2;Actividades;Actividades infantiles;Illes Balears;Illes Balears;11;40;22,77;2,07;4
2024;2;Espectaculos;Cultura, teatro y danza;Illes Balears;Illes Balears;119;434;828,24;6,96;60
2024;2;Espectaculos;Música;Illes Balears;Illes Balears;5;18;25;5;2
2024;2;Espectaculos;Cultura, teatro y danza;Illes Balears;Illes Balears;92;336;1150;12,5;44
2024;2;Espectaculos;Música;Illes Balears;Illes Balears;63;230;927,99;14,73;36
2024;2;Espectaculos;Música;Illes Balears;Illes Balears;131;478;2515,2;19,2;59
2024;2;Espectaculos;Cultura, teatro y danza;Illes Balears;Illes Balears;32;117;160;5;15
2024;2;Espectaculos;Cultura, teatro y danza;Illes Balears;Illes Balears;5;33;36,25;7,25;3
2024;2;Espectaculos;Museo y exposiciones;Illes Balears;Illes Balears;5;18;36,25;7,25;3
2024;2;Actividades;Cursos;Illes Balears;Illes Balears;6;22;264,3;44,05;4
2024;2;Espectaculos;Cine;Illes Balears;Illes Balears;81;295;401,76;4,96;39
2024;2;Espectaculos;Musicales;Illes Balears;Illes Balears;142;493;1077,78;7,59;41
2024;2;Espectaculos;Música;Illes Balears;Illes Balears;738;2692;9844,92;13,34;377
2024;2;Actividades;Actividades infantiles;Illes Balears;Illes Balears;575;2097;4347;7,56;172
2024;2;Espectaculos;Cultura, teatro y danza;Illes Balears;Illes Balears;723;2390;7005,87;9,69;243
2024;2;Espectaculos;Música;Illes Balears;Illes Balears;815;2972;6984,55;8,57;442
2024;2;Espectaculos;Conferencias;Illes Balears;Illes Balears;18;66;326,52;18,14;17
2024;2;Espectaculos;Música;Illes Balears;Illes Balears;193;704;3715,25;19,25;97
2024;2;Espectaculos;Música;Illes Balears;Illes Balears;758;2500;10323,96;13,62;489
2024;2;Espectaculos;Conferencias;Illes Balears;Illes Balears;25;23376;1026,5;41,06;18
2024;2;Actividades;Cursos;Illes Balears;Illes Balears;179;653;77508,79;433,01;75
2024;2;Espectaculos;Musicales;Illes Balears;Illes Balears;33;120;348,15;10,55;13
2024;2;Espectaculos;Ferias;Illes Balears;Illes Balears;5;18;125;25;3
2024;2;Espectaculos;Música;Illes Balears;Illes Balears;10751;42245;264689,62;24,62;6592
2024;2;Actividades;Actividades infantiles;Illes Balears;Illes Balears;986;3596;32390,1;32,85;511
2024;2;Espectaculos;Cultura, teatro y danza;Illes Balears;Illes Balears;650;2891;5642;8,68;315
2024;2;Actividades;Gastronomía;Illes Balears;Illes Balears;232;846;8115,36;34,98;94
2024;2;Espectaculos;Música;Illes Balears;Illes Balears;209;715;3022,14;14,46;69
2024;2;Espectaculos;Cultura, teatro y danza;Illes Balears;Illes Balears;411;1619;2905,77;7,07;128
2024;2;Espectaculos;Música;Illes Balears;Illes Balears;278;1014;12396,02;44,59;127
2024;2;Espectaculos;Música;Illes Balears;Illes Balears;292;1065;4952,32;16,96;174
2024;2;Actividades;Actividades infantiles;Illes Balears;Illes Balears;28;102;207,76;7,42;13
2024;2;Espectaculos;Cultura, teatro y danza;Illes Balears;Illes Balears;34;124;1700;50;11
2024;2;Espectaculos;Música;Illes Balears;Illes Balears;97;354;973,88;10,04;54
2024;2;Espectaculos;Música;Illes Balears;Illes Balears;977;3405;6731,53;6,89;483
2024;2;Actividades;Actividades infantiles;Illes Balears;Illes Balears;40;153;180;4,5;14
2024;2;Espectaculos;Cultura, teatro y danza;Illes Balears;Illes Balears;121;755;605;5;40
2024;2;Espectaculos;Cine;Illes Balears;Illes Balears;38;132;133;3,5;20
2024;2;Espectaculos;Música;Illes Balears;Illes Balears;146;533;1642,5;11,25;82
2024;2;Actividades;Actividades infantiles;Illes Balears;Illes Balears;21;77;315;15;9
2024;2;Espectaculos;Cultura, teatro y danza;Illes Balears;Illes Balears;176;642;1321,76;7,51;85
2024;2;Espectaculos;Cultura, teatro y danza;Illes Balears;Illes Balears;25;91;767,75;30,71;9
2024;2;Espectaculos;Cine;Illes Balears;Illes Balears;12;44;29,28;2,44;3
2024;2;Espectaculos;Cultura, teatro y danza;Illes Balears;Illes Balears;57;208;478,23;8,39;28
2024;2;Actividades;Actividades infantiles;Illes Balears;Illes Balears;2;7;10,36;5,18;1
2024;2;Espectaculos;Cultura, teatro y danza;Illes Balears;Illes Balears;2;7;10,36;5,18;1
2024;2;Espectaculos;Música;Illes Balears;Illes Balears;3;11;21,75;7,25;2
2024;2;Espectaculos;Música;Cataluña;Barcelona;24;88;240,96;10,04;14
2024;2;Espectaculos;Cultura, teatro y danza;Cataluña;Barcelona;30;109;360;12;15
2024;2;Actividades;Cursos;Cataluña;Barcelona;4;15;63,48;15,87;3
2024;2;Espectaculos;Música;Cataluña;Barcelona;411;1499;8873,49;21,59;192
2024;2;Actividades;Actividades infantiles;Cataluña;Barcelona;2;7;27,48;13,74;2
2024;2;Espectaculos;Conferencias;Cataluña;Barcelona;5;18;82,5;16,5;4
2024;2;Actividades;Cursos;Cataluña;Barcelona;215;784;4147,35;19,29;169
2024;2;Espectaculos;Cine;Cataluña;Barcelona;58;212;403,68;6,96;37
2024;2;Espectaculos;Musicales;Cataluña;Barcelona;184;671;3429,76;18,64;107
2024;2;Espectaculos;Música;Cataluña;Barcelona;21689;74389;299958,87;13,83;12623
2024;2;Actividades;Deportes y aventuras;Cataluña;Barcelona;481;1754;11827,79;24,59;294
2024;2;Actividades;Actividades infantiles;Cataluña;Barcelona;1514;5522;13837,96;9,14;587
2024;2;Espectaculos;Cultura, teatro y danza;Cataluña;Barcelona;4927;18086;79029,08;16,04;2444
2024;2;Espectaculos;Museo y exposiciones;Cataluña;Barcelona;62;226;819,02;13,21;21
2024;2;Actividades;Gastronomía;Cataluña;Barcelona;423;1565;6971,04;16,48;259
2024;2;Espectaculos;Musicales;Cataluña;Barcelona;140;511;1551,2;11,08;50
2024;2;Espectaculos;Música;Cataluña;Barcelona;32;117;320;10;16
2024;2;Espectaculos;Cultura, teatro y danza;Cataluña;Barcelona;140;511;1551,2;11,08;50
2024;2;Espectaculos;Música;Cataluña;Barcelona;2;7;24;12;1
2024;2;Espectaculos;Música;Cataluña;Barcelona;8;29;144;18;4
2024;2;Actividades;Actividades infantiles;Cataluña;Barcelona;50;182;185;3,7;36
2024;2;Actividades;Deportes y aventuras;Cataluña;Barcelona;59;215;1041,94;17,66;26
2024;2;Espectaculos;Música;Cataluña;Barcelona;112;408;897,12;8,01;41
2024;2;Actividades;Actividades infantiles;Cataluña;Barcelona;112;408;897,12;8,01;41
2024;2;Espectaculos;Musicales;Cataluña;Barcelona;11;40;154;14;4
2024;2;Espectaculos;Cultura, teatro y danza;Cataluña;Barcelona;15;55;210;14;6
2024;2;Actividades;Deportes y aventuras;Cataluña;Barcelona;11;40;285,01;25,91;10
2024;2;Espectaculos;Música;Cataluña;Barcelona;661;2679;7039,65;10,65;340
2024;2;Espectaculos;Cultura, teatro y danza;Cataluña;Barcelona;266;970;2660;10;106
2024;2;Espectaculos;Música;Cataluña;Barcelona;14;52;218,82;15,63;7
2024;2;Actividades;Deportes y aventuras;Cataluña;Barcelona;24;88;686,64;28,61;16
2024;2;Espectaculos;Música;Cataluña;Barcelona;242;923;3385,58;13,99;163
2024;2;Espectaculos;Cultura, teatro y danza;Cataluña;Barcelona;6;120;54,9;9,15;4
2024;2;Actividades;Gastronomía;Cataluña;Barcelona;16;58;80,96;5,06;7
2024;2;Espectaculos;Música;Cataluña;Barcelona;237;864;2424,51;10,23;162
2024;2;Espectaculos;Música;Cataluña;Barcelona;592;2159;10010,72;16,91;251
2024;2;Espectaculos;Cultura, teatro y danza;Cataluña;Barcelona;7;26;70;10;3
2024;2;Espectaculos;Música;Cataluña;Barcelona;5;18;25;5;5
2024;2;Actividades;Actividades infantiles;Cataluña;Barcelona;5;18;25;5;5
2024;2;Espectaculos;Cultura, teatro y danza;Cataluña;Barcelona;3;11;25,5;8,5;2
2024;2;Espectaculos;Música;Cataluña;Barcelona;28;102;754,6;26,95;8
2024;2;Espectaculos;Música;Cataluña;Barcelona;299;1090;3540,16;11,84;180
2024;2;Actividades;Actividades infantiles;Cataluña;Barcelona;2;7;8;4;1
2024;2;Espectaculos;Cultura, teatro y danza;Cataluña;Barcelona;15;55;120;8;10
2024;2;Actividades;Actividades infantiles;Cataluña;Barcelona;1538;5609;12119,44;7,88;420
2024;2;Espectaculos;Conferencias;Cataluña;Barcelona;6;22;262,8;43,8;6
2024;2;Actividades;Cursos;Cataluña;Barcelona;1;4;100;100;1
2024;2;Espectaculos;Música;Cataluña;Barcelona;108;394;1117,8;10,35;30
2024;2;Actividades;Actividades infantiles;Cataluña;Barcelona;108;394;1117,8;10,35;30
2024;2;Espectaculos;Cultura, teatro y danza;Cataluña;Barcelona;47;171;405,14;8,62;22
2024;2;Actividades;Deportes y aventuras;Cataluña;Barcelona;54;197;1188;22;32
2024;2;Espectaculos;Música;Cataluña;Barcelona;551;1999;6342,01;11,51;273
2024;2;Espectaculos;Cultura, teatro y danza;Cataluña;Barcelona;6;22;76,8;12,8;2
2024;2;Actividades;Cursos;Cataluña;Barcelona;2;7;54,98;27,49;2
2024;2;Espectaculos;Música;Cataluña;Barcelona;66;241;774,84;11,74;42
2024;2;Actividades;Actividades infantiles;Cataluña;Barcelona;2;7;54,98;27,49;2
2024;2;Espectaculos;Musicales;Cataluña;Barcelona;58;212;464,58;8,01;23
2024;2;Espectaculos;Música;Cataluña;Barcelona;260;948;5561,4;21,39;153
2024;2;Espectaculos;Cultura, teatro y danza;Cataluña;Barcelona;58;212;464,58;8,01;23
2024;2;Espectaculos;Música;Cataluña;Barcelona;32;117;704;22;14
2024;2;Espectaculos;Música;Cataluña;Barcelona;57;208;372,21;6,53;25
2024;2;Espectaculos;Música;Cataluña;Barcelona;139;507;2533,97;18,23;69
2024;2;Espectaculos;Música;Cataluña;Barcelona;38;139;693,12;18,24;20
2024;2;Espectaculos;Música;Cataluña;Barcelona;204;744;2817,24;13,81;86
2024;2;Espectaculos;Cultura, teatro y danza;Cataluña;Barcelona;35;128;254,1;7,26;14
2024;2;Espectaculos;Cultura, teatro y danza;Cataluña;Barcelona;37;135;518;14;11
2024;2;Espectaculos;Música;Cataluña;Barcelona;38;139;836;22;22
2024;2;Espectaculos;Música;Cataluña;Barcelona;29;106;412,67;14,23;15
2024;2;Actividades;Gastronomía;Cataluña;Barcelona;3;11;55,05;18,35;3
2024;2;Espectaculos;Cultura, teatro y danza;Cataluña;Barcelona;85;310;1547,85;18,21;31
2024;2;Espectaculos;Música;Cataluña;Barcelona;2;0;20;10;1
2024;2;Espectaculos;Música;Cataluña;Barcelona;10;37;106,7;10,67;5
2024;2;Espectaculos;Musicales;Cataluña;Barcelona;29;106;146,45;5,05;15
2024;2;Espectaculos;Música;Cataluña;Barcelona;70;686;3507,7;50,11;22
2024;2;Espectaculos;Cultura, teatro y danza;Cataluña;Barcelona;87;317;776,91;8,93;44
2024;2;Espectaculos;Música;Cataluña;Barcelona;477;1740;5122,98;10,74;280
2024;2;Actividades;Actividades infantiles;Cataluña;Barcelona;7;26;63,98;9,14;2
2024;2;Espectaculos;Cultura, teatro y danza;Cataluña;Barcelona;337;1229;3659,82;10,86;122
2024;2;Actividades;Gastronomía;Cataluña;Barcelona;253;923;2836,13;11,21;141
2024;2;Espectaculos;Música;Cataluña;Barcelona;93;339;996,03;10,71;50
2024;2;Espectaculos;Música;Cataluña;Barcelona;389;1499;3108,11;7,99;265
2024;2;Espectaculos;Cultura, teatro y danza;Cataluña;Barcelona;28;102;277,2;9,9;14
2024;2;Espectaculos;Música;Cataluña;Barcelona;38;139;380;10;21
2024;2;Espectaculos;Música;Cataluña;Barcelona;152;554;2749,68;18,09;75
2024;2;Espectaculos;Música;Cataluña;Barcelona;872;3180;11370,88;13,04;474
2024;2;Espectaculos;Música;Castilla y León;Burgos;122;445;2083,76;17,08;70
2024;2;Espectaculos;Musicales;Extremadura;Cáceres;327;1193;6978,18;21,34;107
2024;2;Espectaculos;Música;Extremadura;Cáceres;43;157;371,09;8,63;19
2024;2;Actividades;Actividades infantiles;Extremadura;Cáceres;232;846;4338,4;18,7;69
2024;2;Espectaculos;Cultura, teatro y danza;Extremadura;Cáceres;356;1298;6023,52;16,92;124
2024;2;Actividades;Deportes y aventuras;Extremadura;Cáceres;202;936;2106,86;10,43;179
2024;2;Espectaculos;Música;Extremadura;Cáceres;74;270;720,76;9,74;44
2024;2;Actividades;Gastronomía;Extremadura;Cáceres;11;40;90,42;8,22;6
2024;2;Espectaculos;Musicales;Extremadura;Cáceres;94;343;1551;16,5;32
2024;2;Espectaculos;Música;Extremadura;Cáceres;91;332;1466,01;16,11;44
2024;2;Actividades;Actividades infantiles;Extremadura;Cáceres;185;675;3028,45;16,37;76
2024;2;Espectaculos;Cultura, teatro y danza;Extremadura;Cáceres;94;343;1551;16,5;32
2024;2;Espectaculos;Música;Extremadura;Cáceres;23;84;219,88;9,56;10
2024;2;Espectaculos;Música;Andalucía;Cádiz;93;339;887,22;9,54;46
2024;2;Espectaculos;Música;Andalucía;Cádiz;401;1462;4687,69;11,69;222
2024;2;Espectaculos;Cultura, teatro y danza;Andalucía;Cádiz;20;73;249,2;12,46;6
2024;2;Actividades;Cursos;Andalucía;Cádiz;13;47;169;13;10
2024;2;Espectaculos;Música;Andalucía;Cádiz;546;1991;7824,18;14,33;363
2024;2;Espectaculos;Música;Andalucía;Cádiz;126;460;1320,48;10,48;59
2024;2;Espectaculos;Música;Andalucía;Cádiz;6;22;72;12;1
2024;2;Espectaculos;Cultura, teatro y danza;Andalucía;Cádiz;35;128;350;10;4
2024;2;Espectaculos;Cultura, teatro y danza;Andalucía;Cádiz;14;51;140;10;6
2024;2;Espectaculos;Musicales;Andalucía;Cádiz;281;1025;4614,02;16,42;78
2024;2;Actividades;Actividades infantiles;Andalucía;Cádiz;281;1025;4614,02;16,42;78
2024;2;Espectaculos;Cultura, teatro y danza;Andalucía;Cádiz;281;1025;4614,02;16,42;78
2024;2;Espectaculos;Música;Comunitat Valenciana;Castellón/Castelló;3;11;40,68;13,56;3
2024;2;Espectaculos;Música;Comunitat Valenciana;Castellón/Castelló;495;1806;6675,075;13,485;252
2024;2;Espectaculos;Cultura, teatro y danza;Comunitat Valenciana;Castellón/Castelló;26;95;179,66;6,91;11
2024;2;Espectaculos;Música;Castilla - La Mancha;Ciudad Real;171;624;1879,29;10,99;82
2024;2;Espectaculos;Cultura, teatro y danza;Castilla - La Mancha;Ciudad Real;7;26;115,5;16,5;6
2024;2;Espectaculos;Música;Castilla - La Mancha;Ciudad Real;10;36;125,2;12,52;5
2024;2;Espectaculos;Música;Andalucía;Córdoba;9;33;135;15;3
2024;2;Espectaculos;Conferencias;Andalucía;Córdoba;62;226;1240;20;62
2024;2;Espectaculos;Musicales;Andalucía;Córdoba;6;22;66;11;2
2024;2;Espectaculos;Música;Andalucía;Córdoba;403;1470;5730,66;14,22;187
2024;2;Actividades;Actividades infantiles;Andalucía;Córdoba;42;153;428,4;10,2;12
2024;2;Espectaculos;Cultura, teatro y danza;Andalucía;Córdoba;381;1390;4499,61;11,81;152
2024;2;Espectaculos;Musicales;Andalucía;Córdoba;55;201;568,7;10,34;17
2024;2;Espectaculos;Cultura, teatro y danza;Andalucía;Córdoba;55;201;568,7;10,34;17
2024;2;Espectaculos;Música;Galicia;A Coruña;62;226;1887,9;30,45;36
2024;2;Espectaculos;Música;Galicia;A Coruña;20;73;154,4;7,72;5
2024;2;Actividades;Actividades infantiles;Galicia;A Coruña;20;73;154,4;7,72;5
2024;2;Espectaculos;Música;Galicia;A Coruña;1341;4454;16145,64;12,04;838
2024;2;Actividades;Actividades infantiles;Galicia;A Coruña;190;693;1567,5;8,25;62
2024;2;Espectaculos;Cultura, teatro y danza;Galicia;A Coruña;296;1080;4881,04;16,49;129
2024;2;Espectaculos;Música;Galicia;A Coruña;1;4;8;8;1
2024;2;Espectaculos;Música;Galicia;A Coruña;13;47;260;20;9
2024;2;Actividades;Deportes y aventuras;Galicia;A Coruña;25;91;252;10,08;10
2024;2;Espectaculos;Música;Galicia;A Coruña;118;430;903,88;7,66;98
2024;2;Espectaculos;Música;Galicia;A Coruña;663;2418;10793,64;16,28;420
2024;2;Espectaculos;Cultura, teatro y danza;Galicia;A Coruña;37;135;119,88;3,24;21
2024;2;Espectaculos;Música;Castilla - La Mancha;Cuenca;707;2578;11658,43;16,49;308
2024;2;Espectaculos;Música;Castilla - La Mancha;Cuenca;1;4;66;66;1
2024;2;Espectaculos;Cultura, teatro y danza;Castilla - La Mancha;Cuenca;53;193;425,06;8,02;20
2024;2;Espectaculos;Cultura, teatro y danza;Castilla - La Mancha;Cuenca;65;237;589,55;9,07;27
2024;2;Espectaculos;Música;Castilla - La Mancha;Cuenca;2;7;24,74;12,37;1
2024;2;Espectaculos;Cine;Cataluña;Girona;9;33;42,03;4,67;5
2024;2;Espectaculos;Música;Cataluña;Girona;53;193;626,99;11,83;25
2024;2;Actividades;Actividades infantiles;Cataluña;Girona;21;77;215,04;10,24;7
2024;2;Espectaculos;Música;Cataluña;Girona;22;80;221,98;10,09;9
2024;2;Actividades;Cursos;Cataluña;Girona;1;4;350;350;1
2024;2;Espectaculos;Música;Cataluña;Girona;156;569;2686,32;17,22;78
2024;2;Actividades;Actividades infantiles;Cataluña;Girona;5;18;127,5;25,5;2
2024;2;Actividades;Cursos;Cataluña;Girona;81;295;883,71;10,91;77
2024;2;Espectaculos;Música;Cataluña;Girona;228;832;3078;13,5;145
2024;2;Espectaculos;Música;Cataluña;Girona;43;157;2451,43;57,01;31
2024;2;Espectaculos;Música;Cataluña;Girona;232;3435;2333,92;10,06;88
2024;2;Espectaculos;Música;Cataluña;Girona;98;357;2156;22;47
2024;2;Espectaculos;Cultura, teatro y danza;Cataluña;Girona;1;4;17,6;17,6;1
2024;2;Espectaculos;Cultura, teatro y danza;Cataluña;Girona;34;124;637,84;18,76;12
2024;2;Espectaculos;Música;Cataluña;Girona;52;190;768,04;14,77;30
2024;2;Actividades;Actividades infantiles;Cataluña;Girona;132;481;1214,4;9,2;66
2024;2;Espectaculos;Música;Cataluña;Girona;12;44;159,12;13,26;7
2024;2;Espectaculos;Música;Cataluña;Girona;57;208;323,76;5,68;22
2024;2;Espectaculos;Cultura, teatro y danza;Cataluña;Girona;11;40;55;5;7
2024;2;Espectaculos;Música;Cataluña;Girona;62;226;1550;25;40
2024;2;Actividades;Actividades infantiles;Cataluña;Girona;60;219;302,4;5,04;20
2024;2;Espectaculos;Cultura, teatro y danza;Cataluña;Girona;60;219;302,4;5,04;20
2024;2;Espectaculos;Cultura, teatro y danza;Cataluña;Girona;3;11;65,01;21,67;2
2024;2;Espectaculos;Musicales;Andalucía;Granada;24;88;220,8;9,2;8
2024;2;Espectaculos;Música;Andalucía;Granada;83;303;1369,5;16,5;40
2024;2;Espectaculos;Cultura, teatro y danza;Andalucía;Granada;96;350;1233,6;12,85;34
2024;2;Espectaculos;Música;Andalucía;Granada;63;222;756,63;12,01;41
2024;2;Espectaculos;Música;Andalucía;Granada;5;18;75;15;2
2024;2;Espectaculos;Musicales;Andalucía;Granada;3;11;12,72;4,24;2
2024;2;Espectaculos;Música;Andalucía;Granada;1797;8257;20737,38;11,54;1081
2024;2;Actividades;Actividades infantiles;Andalucía;Granada;3;11;12,72;4,24;2
2024;2;Espectaculos;Cultura, teatro y danza;Andalucía;Granada;698;2546;5926,02;8,49;332
2024;2;Espectaculos;Música;Andalucía;Granada;43;157;949,01;22,07;24
2024;2;Actividades;Actividades infantiles;Andalucía;Granada;43;157;949,01;22,07;24
2024;2;Espectaculos;Música;Andalucía;Granada;65;237;1320,15;20,31;38
2024;2;Actividades;Actividades infantiles;Andalucía;Granada;65;237;1320,15;20,31;38
2024;2;Espectaculos;Música;Andalucía;Granada;265;967;5360,95;20,23;118
2024;2;Espectaculos;Música;Castilla - La Mancha;Guadalajara;156;569;2123,16;13,61;48
2024;2;Espectaculos;Cine;País Vasco;Gipuzkoa;2;7;10;5;1
2024;2;Espectaculos;Música;País Vasco;Gipuzkoa;203;740;1666,63;8,21;76
2024;2;Espectaculos;Cultura, teatro y danza;País Vasco;Gipuzkoa;335;1222;3055,2;9,12;133
2024;2;Actividades;Cursos;País Vasco;Gipuzkoa;2;7;30;15;2
2024;2;Espectaculos;Cine;País Vasco;Gipuzkoa;124;512;404,24;3,26;54
2024;2;Espectaculos;Música;País Vasco;Gipuzkoa;1064;3880;11427,36;10,74;522
2024;2;Actividades;Actividades infantiles;País Vasco;Gipuzkoa;82;299;316,52;3,86;30
2024;2;Espectaculos;Cultura, teatro y danza;País Vasco;Gipuzkoa;126;434;1622,88;12,88;55
2024;2;Espectaculos;Cine;País Vasco;Gipuzkoa;5;18;15;3;4
2024;2;Espectaculos;Música;País Vasco;Gipuzkoa;159;580;1287,9;8,1;80
2024;2;Espectaculos;Cultura, teatro y danza;País Vasco;Gipuzkoa;102;372;357;3,5;36
2024;2;Espectaculos;Música;País Vasco;Gipuzkoa;49;179;795,27;16,23;18
2024;2;Espectaculos;Cine;País Vasco;Gipuzkoa;74;270;222,74;3,01;36
2024;2;Espectaculos;Música;País Vasco;Gipuzkoa;54;197;149,58;2,77;28
2024;2;Espectaculos;Música;País Vasco;Gipuzkoa;30;109;402,6;13,42;13
2024;2;Espectaculos;Cine;País Vasco;Gipuzkoa;118;430;705,64;5,98;80
2024;2;Espectaculos;Música;País Vasco;Gipuzkoa;289;1054;3652,96;12,64;142
2024;2;Espectaculos;Música;País Vasco;Gipuzkoa;7;26;88,41;12,63;3
2024;2;Espectaculos;Cultura, teatro y danza;Andalucía;Huelva;270;985;3213;11,9;232
2024;2;Espectaculos;Música;Andalucía;Huelva;8;29;81,28;10,16;4
2024;2;Espectaculos;Música;Andalucía;Huelva;8;29;80;10;4
2024;2;Espectaculos;Música;Aragón;Huesca;534;1948;7993,98;14,97;405
2024;2;Espectaculos;Música;Aragón;Huesca;68;248;1075,08;15,81;32
2024;2;Espectaculos;Cine;Aragón;Huesca;34;124;519,86;15,29;14
2024;2;Espectaculos;Música;Aragón;Huesca;394;1437;1182;3;123
2024;2;Espectaculos;Cultura, teatro y danza;Aragón;Huesca;272;992;2140,64;7,87;59
2024;2;Espectaculos;Cine;Aragón;Huesca;213;776;2994,78;14,06;100
2024;2;Espectaculos;Música;Andalucía;Jaén;2;7;12;6;1
2024;2;Espectaculos;Música;Andalucía;Jaén;501;1838;5951,88;11,88;290
2024;2;Espectaculos;Cultura, teatro y danza;Andalucía;Jaén;43;157;517,72;12,04;17
2024;2;Actividades;Gastronomía;Andalucía;Jaén;14;51;210;15;7
2024;2;Espectaculos;Música;Andalucía;Jaén;22;80;622,16;28,28;8
2024;2;Espectaculos;Música;Andalucía;Jaén;44;160;366,52;8,33;12
2024;2;Espectaculos;Música;Andalucía;Jaén;19;69;391,4;20,6;9
2024;2;Espectaculos;Música;Andalucía;Jaén;6;22;47,1;7,85;2
2024;2;Espectaculos;Cultura, teatro y danza;Andalucía;Jaén;18;66;181,44;10,08;10
2024;2;Espectaculos;Música;Andalucía;Jaén;2;7;54;27;1
2024;2;Actividades;Actividades infantiles;Andalucía;Jaén;2;7;54;27;1
2024;2;Espectaculos;Música;Castilla y León;León;438;1597;5676,48;12,96;201
2024;2;Actividades;Actividades infantiles;Castilla y León;León;3;11;33,36;11,12;2
2024;2;Espectaculos;Música;Castilla y León;León;97;354;1347,33;13,89;47
2024;2;Espectaculos;Música;Castilla y León;León;26;95;1950;75;17
2024;2;Espectaculos;Música;Cataluña;Lleida;345;1258;7272,6;21,08;146
2024;2;Espectaculos;Música;Cataluña;Lleida;475;1732;6977,75;14,69;290
2024;2;Espectaculos;Cultura, teatro y danza;Cataluña;Lleida;2;7;30;15;1
2024;2;Espectaculos;Música;Cataluña;Lleida;34;124;411,74;12,11;15
2024;2;Espectaculos;Música;Cataluña;Lleida;47;171;376;8;29
2024;2;Espectaculos;Cine;Cataluña;Lleida;8;29;160;20;6
2024;2;Espectaculos;Música;La Rioja;La Rioja;44;160;682;15,5;32
2024;2;Espectaculos;Música;La Rioja;La Rioja;298;1087;5077,92;17,04;126
2024;2;Espectaculos;Cultura, teatro y danza;La Rioja;La Rioja;672;2451;15792;23,5;234
2024;2;Espectaculos;Música;La Rioja;La Rioja;28;102;504;18;16
2024;2;Espectaculos;Música;La Rioja;La Rioja;150;547;4446;29,64;52
2024;2;Espectaculos;Música;Galicia;Lugo;32;117;269,44;8,42;18
2024;2;Espectaculos;Musicales;Galicia;Lugo;99;361;1742,4;17,6;27
2024;2;Actividades;Actividades infantiles;Galicia;Lugo;99;361;1742,4;17,6;27
2024;2;Espectaculos;Cultura, teatro y danza;Galicia;Lugo;99;361;1742,4;17,6;27
2024;2;Espectaculos;Música;Galicia;Lugo;3;11;24,51;8,17;3
2024;2;Espectaculos;Conferencias;Comunidad de Madrid;Madrid;17;62;105,06;6,18;13
2024;2;Espectaculos;Musicales;Comunidad de Madrid;Madrid;52;190;643,24;12,37;23
2024;2;Espectaculos;Música;Comunidad de Madrid;Madrid;313;1142;3324,06;10,62;129
2024;2;Actividades;Actividades infantiles;Comunidad de Madrid;Madrid;192;700;1795,2;9,35;69
2024;2;Espectaculos;Cultura, teatro y danza;Comunidad de Madrid;Madrid;181;660;2092,36;11,56;72
2024;2;Actividades;Gastronomía;Comunidad de Madrid;Madrid;5;18;60,35;12,07;3
2024;2;Espectaculos;Música;Comunidad de Madrid;Madrid;15;55;75;5;9
2024;2;Espectaculos;Música;Comunidad de Madrid;Madrid;26;98;364;14;17
2024;2;Espectaculos;Música;Comunidad de Madrid;Madrid;10;36;830;83;6
2024;2;Espectaculos;Música;Comunidad de Madrid;Madrid;66;241;1733,82;26,27;42
2024;2;Espectaculos;Música;Comunidad de Madrid;Madrid;300;1094;3291;10,97;187
2024;2;Espectaculos;Música;Comunidad de Madrid;Madrid;16;58;128;8;10
2024;2;Espectaculos;Musicales;Comunidad de Madrid;Madrid;8;29;35,2;4,4;2
2024;2;Actividades;Actividades infantiles;Comunidad de Madrid;Madrid;8;29;35,2;4,4;2
2024;2;Espectaculos;Cultura, teatro y danza;Comunidad de Madrid;Madrid;61;222;358,07;5,87;16
2024;2;Espectaculos;Musicales;Comunidad de Madrid;Madrid;84;306;1441,44;17,16;24
2024;2;Espectaculos;Cultura, teatro y danza;Comunidad de Madrid;Madrid;84;306;1441,44;17,16;24
2024;2;Espectaculos;Música;Comunidad de Madrid;Madrid;381;1393;12473,94;32,74;189
2024;2;Espectaculos;Conferencias;Comunidad de Madrid;Madrid;408;2123;20020,56;49,07;318
2024;2;Actividades;Cursos;Comunidad de Madrid;Madrid;74;270;4537,68;61,32;60
2024;2;Espectaculos;Cine;Comunidad de Madrid;Madrid;208;697;4070,56;19,57;116
2024;2;Espectaculos;Musicales;Comunidad de Madrid;Madrid;1573;5737;20920,9;13,3;372
2024;2;Espectaculos;Ferias;Comunidad de Madrid;Madrid;357;1523;7750,47;21,71;272
2024;2;Espectaculos;Música;Comunidad de Madrid;Madrid;27924;93945;363291,24;13,01;15626
2024;2;Actividades;Actividades infantiles;Comunidad de Madrid;Madrid;746;2721;11107,94;14,89;360
2024;2;Espectaculos;Cultura, teatro y danza;Comunidad de Madrid;Madrid;6975;24242;112576,5;16,14;3137
2024;2;Actividades;Gastronomía;Comunidad de Madrid;Madrid;315;1149;5243,175;16,645;174
2024;2;Espectaculos;Cultura, teatro y danza;Comunidad de Madrid;Madrid;4;15;34;8,5;2
2024;2;Espectaculos;Musicales;Comunidad de Madrid;Madrid;111;405;1113,33;10,03;32
2024;2;Actividades;Actividades infantiles;Comunidad de Madrid;Madrid;111;405;1113,33;10,03;32
2024;2;Espectaculos;Cultura, teatro y danza;Comunidad de Madrid;Madrid;111;405;1113,33;10,03;32
2024;2;Espectaculos;Música;Comunidad de Madrid;Madrid;9;33;96,03;10,67;6
2024;2;Actividades;Cursos;Comunidad de Madrid;Madrid;76;277;2280;30;71
2024;2;Espectaculos;Música;Comunidad de Madrid;Madrid;12;44;302,64;25,22;11
2024;2;Actividades;Cursos;Comunidad de Madrid;Madrid;4;15;98,68;24,67;3
2024;2;Espectaculos;Música;Comunidad de Madrid;Madrid;126;460;1543,5;12,25;45
2024;2;Actividades;Actividades infantiles;Comunidad de Madrid;Madrid;9;33;157,5;17,5;5
2024;2;Espectaculos;Cultura, teatro y danza;Comunidad de Madrid;Madrid;12;44;216;18;2
2024;2;Espectaculos;Música;Comunidad de Madrid;Madrid;22;80;291,28;13,24;8
2024;2;Espectaculos;Música;Comunidad de Madrid;Madrid;5;18;44;8,8;3
2024;2;Espectaculos;Musicales;Comunidad de Madrid;Madrid;10;36;29,3;2,93;3
2024;2;Espectaculos;Música;Comunidad de Madrid;Madrid;169;616;1352;8;72
2024;2;Actividades;Actividades infantiles;Comunidad de Madrid;Madrid;137;500;408,26;2,98;45
2024;2;Espectaculos;Cultura, teatro y danza;Comunidad de Madrid;Madrid;178;649;619,44;3,48;71
2024;2;Espectaculos;Música;Comunidad de Madrid;Madrid;6;22;75,36;12,56;4
2024;2;Espectaculos;Música;Comunidad de Madrid;Madrid;27;98;216;8;12
2024;2;Espectaculos;Musicales;Comunidad de Madrid;Madrid;57;208;570;10;29
2024;2;Espectaculos;Cultura, teatro y danza;Comunidad de Madrid;Madrid;57;208;570;10;29
2024;2;Espectaculos;Música;Comunidad de Madrid;Madrid;67;244;670;10;42
2024;2;Actividades;Deportes y aventuras;Comunidad de Madrid;Madrid;614;2239;7607,46;12,39;232
2024;2;Espectaculos;Musicales;Andalucía;Málaga;215;784;1900,6;8,84;59
2024;2;Espectaculos;Cultura, teatro y danza;Andalucía;Málaga;215;784;1900,6;8,84;59
2024;2;Espectaculos;Cultura, teatro y danza;Andalucía;Málaga;2;7;30,8;15,4;1
2024;2;Espectaculos;Música;Andalucía;Málaga;5;18;76,95;15,39;3
2024;2;Espectaculos;Música;Andalucía;Málaga;94;343;983,24;10,46;52
2024;2;Espectaculos;Música;Andalucía;Málaga;52;190;689;13,25;18
2024;2;Espectaculos;Conferencias;Andalucía;Málaga;190;693;7282,7;38,33;148
2024;2;Actividades;Cursos;Andalucía;Málaga;13;47;165,62;12,74;9
2024;2;Espectaculos;Musicales;Andalucía;Málaga;8;29;56;7;4
2024;2;Espectaculos;Música;Andalucía;Málaga;3496;12750;54362,8;15,55;1813
2024;2;Actividades;Actividades infantiles;Andalucía;Málaga;107;1346;675,17;6,31;33
2024;2;Espectaculos;Cultura, teatro y danza;Andalucía;Málaga;735;3556;16346,4;22,24;349
2024;2;Actividades;Gastronomía;Andalucía;Málaga;8;29;56;7;4
2024;2;Actividades;Actividades infantiles;Andalucía;Málaga;6;22;85,8;14,3;2
2024;2;Espectaculos;Cultura, teatro y danza;Andalucía;Málaga;6;22;85,8;14,3;2
2024;2;Espectaculos;Musicales;Andalucía;Málaga;37;135;381,1;10,3;10
2024;2;Espectaculos;Música;Andalucía;Málaga;227;828;3311,93;14,59;87
2024;2;Actividades;Actividades infantiles;Andalucía;Málaga;37;135;381,1;10,3;10
2024;2;Espectaculos;Cultura, teatro y danza;Andalucía;Málaga;37;135;381,1;10,3;10
2024;2;Actividades;Gastronomía;Andalucía;Málaga;227;828;3311,93;14,59;87
2024;2;Espectaculos;Música;Región de Murcia;Murcia;26;95;341,9;13,15;21
2024;2;Actividades;Cursos;Región de Murcia;Murcia;99;361;7327,98;74,02;67
2024;2;Actividades;Actividades infantiles;Región de Murcia;Murcia;26;95;650;25;17
2024;2;Espectaculos;Cultura, teatro y danza;Región de Murcia;Murcia;36;131;741,6;20,6;22
2024;2;Espectaculos;Cultura, teatro y danza;Región de Murcia;Murcia;4;15;160;40;2
2024;2;Espectaculos;Música;Región de Murcia;Murcia;4;15;51,08;12,77;2
2024;2;Espectaculos;Música;Región de Murcia;Murcia;116;423;1202,92;10,37;45
2024;2;Espectaculos;Música;Región de Murcia;Murcia;3;11;55,17;18,39;2
2024;2;Espectaculos;Cine;Región de Murcia;Murcia;218;795;1449,7;6,65;81
2024;2;Espectaculos;Musicales;Región de Murcia;Murcia;48;175;467,04;9,73;33
2024;2;Espectaculos;Música;Región de Murcia;Murcia;2661;9705;33741,48;12,68;1745
2024;2;Actividades;Deportes y aventuras;Región de Murcia;Murcia;2;8;45,5;22,75;2
2024;2;Actividades;Actividades infantiles;Región de Murcia;Murcia;74;270;435,12;5,88;33
2024;2;Espectaculos;Cultura, teatro y danza;Región de Murcia;Murcia;257;937;2598,27;10,11;135
2024;2;Espectaculos;Musicales;Región de Murcia;Murcia;83;303;1030,03;12,41;37
2024;2;Espectaculos;Cultura, teatro y danza;Región de Murcia;Murcia;83;303;1030,03;12,41;37
2024;2;Espectaculos;Música;Comunidad Foral de Navarra;Navarra;687;2506;33814,14;49,22;351
2024;2;Actividades;Actividades infantiles;Comunidad Foral de Navarra;Navarra;687;2506;33814,14;49,22;351
2024;2;Espectaculos;Música;Comunidad Foral de Navarra;Navarra;56;204;1169,84;20,89;40
2024;2;Espectaculos;Música;Comunidad Foral de Navarra;Navarra;69;252;576,84;8,36;52
2024;2;Espectaculos;Conferencias;Comunidad Foral de Navarra;Navarra;1;4;3,06;3,06;1
2024;2;Espectaculos;Música;Comunidad Foral de Navarra;Navarra;246;897;14329,5;58,25;175
2024;2;Espectaculos;Música;Comunidad Foral de Navarra;Navarra;3449;11490;100055,49;29,01;2155
2024;2;Actividades;Deportes y aventuras;Comunidad Foral de Navarra;Navarra;352;1284;12249,6;34,8;120
2024;2;Espectaculos;Cultura, teatro y danza;Comunidad Foral de Navarra;Navarra;78;284;826,8;10,6;33
2024;2;Espectaculos;Música;Comunidad Foral de Navarra;Navarra;19;69;337,25;17,75;11
2024;2;Espectaculos;Música;Comunidad Foral de Navarra;Navarra;8;29;144;18;5
2024;2;Espectaculos;Música;Galicia;Ourense;146;532;1550,52;10,62;73
2024;2;Espectaculos;Música;Principado de Asturias;Asturias;27;98;311,31;11,53;16
2024;2;Espectaculos;Música;Principado de Asturias;Asturias;648;2363;9324,72;14,39;323
2024;2;Actividades;Actividades infantiles;Principado de Asturias;Asturias;27;98;223,02;8,26;11
2024;2;Espectaculos;Cultura, teatro y danza;Principado de Asturias;Asturias;58;212;586,38;10,11;30
2024;2;Espectaculos;Música;Principado de Asturias;Asturias;24;88;729,6;30,4;11
2024;2;Espectaculos;Música;Principado de Asturias;Asturias;98;357;2156;22;47
2024;2;Espectaculos;Cultura, teatro y danza;Principado de Asturias;Asturias;1;4;17,6;17,6;1
2024;2;Espectaculos;Música;Principado de Asturias;Asturias;900;3282;12069;13,41;516
2024;2;Espectaculos;Música;Principado de Asturias;Asturias;405;1477;5641,65;13,93;225
2024;2;Espectaculos;Música;Principado de Asturias;Asturias;28;102;168;6;14
2024;2;Espectaculos;Música;Castilla y León;Palencia;68;248;898,28;13,21;33
2024;2;Actividades;Cursos;Canarias;Las Palmas;1;4;65;65;1
2024;2;Actividades;Gastronomía;Canarias;Las Palmas;1;4;65;65;1
2024;2;Espectaculos;Música;Canarias;Las Palmas;369;1346;8951,94;24,26;195
2024;2;Espectaculos;Cultura, teatro y danza;Canarias;Las Palmas;112;408;1814,4;16,2;61
2024;2;Espectaculos;Musicales;Canarias;Las Palmas;2;7;40,4;20,2;1
2024;2;Espectaculos;Música;Canarias;Las Palmas;2524;8288;32761,52;12,98;2002
2024;2;Actividades;Actividades infantiles;Canarias;Las Palmas;2;7;40,4;20,2;1
2024;2;Espectaculos;Cultura, teatro y danza;Canarias;Las Palmas;326;1189;5499,62;16,87;139
2024;2;Actividades;Cursos;Canarias;Las Palmas;1;4;122,8;122,8;1
2024;2;Espectaculos;Musicales;Canarias;Las Palmas;216;788;2203,2;10,2;111
2024;2;Espectaculos;Música;Canarias;Las Palmas;1707;7515;25007,55;14,65;1029
2024;2;Actividades;Deportes y aventuras;Canarias;Las Palmas;106;387;583;5,5;40
2024;2;Espectaculos;Cultura, teatro y danza;Canarias;Las Palmas;1308;5012;13367,76;10,22;632
2024;2;Espectaculos;Musicales;Canarias;Las Palmas;38;139;190;5;16
2024;2;Espectaculos;Música;Canarias;Las Palmas;239;1306;18878,61;78,99;125
2024;2;Actividades;Actividades infantiles;Canarias;Las Palmas;38;139;190;5;16
2024;2;Espectaculos;Cultura, teatro y danza;Canarias;Las Palmas;202;805;1727,1;8,55;83
2024;2;Espectaculos;Música;Canarias;Las Palmas;371;1353;5746,79;15,49;225
2024;2;Espectaculos;Música;Canarias;Las Palmas;26;95;156;6;13
2024;2;Espectaculos;Música;Canarias;Las Palmas;129;470;2134,95;16,55;55
2024;2;Actividades;Actividades infantiles;Canarias;Las Palmas;151;551;1389,2;9,2;40
2024;2;Espectaculos;Cultura, teatro y danza;Canarias;Las Palmas;839;3060;11989,31;14,29;335
2024;2;Espectaculos;Música;Canarias;Las Palmas;930;3392;8928;9,6;379
2024;2;Actividades;Actividades infantiles;Canarias;Las Palmas;101;368;626,2;6,2;31
2024;2;Espectaculos;Cultura, teatro y danza;Canarias;Las Palmas;226;824;1695;7,5;74
2024;2;Espectaculos;Música;Canarias;Las Palmas;268;977;3114,16;11,62;163
2024;2;Espectaculos;Música;Canarias;Las Palmas;70;255;504;7,2;27
2024;2;Actividades;Deportes y aventuras;Canarias;Las Palmas;80;292;412,8;5,16;29
2024;2;Espectaculos;Cultura, teatro y danza;Canarias;Las Palmas;55;201;396;7,2;21
2024;2;Espectaculos;Cultura, teatro y danza;Galicia;Pontevedra;2;7;20;10;1
2024;2;Espectaculos;Música;Galicia;Pontevedra;48;175;576;12;22
2024;2;Espectaculos;Música;Galicia;Pontevedra;26;95;260,78;10,03;12
2024;2;Espectaculos;Cultura, teatro y danza;Galicia;Pontevedra;8;29;84;10,5;3
2024;2;Espectaculos;Museo y exposiciones;Galicia;Pontevedra;8;29;84;10,5;3
2024;2;Espectaculos;Musicales;Galicia;Pontevedra;28;102;120,96;4,32;16
2024;2;Espectaculos;Música;Galicia;Pontevedra;737;2452;8549,2;11,6;440
2024;2;Espectaculos;Cultura, teatro y danza;Galicia;Pontevedra;334;1218;3029,38;9,07;165
2024;2;Espectaculos;Conferencias;Castilla y León;Salamanca;23;84;353,28;15,36;20
2024;2;Espectaculos;Musicales;Castilla y León;Salamanca;212;773;4458,36;21,03;76
2024;2;Espectaculos;Ferias;Castilla y León;Salamanca;23;84;353,28;15,36;20
2024;2;Espectaculos;Música;Castilla y León;Salamanca;492;1794;6277,92;12,76;352
2024;2;Actividades;Actividades infantiles;Castilla y León;Salamanca;130;474;2546,7;19,59;40
2024;2;Espectaculos;Cultura, teatro y danza;Castilla y León;Salamanca;251;915;4272,02;17,02;95
2024;2;Espectaculos;Cultura, teatro y danza;Castilla y León;Salamanca;5;18;15;3;2
2024;2;Espectaculos;Cultura, teatro y danza;Castilla y León;Salamanca;5;18;50;10;3
2024;2;Espectaculos;Música;Canarias;Santa Cruz de Tenerife;77;281;1751,75;22,75;43
2024;2;Espectaculos;Musicales;Canarias;Santa Cruz de Tenerife;277;1010;867,01;3,13;86
2024;2;Espectaculos;Música;Canarias;Santa Cruz de Tenerife;371;1353;1135,26;3,06;133
2024;2;Actividades;Actividades infantiles;Canarias;Santa Cruz de Tenerife;277;1185;867,01;3,13;86
2024;2;Espectaculos;Cultura, teatro y danza;Canarias;Santa Cruz de Tenerife;563;2053;2482,83;4,41;188
2024;2;Espectaculos;Música;Canarias;Santa Cruz de Tenerife;593;3095;9185,57;15,49;318
2024;2;Actividades;Deportes y aventuras;Canarias;Santa Cruz de Tenerife;30;109;181,2;6,04;17
2024;2;Espectaculos;Cultura, teatro y danza;Canarias;Santa Cruz de Tenerife;124;452;1506,6;12,15;57
2024;2;Espectaculos;Música;Canarias;Santa Cruz de Tenerife;235;857;5891,45;25,07;98
2024;2;Espectaculos;Cultura, teatro y danza;Canarias;Santa Cruz de Tenerife;177;646;4263,93;24,09;76
2024;2;Actividades;Cursos;Canarias;Santa Cruz de Tenerife;2;7;47,96;23,98;2
2024;2;Espectaculos;Musicales;Canarias;Santa Cruz de Tenerife;13;47;81,25;6,25;6
2024;2;Espectaculos;Música;Canarias;Santa Cruz de Tenerife;230;839;2509,3;10,91;135
2024;2;Actividades;Actividades infantiles;Canarias;Santa Cruz de Tenerife;13;47;81,25;6,25;6
2024;2;Espectaculos;Cultura, teatro y danza;Canarias;Santa Cruz de Tenerife;98;357;825,16;8,42;52
2024;2;Espectaculos;Música;Canarias;Santa Cruz de Tenerife;98;357;941,78;9,61;44
2024;2;Espectaculos;Cultura, teatro y danza;Canarias;Santa Cruz de Tenerife;311;1134;3937,26;12,66;141
2024;2;Espectaculos;Música;Canarias;Santa Cruz de Tenerife;67;244;369,17;5,51;40
2024;2;Espectaculos;Música;Canarias;Santa Cruz de Tenerife;3;11;22,86;7,62;2
2024;2;Actividades;Cursos;Cantabria;Cantabria;2;7;260;130;2
2024;2;Espectaculos;Música;Cantabria;Cantabria;342;1247;4658,04;13,62;165
2024;2;Actividades;Actividades infantiles;Cantabria;Cantabria;280;1021;1960;7;100
2024;2;Espectaculos;Cultura, teatro y danza;Cantabria;Cantabria;646;2356;7881,2;12,2;267
2024;2;Espectaculos;Música;Cantabria;Cantabria;12;44;60,72;5,06;4
2024;2;Espectaculos;Música;Cantabria;Cantabria;76;277;725,8;9,55;38
2024;2;Actividades;Actividades infantiles;Cantabria;Cantabria;16;58;98,4;6,15;6
2024;2;Espectaculos;Cultura, teatro y danza;Castilla y León;Segovia;36;131;1980;55;25
2024;2;Espectaculos;Música;Castilla y León;Segovia;28;102;635,04;22,68;11
2024;2;Espectaculos;Música;Castilla y León;Segovia;110;401;1350,8;12,28;50
2024;2;Espectaculos;Música;Andalucía;Sevilla;3;11;18,6;6,2;1
2024;2;Espectaculos;Música;Andalucía;Sevilla;12;44;60;5;9
2024;2;Actividades;Deportes y aventuras;Andalucía;Sevilla;51;186;232,05;4,55;24
2024;2;Espectaculos;Música;Andalucía;Sevilla;42;153;320,88;7,64;17
2024;2;Espectaculos;Música;Andalucía;Sevilla;9;33;104,85;11,65;8
2024;2;Espectaculos;Música;Andalucía;Sevilla;78;284;1617,72;20,74;44
2024;2;Espectaculos;Música;Andalucía;Sevilla;82;299;2470,66;30,13;50
2024;2;Espectaculos;Cultura, teatro y danza;Andalucía;Sevilla;8;29;104;13;3
2024;2;Espectaculos;Museo y exposiciones;Andalucía;Sevilla;8;29;104;13;3
2024;2;Actividades;Cursos;Andalucía;Sevilla;13;208;130;10;12
2024;2;Espectaculos;Cine;Andalucía;Sevilla;261;3365;1234,53;4,73;142
2024;2;Espectaculos;Música;Andalucía;Sevilla;3621;14364;44827,98;12,38;1951
2024;2;Actividades;Actividades infantiles;Andalucía;Sevilla;510;1860;5258,1;10,31;241
2024;2;Espectaculos;Cultura, teatro y danza;Andalucía;Sevilla;1895;8627;78813,05;41,59;839
2024;2;Espectaculos;Museo y exposiciones;Andalucía;Sevilla;43;1563;559;13;19
2024;2;Actividades;Gastronomía;Andalucía;Sevilla;8;29;102,64;12,83;2
2024;2;Espectaculos;Música;Andalucía;Sevilla;16;58;469,6;29,35;9
2024;2;Actividades;Actividades infantiles;Andalucía;Sevilla;16;58;469,6;29,35;9
2024;2;Actividades;Gastronomía;Andalucía;Sevilla;16;58;469,6;29,35;9
2024;2;Espectaculos;Música;Castilla y León;Soria;9;33;108,9;12,1;5
2024;2;Espectaculos;Música;Castilla y León;Soria;131;478;2403,85;18,35;49
2024;2;Espectaculos;Música;Cataluña;Tarragona;20;73;173,8;8,69;9
2024;2;Espectaculos;Música;Cataluña;Tarragona;9;33;72;8;6
2024;2;Espectaculos;Música;Cataluña;Tarragona;25;91;223,5;8,94;14
2024;2;Actividades;Actividades infantiles;Cataluña;Tarragona;35;128;718,2;20,52;10
2024;2;Espectaculos;Cultura, teatro y danza;Cataluña;Tarragona;35;128;718,2;20,52;10
2024;2;Espectaculos;Museo y exposiciones;Cataluña;Tarragona;35;128;718,2;20,52;10
2024;2;Espectaculos;Música;Cataluña;Tarragona;12;44;120,96;10,08;6
2024;2;Espectaculos;Cultura, teatro y danza;Cataluña;Tarragona;95;346;636,5;6,7;24
2024;2;Espectaculos;Música;Cataluña;Tarragona;397;1448;18849,56;47,48;251
2024;2;Espectaculos;Música;Cataluña;Tarragona;39;142;586,95;15,05;20
2024;2;Espectaculos;Música;Cataluña;Tarragona;13;47;377;29;9
2024;2;Espectaculos;Musicales;Cataluña;Tarragona;223;813;4415,4;19,8;70
2024;2;Espectaculos;Música;Cataluña;Tarragona;327;1193;4663,02;14,26;148
2024;2;Actividades;Actividades infantiles;Cataluña;Tarragona;992;3618;13401,92;13,51;425
2024;2;Espectaculos;Cultura, teatro y danza;Cataluña;Tarragona;265;966;3683,5;13,9;93
2024;2;Espectaculos;Cultura, teatro y danza;Cataluña;Tarragona;16;58;160;10;6
2024;2;Espectaculos;Música;Aragón;Teruel;225;821;5046,75;22,43;158
2024;2;Espectaculos;Música;Aragón;Teruel;10;36;153;15,3;4
2024;2;Espectaculos;Cultura, teatro y danza;Castilla - La Mancha;Toledo;12;44;96;8;6
2024;2;Espectaculos;Música;Castilla - La Mancha;Toledo;61;222;3979,64;65,24;56
2024;2;Espectaculos;Música;Castilla - La Mancha;Toledo;96;350;2270,4;23,65;44
2024;2;Actividades;Actividades infantiles;Castilla - La Mancha;Toledo;96;350;2270,4;23,65;44
2024;2;Espectaculos;Música;Castilla - La Mancha;Toledo;36;131;438,84;12,19;19
2024;2;Espectaculos;Cultura, teatro y danza;Castilla - La Mancha;Toledo;120;438;722,4;6,02;55
2024;2;Espectaculos;Música;Castilla - La Mancha;Toledo;47;171;591,26;12,58;19
2024;2;Espectaculos;Cultura, teatro y danza;Castilla - La Mancha;Toledo;1112;4056;5871,36;5,28;159
2024;2;Espectaculos;Música;Castilla - La Mancha;Toledo;13;47;222,69;17,13;7
2024;2;Actividades;Actividades infantiles;Castilla - La Mancha;Toledo;147;536;967,26;6,58;37
2024;2;Espectaculos;Cultura, teatro y danza;Castilla - La Mancha;Toledo;147;536;967,26;6,58;37
2024;2;Espectaculos;Museo y exposiciones;Castilla - La Mancha;Toledo;147;536;967,26;6,58;37
2024;2;Espectaculos;Música;Comunitat Valenciana;Valencia/València;50;182;359;7,18;19
2024;2;Actividades;Actividades infantiles;Comunitat Valenciana;Valencia/València;50;182;359;7,18;19
2024;2;Espectaculos;Cultura, teatro y danza;Comunitat Valenciana;Valencia/València;13;47;111,41;8,57;4
2024;2;Espectaculos;Música;Comunitat Valenciana;Valencia/València;258;941;3227,58;12,51;75
2024;2;Actividades;Actividades infantiles;Comunitat Valenciana;Valencia/València;253;923;3967,04;15,68;73
2024;2;Espectaculos;Música;Comunitat Valenciana;Valencia/València;111;405;1446,33;13,03;73
2024;2;Espectaculos;Música;Comunitat Valenciana;Valencia/València;3;11;150;50;3
2024;2;Espectaculos;Música;Comunitat Valenciana;Valencia/València;102;372;2737,68;26,84;63
2024;2;Espectaculos;Cultura, teatro y danza;Comunitat Valenciana;Valencia/València;21;77;249,06;11,86;4
2024;2;Espectaculos;Museo y exposiciones;Comunitat Valenciana;Valencia/València;21;77;249,06;11,86;4
2024;2;Espectaculos;Música;Comunitat Valenciana;Valencia/València;23;84;284,28;12,36;8
2024;2;Espectaculos;Música;Comunitat Valenciana;Valencia/València;1600;5835;23392;14,62;694
2024;2;Espectaculos;Música;Comunitat Valenciana;Valencia/València;5;18;51,8;10,36;1
2024;2;Espectaculos;Música;Comunitat Valenciana;Valencia/València;1118;4077;12275,64;10,98;712
2024;2;Espectaculos;Cultura, teatro y danza;Comunitat Valenciana;Valencia/València;1;4;10,12;10,12;1
2024;2;Espectaculos;Música;Comunitat Valenciana;Valencia/València;12;44;396;33;8
2024;2;Espectaculos;Música;Comunitat Valenciana;Valencia/València;144;525;483,84;3,36;56
2024;2;Espectaculos;Música;Comunitat Valenciana;Valencia/València;26;92;897,26;34,51;16
2024;2;Actividades;Cursos;Comunitat Valenciana;Valencia/València;2;7;42;21;2
2024;2;Espectaculos;Musicales;Comunitat Valenciana;Valencia/València;1186;4325;10934,92;9,22;393
2024;2;Espectaculos;Música;Comunitat Valenciana;Valencia/València;3499;13855;45906,88;13,12;1950
2024;2;Actividades;Deportes y aventuras;Comunitat Valenciana;Valencia/València;7;26;70;10;5
2024;2;Actividades;Actividades infantiles;Comunitat Valenciana;Valencia/València;3103;12220;27771,85;8,95;947
2024;2;Espectaculos;Cultura, teatro y danza;Comunitat Valenciana;Valencia/València;3856;14122;38405,76;9,96;1288
2024;2;Espectaculos;Museo y exposiciones;Comunitat Valenciana;Valencia/València;4;15;40;10;2
2024;2;Espectaculos;Cultura, teatro y danza;Castilla y León;Valladolid;31;113;133,61;4,31;10
2024;2;Espectaculos;Música;Castilla y León;Valladolid;6;22;56,46;9,41;3
2024;2;Espectaculos;Cultura, teatro y danza;Castilla y León;Valladolid;21;77;105;5;5
2024;2;Espectaculos;Musicales;Castilla y León;Valladolid;44;160;156,2;3,55;16
2024;2;Actividades;Actividades infantiles;Castilla y León;Valladolid;44;160;156,2;3,55;16
2024;2;Espectaculos;Cultura, teatro y danza;Castilla y León;Valladolid;58;212;196,04;3,38;24
2024;2;Actividades;Cursos;Castilla y León;Valladolid;3;11;37,5;12,5;3
2024;2;Actividades;Gastronomía;Castilla y León;Valladolid;3;11;37,5;12,5;3
2024;2;Espectaculos;Música;Castilla y León;Valladolid;26;95;273,78;10,53;17
2024;2;Espectaculos;Conferencias;Castilla y León;Valladolid;1;4;5,25;5,25;1
2024;2;Espectaculos;Musicales;Castilla y León;Valladolid;72;263;1188;16,5;23
2024;2;Espectaculos;Ferias;Castilla y León;Valladolid;1;4;5,25;5,25;1
2024;2;Espectaculos;Música;Castilla y León;Valladolid;1145;4176;16167,4;14,12;590
2024;2;Actividades;Actividades infantiles;Castilla y León;Valladolid;1967;7174;22640,17;11,51;831
2024;2;Espectaculos;Cultura, teatro y danza;Castilla y León;Valladolid;313;1142;3443;11;123
2024;2;Espectaculos;Música;Castilla y León;Valladolid;105;383;1627,5;15,5;50
2024;2;Actividades;Actividades infantiles;Castilla y León;Valladolid;105;383;1627,5;15,5;50
2024;2;Espectaculos;Música;País Vasco;Bizkaia;35;128;431,2;12,32;14
2024;2;Actividades;Deportes y aventuras;País Vasco;Bizkaia;545;1988;6725,3;12,34;233
2024;2;Espectaculos;Música;País Vasco;Bizkaia;230;839;1173;5,1;135
2024;2;Espectaculos;Conferencias;País Vasco;Bizkaia;65;237;812,5;12,5;39
2024;2;Actividades;Cursos;País Vasco;Bizkaia;4;15;60;15;4
2024;2;Espectaculos;Ferias;País Vasco;Bizkaia;63;230;315;5;37
2024;2;Espectaculos;Música;País Vasco;Bizkaia;2552;9306;37642;14,75;1406
2024;2;Actividades;Deportes y aventuras;País Vasco;Bizkaia;600;2188;13164;21,94;600
2024;2;Actividades;Actividades infantiles;País Vasco;Bizkaia;10;36;100,7;10,07;6
2024;2;Espectaculos;Cultura, teatro y danza;País Vasco;Bizkaia;209;762;2951,08;14,12;97
2024;2;Actividades;Actividades infantiles;País Vasco;Bizkaia;292;1065;2712,68;9,29;87
2024;2;Espectaculos;Cultura, teatro y danza;País Vasco;Bizkaia;292;1065;2712,68;9,29;87
2024;2;Espectaculos;Museo y exposiciones;País Vasco;Bizkaia;292;1065;2712,68;9,29;87
2024;2;Actividades;Cursos;País Vasco;Bizkaia;8;29;609,04;76,13;6
2024;2;Espectaculos;Música;País Vasco;Bizkaia;25;91;304,75;12,19;11
2024;2;Espectaculos;Cultura, teatro y danza;País Vasco;Bizkaia;97;354;1093,19;11,27;60
2024;2;Espectaculos;Música;País Vasco;Bizkaia;59;215;637,2;10,8;35
2024;2;Espectaculos;Música;País Vasco;Bizkaia;2;7;40;20;1
2024;2;Espectaculos;Música;País Vasco;Bizkaia;169;616;2998,06;17,74;113
2024;2;Actividades;Cursos;País Vasco;Bizkaia;3;11;187,17;62,39;3
2024;2;Espectaculos;Música;País Vasco;Bizkaia;102;372;1051,62;10,31;52
2024;2;Actividades;Actividades infantiles;País Vasco;Bizkaia;16;58;3060,48;191,28;9
2024;2;Espectaculos;Música;País Vasco;Bizkaia;88;321;1091,2;12,4;58
2024;2;Espectaculos;Música;Castilla y León;Zamora;29;106;252,01;8,69;12
2024;2;Espectaculos;Música;Castilla y León;Zamora;431;1572;6279,67;14,57;224
2024;2;Actividades;Actividades infantiles;Castilla y León;Zamora;223;813;5508,1;24,7;114
2024;2;Espectaculos;Cultura, teatro y danza;Castilla y León;Zamora;19;69;923,97;48,63;16
2024;2;Espectaculos;Cine;Aragón;Zaragoza;10;36;58,3;5,83;5
2024;2;Espectaculos;Cultura, teatro y danza;Aragón;Zaragoza;268;977;2856,88;10,66;90
2024;2;Espectaculos;Cultura, teatro y danza;Aragón;Zaragoza;79;288;1224,5;15,5;38
2024;2;Espectaculos;Museo y exposiciones;Aragón;Zaragoza;10;36;260;26;5
2024;2;Espectaculos;Cultura, teatro y danza;Aragón;Zaragoza;38;139;459,42;12,09;15
2024;2;Actividades;Cursos;Aragón;Zaragoza;1;229;29,47;29,47;1
2024;2;Espectaculos;Cine;Aragón;Zaragoza;92;336;506;5,5;35
2024;2;Espectaculos;Musicales;Aragón;Zaragoza;457;1667;4629,41;10,13;183
2024;2;Espectaculos;Música;Aragón;Zaragoza;5060;16949;72054,4;14,24;2739
2024;2;Actividades;Deportes y aventuras;Aragón;Zaragoza;174;635;2911,02;16,73;137
2024;2;Actividades;Actividades infantiles;Aragón;Zaragoza;1523;5325;9869,04;6,48;532
2024;2;Espectaculos;Cultura, teatro y danza;Aragón;Zaragoza;1381;4931;12470,43;9,03;590
2024;2;Actividades;Gastronomía;Aragón;Zaragoza;32;117;352;11;21
2024;2;Espectaculos;Conferencias;Total Nacional;Total Nacional;837;26973;17929,7955;21,4215;655
2024;2;Actividades;Cursos;Total Nacional;Total Nacional;870;3559;58363,689;67,0847;638
2024;2;Espectaculos;Cine;Total Nacional;Total Nacional;1631;8352;12124,5278;7,4338;805
2024;2;Espectaculos;Musicales;Total Nacional;Total Nacional;10306;37563;117218,3828;11,3738;3363
2024;2;Espectaculos;Ferias;Total Nacional;Total Nacional;465;1917;6320,1405;13,5917;341
2024;2;Espectaculos;Música;Total Nacional;Total Nacional;144172;521568;2361883,373;16,3824;81421
2024;2;Actividades;Deportes y aventuras;Total Nacional;Total Nacional;3497;12955;69388,5231;19,8423;2072
2024;2;Actividades;Actividades infantiles;Total Nacional;Total Nacional;19502;72938;280526,519;14,3845;7295
2024;2;Espectaculos;Cultura, teatro y danza;Total Nacional;Total Nacional;44541;165017;558125,4546;12,5306;18150
2024;2;Espectaculos;Museo y exposiciones;Total Nacional;Total Nacional;635;3722;8151,6855;12,8373;194
2024;2;Actividades;Gastronomía;Total Nacional;Total Nacional;1663;6087;35638,09;21,43;863
2024;3;Espectaculos;Cultura, teatro y danza;País Vasco;Araba/Álava;70;242;641,9;9,17;31
2024;3;Espectaculos;Música;País Vasco;Araba/Álava;20;69;165,2;8,26;7
2024;3;Actividades;Deportes y aventuras;País Vasco;Araba/Álava;6;21;58,86;9,81;6
2024;3;Espectaculos;Cultura, teatro y danza;País Vasco;Araba/Álava;11;38;55,33;5,03;6
2024;3;Espectaculos;Música;País Vasco;Araba/Álava;194;526;3501,7;18,05;83
2024;3;Actividades;Deportes y aventuras;País Vasco;Araba/Álava;21;73;105;5;17
2024;3;Actividades;Actividades infantiles;País Vasco;Araba/Álava;336;1162;3101,28;9,23;103
2024;3;Espectaculos;Cultura, teatro y danza;País Vasco;Araba/Álava;789;2729;6091,08;7,72;293
2024;3;Espectaculos;Museo y exposiciones;País Vasco;Araba/Álava;12;42;294,48;24,54;5
2024;3;Espectaculos;Música;País Vasco;Araba/Álava;27;93;81;3;21
2024;3;Actividades;Actividades infantiles;País Vasco;Araba/Álava;7;25;21,14;3,02;7
2024;3;Espectaculos;Cultura, teatro y danza;País Vasco;Araba/Álava;35;121;172,9;4,94;21
2024;3;Actividades;Gastronomía;País Vasco;Araba/Álava;27;93;81;3;21
2024;3;Espectaculos;Musicales;Castilla - La Mancha;Albacete;939;3249;15371,43;16,37;369
2024;3;Espectaculos;Música;Castilla - La Mancha;Albacete;450;1557;4887;10,86;218
2024;3;Actividades;Actividades infantiles;Castilla - La Mancha;Albacete;142;491;2499,2;17,6;43
2024;3;Espectaculos;Cultura, teatro y danza;Castilla - La Mancha;Albacete;1290;4463;14357,7;11,13;521
2024;3;Actividades;Gastronomía;Castilla - La Mancha;Albacete;15;52;184,95;12,33;7
2024;3;Espectaculos;Música;Castilla - La Mancha;Albacete;6;21;30;5;4
2024;3;Espectaculos;Cine;Castilla - La Mancha;Albacete;24;83;64,8;2,7;6
2024;3;Espectaculos;Música;Castilla - La Mancha;Albacete;44;152;462,44;10,51;26
2024;3;Actividades;Gastronomía;Castilla - La Mancha;Albacete;7;24;56;8;4
2024;3;Espectaculos;Música;Castilla - La Mancha;Albacete;22;76;837,98;38,09;9
2024;3;Espectaculos;Música;Comunitat Valenciana;Alicante/Alacant;1;3;12;12;1
2024;3;Actividades;Cursos;Comunitat Valenciana;Alicante/Alacant;35;121;175;5;20
2024;3;Actividades;Cursos;Comunitat Valenciana;Alicante/Alacant;14;48;2086;149;10
2024;3;Espectaculos;Cine;Comunitat Valenciana;Alicante/Alacant;263;910;3826,65;14,55;124
2024;3;Espectaculos;Musicales;Comunitat Valenciana;Alicante/Alacant;110;381;1450,9;13,19;48
2024;3;Espectaculos;Música;Comunitat Valenciana;Alicante/Alacant;1297;4090;18534,13;14,29;714
2024;3;Actividades;Deportes y aventuras;Comunitat Valenciana;Alicante/Alacant;10;878;266,7;26,67;8
2024;3;Actividades;Actividades infantiles;Comunitat Valenciana;Alicante/Alacant;8;28;64;8;6
2024;3;Espectaculos;Cultura, teatro y danza;Comunitat Valenciana;Alicante/Alacant;347;1103;5656,1;16,3;159
2024;3;Actividades;Gastronomía;Comunitat Valenciana;Alicante/Alacant;117;405;1072,89;9,17;47
2024;3;Espectaculos;Música;Comunitat Valenciana;Alicante/Alacant;60;208;868,8;14,48;30
2024;3;Espectaculos;Cultura, teatro y danza;Comunitat Valenciana;Alicante/Alacant;29;100;568,69;19,61;12
2024;3;Espectaculos;Música;Comunitat Valenciana;Alicante/Alacant;61;211;1668,96;27,36;31
2024;3;Espectaculos;Música;Comunitat Valenciana;Alicante/Alacant;13;45;330,85;25,45;7
2024;3;Espectaculos;Música;Comunitat Valenciana;Alicante/Alacant;436;1561;4224,84;9,69;262
2024;3;Espectaculos;Música;Comunitat Valenciana;Alicante/Alacant;41;142;513,32;12,52;24
2024;3;Espectaculos;Cine;Comunitat Valenciana;Alicante/Alacant;10;35;50;5;3
2024;3;Espectaculos;Música;Comunitat Valenciana;Alicante/Alacant;578;2000;7872,36;13,62;262
2024;3;Actividades;Actividades infantiles;Comunitat Valenciana;Alicante/Alacant;25;86;175;7;8
2024;3;Espectaculos;Cultura, teatro y danza;Comunitat Valenciana;Alicante/Alacant;160;692;1353,6;8,46;57
2024;3;Espectaculos;Música;Comunitat Valenciana;Alicante/Alacant;43;149;715,09;16,63;21
2024;3;Espectaculos;Música;Comunitat Valenciana;Alicante/Alacant;23;80;356,96;15,52;9
2024;3;Espectaculos;Música;Comunitat Valenciana;Alicante/Alacant;1122;3882;15191,88;13,54;705
2024;3;Espectaculos;Cine;Comunitat Valenciana;Alicante/Alacant;356;1232;4838,04;13,59;164
2024;3;Espectaculos;Música;Comunitat Valenciana;Alicante/Alacant;33;114;570,57;17,29;17
2024;3;Espectaculos;Música;Comunitat Valenciana;Alicante/Alacant;2;7;40;20;1
2024;3;Espectaculos;Música;Comunitat Valenciana;Alicante/Alacant;1;3;15,18;15,18;1
2024;3;Espectaculos;Cultura, teatro y danza;Comunitat Valenciana;Alicante/Alacant;19;66;194,94;10,26;9
2024;3;Espectaculos;Música;Comunitat Valenciana;Alicante/Alacant;83;287;1927,26;23,22;40
2024;3;Espectaculos;Cultura, teatro y danza;Comunitat Valenciana;Alicante/Alacant;118;408;7872,96;66,72;48
2024;3;Actividades;Gastronomía;Comunitat Valenciana;Alicante/Alacant;5;17;300;60;3
2024;3;Espectaculos;Música;Comunitat Valenciana;Alicante/Alacant;81;280;1492,83;18,43;48
2024;3;Espectaculos;Cine;Comunitat Valenciana;Alicante/Alacant;703;2432;9511,59;13,53;335
2024;3;Espectaculos;Música;Comunitat Valenciana;Alicante/Alacant;10;35;378,1;37,81;5
2024;3;Espectaculos;Música;Comunitat Valenciana;Alicante/Alacant;18;62;216;12;10
2024;3;Espectaculos;Música;Andalucía;Almería;70;242;1093,4;15,62;42
2024;3;Espectaculos;Musicales;Andalucía;Almería;46;159;720,82;15,67;14
2024;3;Espectaculos;Música;Andalucía;Almería;2173;6958;42047,55;19,35;2115
2024;3;Espectaculos;Cultura, teatro y danza;Andalucía;Almería;229;792;2860,21;12,49;98
2024;3;Espectaculos;Música;Andalucía;Almería;4;14;43,2;10,8;2
2024;3;Actividades;Actividades infantiles;Andalucía;Almería;4;14;104;26;1
2024;3;Espectaculos;Cultura, teatro y danza;Andalucía;Almería;4;14;104;26;1
2024;3;Espectaculos;Cultura, teatro y danza;Andalucía;Almería;133;460;2532,32;19,04;46
2024;3;Espectaculos;Música;Andalucía;Almería;141;487;2958,18;20,98;51
2024;3;Espectaculos;Música;Andalucía;Almería;22;76;221,98;10,09;11
2024;3;Espectaculos;Música;Castilla y León;Ávila;24;83;153,12;6,38;8
2024;3;Espectaculos;Música;Extremadura;Badajoz;163;564;1810,93;11,11;82
2024;3;Actividades;Deportes y aventuras;Extremadura;Badajoz;37;128;727,79;19,67;32
2024;3;Actividades;Deportes y aventuras;Extremadura;Badajoz;6;21;300;50;6
2024;3;Espectaculos;Cultura, teatro y danza;Extremadura;Badajoz;47;163;141;3;22
2024;3;Espectaculos;Cultura, teatro y danza;Extremadura;Badajoz;11;38;110;10;3
2024;3;Espectaculos;Musicales;Extremadura;Badajoz;299;1034;6129,5;20,5;113
2024;3;Espectaculos;Música;Extremadura;Badajoz;136;471;866,32;6,37;53
2024;3;Actividades;Actividades infantiles;Extremadura;Badajoz;133;460;2340,8;17,6;45
2024;3;Espectaculos;Cultura, teatro y danza;Extremadura;Badajoz;299;1034;6129,5;20,5;113
2024;3;Espectaculos;Cultura, teatro y danza;Extremadura;Badajoz;21;73;63;3;8
2024;3;Actividades;Deportes y aventuras;Extremadura;Badajoz;53;183;556,5;10,5;46
2024;3;Espectaculos;Música;Extremadura;Badajoz;16;55;331,04;20,69;10
2024;3;Espectaculos;Música;Illes Balears;Illes Balears;17;59;307,19;18,07;8
2024;3;Espectaculos;Música;Illes Balears;Illes Balears;6;21;48;8;3
2024;3;Espectaculos;Cultura, teatro y danza;Illes Balears;Illes Balears;27;93;132,3;4,9;14
2024;3;Espectaculos;Música;Illes Balears;Illes Balears;188;650;3581,4;19,05;135
2024;3;Actividades;Cursos;Illes Balears;Illes Balears;4;14;31,56;7,89;3
2024;3;Espectaculos;Música;Illes Balears;Illes Balears;130;329;1271,4;9,78;69
2024;3;Espectaculos;Cultura, teatro y danza;Illes Balears;Illes Balears;53;183;404,39;7,63;16
2024;3;Espectaculos;Música;Illes Balears;Illes Balears;10;35;98,4;9,84;4
2024;3;Espectaculos;Música;Illes Balears;Illes Balears;232;803;5927,6;25,55;115
2024;3;Actividades;Gastronomía;Illes Balears;Illes Balears;129;446;5254,17;40,73;58
2024;3;Actividades;Cursos;Illes Balears;Illes Balears;9;31;716,31;79,59;8
2024;3;Espectaculos;Música;Illes Balears;Illes Balears;78;270;811,2;10,4;35
2024;3;Actividades;Cursos;Illes Balears;Illes Balears;254;879;17780;70;95
2024;3;Espectaculos;Música;Illes Balears;Illes Balears;762;2636;8244,84;10,82;440
2024;3;Actividades;Deportes y aventuras;Illes Balears;Illes Balears;13;45;269,49;20,73;8
2024;3;Actividades;Gastronomía;Illes Balears;Illes Balears;254;879;17780;70;95
2024;3;Espectaculos;Música;Illes Balears;Illes Balears;35;121;558,6;15,96;11
2024;3;Espectaculos;Música;Illes Balears;Illes Balears;634;2193;14087,48;22,22;402
2024;3;Espectaculos;Música;Illes Balears;Illes Balears;707;2445;9183,93;12,99;370
2024;3;Actividades;Actividades infantiles;Illes Balears;Illes Balears;5;17;62,2;12,44;3
2024;3;Espectaculos;Música;Illes Balears;Illes Balears;930;3217;7728,3;8,31;496
2024;3;Actividades;Actividades infantiles;Illes Balears;Illes Balears;11;38;98,89;8,99;7
2024;3;Espectaculos;Cultura, teatro y danza;Illes Balears;Illes Balears;11;38;98,89;8,99;7
2024;3;Espectaculos;Música;Illes Balears;Illes Balears;19;296;301,34;15,86;10
2024;3;Espectaculos;Cultura, teatro y danza;Illes Balears;Illes Balears;105;363;546;5,2;46
2024;3;Espectaculos;Música;Illes Balears;Illes Balears;24;83;384;16;14
2024;3;Actividades;Actividades infantiles;Illes Balears;Illes Balears;4;14;100;25;1
2024;3;Espectaculos;Música;Illes Balears;Illes Balears;73;253;1358,53;18,61;36
2024;3;Espectaculos;Música;Illes Balears;Illes Balears;498;1723;5717,04;11,48;468
2024;3;Espectaculos;Música;Illes Balears;Illes Balears;35;121;175;5;15
2024;3;Espectaculos;Cultura, teatro y danza;Illes Balears;Illes Balears;27;93;135;5;13
2024;3;Espectaculos;Música;Illes Balears;Illes Balears;80;277;1248,8;15,61;38
2024;3;Espectaculos;Cultura, teatro y danza;Illes Balears;Illes Balears;2;38;20,72;10,36;2
2024;3;Espectaculos;Museo y exposiciones;Illes Balears;Illes Balears;2;7;20,72;10,36;2
2024;3;Actividades;Cursos;Illes Balears;Illes Balears;5;17;164,75;32,95;3
2024;3;Espectaculos;Cine;Illes Balears;Illes Balears;2;7;8,1;4,05;2
2024;3;Espectaculos;Musicales;Illes Balears;Illes Balears;191;1194;1846,97;9,67;66
2024;3;Espectaculos;Música;Illes Balears;Illes Balears;1080;3736;12042;11,15;600
2024;3;Actividades;Actividades infantiles;Illes Balears;Illes Balears;396;1370;3037,32;7,67;135
2024;3;Espectaculos;Cultura, teatro y danza;Illes Balears;Illes Balears;537;2270;4913,55;9,15;190
2024;3;Espectaculos;Música;Illes Balears;Illes Balears;1379;4517;36819,3;26,7;927
2024;3;Espectaculos;Conferencias;Illes Balears;Illes Balears;4;14;72,56;18,14;4
2024;3;Espectaculos;Música;Illes Balears;Illes Balears;720;2491;10382,4;14,42;480
2024;3;Actividades;Actividades infantiles;Illes Balears;Illes Balears;203;702;1382,43;6,81;56
2024;3;Espectaculos;Cultura, teatro y danza;Illes Balears;Illes Balears;203;702;1382,43;6,81;56
2024;3;Espectaculos;Música;Illes Balears;Illes Balears;1781;6161;24221,6;13,6;1062
2024;3;Espectaculos;Conferencias;Illes Balears;Illes Balears;275;6618;8214,25;29,87;169
2024;3;Actividades;Cursos;Illes Balears;Illes Balears;76;263;2848,48;37,48;34
2024;3;Espectaculos;Musicales;Illes Balears;Illes Balears;30;104;622,5;20,75;17
2024;3;Espectaculos;Ferias;Illes Balears;Illes Balears;238;823;5983,32;25,14;144
2024;3;Espectaculos;Música;Illes Balears;Illes Balears;13258;49203;271722,71;20,495;8167
2024;3;Actividades;Deportes y aventuras;Illes Balears;Illes Balears;5;258;75;15;2
2024;3;Actividades;Actividades infantiles;Illes Balears;Illes Balears;3098;10718;69488,14;22,43;1813
2024;3;Espectaculos;Cultura, teatro y danza;Illes Balears;Illes Balears;620;2125;5660,6;9,13;301
2024;3;Espectaculos;Museo y exposiciones;Illes Balears;Illes Balears;2;7;10,36;5,18;1
2024;3;Actividades;Gastronomía;Illes Balears;Illes Balears;82;283;2788;34;36
2024;3;Espectaculos;Música;Illes Balears;Illes Balears;191;662;2368,4;12,4;68
2024;3;Espectaculos;Cultura, teatro y danza;Illes Balears;Illes Balears;610;2110;3928,4;6,44;235
2024;3;Espectaculos;Música;Illes Balears;Illes Balears;3063;10597;86774,79;28,33;1196
2024;3;Espectaculos;Música;Illes Balears;Illes Balears;223;785;3307,09;14,83;133
2024;3;Actividades;Actividades infantiles;Illes Balears;Illes Balears;24;83;149,76;6,24;13
2024;3;Espectaculos;Cultura, teatro y danza;Illes Balears;Illes Balears;6;21;54,84;9,14;1
2024;3;Espectaculos;Cultura, teatro y danza;Illes Balears;Illes Balears;94;414;782,08;8,32;44
2024;3;Espectaculos;Música;Illes Balears;Illes Balears;235;813;2385,25;10,15;149
2024;3;Espectaculos;Música;Illes Balears;Illes Balears;410;1352;3534,2;8,62;174
2024;3;Actividades;Deportes y aventuras;Illes Balears;Illes Balears;69;239;4090,32;59,28;69
2024;3;Actividades;Actividades infantiles;Illes Balears;Illes Balears;191;866;4538,16;23,76;107
2024;3;Espectaculos;Cultura, teatro y danza;Illes Balears;Illes Balears;126;943;1134;9;40
2024;3;Espectaculos;Música;Illes Balears;Illes Balears;43;149;318,2;7,4;16
2024;3;Espectaculos;Cultura, teatro y danza;Illes Balears;Illes Balears;139;481;793,69;5,71;59
2024;3;Espectaculos;Música;Illes Balears;Illes Balears;660;2283;8243,4;12,49;327
2024;3;Espectaculos;Música;Illes Balears;Illes Balears;63;218;610,47;9,69;44
2024;3;Espectaculos;Cultura, teatro y danza;Illes Balears;Illes Balears;51;177;952,68;18,68;24
2024;3;Espectaculos;Conferencias;Illes Balears;Illes Balears;68;235;216,24;3,18;17
2024;3;Espectaculos;Cine;Illes Balears;Illes Balears;13;45;34,97;2,69;5
2024;3;Espectaculos;Música;Illes Balears;Illes Balears;228;1193;1185,6;5,2;104
2024;3;Espectaculos;Cultura, teatro y danza;Illes Balears;Illes Balears;34;118;210,8;6,2;16
2024;3;Espectaculos;Musicales;Illes Balears;Illes Balears;83;287;621,67;7,49;27
2024;3;Actividades;Actividades infantiles;Illes Balears;Illes Balears;83;287;621,67;7,49;27
2024;3;Espectaculos;Cultura, teatro y danza;Illes Balears;Illes Balears;92;318;821,56;8,93;33
2024;3;Espectaculos;Música;Illes Balears;Illes Balears;40;138;668;16,7;27
2024;3;Espectaculos;Música;Illes Balears;Illes Balears;29;100;444,28;15,32;16
2024;3;Actividades;Actividades infantiles;Illes Balears;Illes Balears;4;14;20,72;5,18;2
2024;3;Espectaculos;Cultura, teatro y danza;Illes Balears;Illes Balears;4;14;20,72;5,18;2
2024;3;Espectaculos;Música;Illes Balears;Illes Balears;391;2930;9861,02;25,22;338
2024;3;Espectaculos;Música;Cataluña;Barcelona;93;322;1050,9;11,3;53
2024;3;Espectaculos;Cultura, teatro y danza;Cataluña;Barcelona;4;14;52;13;3
2024;3;Actividades;Cursos;Cataluña;Barcelona;6;21;60,84;10,14;4
2024;3;Espectaculos;Música;Cataluña;Barcelona;504;1743;10352,16;20,54;325
2024;3;Actividades;Actividades infantiles;Cataluña;Barcelona;6;21;60,84;10,14;4
2024;3;Espectaculos;Conferencias;Cataluña;Barcelona;8;28;192;24;8
2024;3;Actividades;Cursos;Cataluña;Barcelona;77;315;7890,96;102,48;72
2024;3;Espectaculos;Cine;Cataluña;Barcelona;266;920;2835,56;10,66;154
2024;3;Espectaculos;Musicales;Cataluña;Barcelona;233;806;3187,44;13,68;139
2024;3;Espectaculos;Música;Cataluña;Barcelona;25066;81404;341148,26;13,61;15368
2024;3;Actividades;Deportes y aventuras;Cataluña;Barcelona;932;3224;25732,52;27,61;499
2024;3;Actividades;Actividades infantiles;Cataluña;Barcelona;1218;4214;11558,82;9,49;471
2024;3;Espectaculos;Cultura, teatro y danza;Cataluña;Barcelona;8428;27897;145214,44;17,23;4150
2024;3;Espectaculos;Museo y exposiciones;Cataluña;Barcelona;81;280;1137,24;14,04;33
2024;3;Actividades;Gastronomía;Cataluña;Barcelona;384;1328;6117,12;15,93;243
2024;3;Espectaculos;Conferencias;Cataluña;Barcelona;57;197;798;14;39
2024;3;Espectaculos;Musicales;Cataluña;Barcelona;61;211;711,26;11,66;30
2024;3;Espectaculos;Cultura, teatro y danza;Cataluña;Barcelona;61;211;711,26;11,66;30
2024;3;Espectaculos;Música;Cataluña;Barcelona;78;270;937,56;12,02;34
2024;3;Espectaculos;Cultura, teatro y danza;Cataluña;Barcelona;6;21;90;15;3
2024;3;Espectaculos;Música;Cataluña;Barcelona;22;76;344,96;15,68;9
2024;3;Actividades;Gastronomía;Cataluña;Barcelona;22;76;344,96;15,68;9
2024;3;Espectaculos;Música;Cataluña;Barcelona;65;225;1573;24,2;19
2024;3;Espectaculos;Música;Cataluña;Barcelona;133;460;1393,84;10,48;86
2024;3;Actividades;Actividades infantiles;Cataluña;Barcelona;35;121;123,9;3,54;24
2024;3;Espectaculos;Cine;Cataluña;Barcelona;1;3;4,5;4,5;1
2024;3;Espectaculos;Cultura, teatro y danza;Cataluña;Barcelona;8;28;24;3;2
2024;3;Actividades;Deportes y aventuras;Cataluña;Barcelona;18;62;450;25;8
2024;3;Espectaculos;Música;Cataluña;Barcelona;1;3;8,1;8,1;1
2024;3;Espectaculos;Musicales;Cataluña;Barcelona;14;48;196;14;7
2024;3;Espectaculos;Cultura, teatro y danza;Cataluña;Barcelona;16;55;224;14;8
2024;3;Espectaculos;Música;Cataluña;Barcelona;32;111;1916,8;59,9;18
2024;3;Actividades;Deportes y aventuras;Cataluña;Barcelona;357;1235;6408,15;17,95;198
2024;3;Espectaculos;Música;Cataluña;Barcelona;337;1429;5092,07;15,11;132
2024;3;Espectaculos;Cultura, teatro y danza;Cataluña;Barcelona;171;677;1573,2;9,2;72
2024;3;Actividades;Cursos;Cataluña;Barcelona;1;3;50;50;1
2024;3;Espectaculos;Música;Cataluña;Barcelona;45;153;697,5;15,5;23
2024;3;Espectaculos;Música;Cataluña;Barcelona;127;439;1902,46;14,98;83
2024;3;Espectaculos;Cultura, teatro y danza;Cataluña;Barcelona;32;111;524,16;16,38;22
2024;3;Espectaculos;Música;Cataluña;Barcelona;190;657;1727,1;9,09;124
2024;3;Espectaculos;Música;Cataluña;Barcelona;235;813;3689,5;15,7;92
2024;3;Espectaculos;Música;Cataluña;Barcelona;6;21;60;10;3
2024;3;Actividades;Actividades infantiles;Cataluña;Barcelona;6;21;60;10;3
2024;3;Espectaculos;Cultura, teatro y danza;Cataluña;Barcelona;17;59;206,04;12,12;7
2024;3;Espectaculos;Música;Cataluña;Barcelona;52;180;660,4;12,7;18
2024;3;Espectaculos;Música;Cataluña;Barcelona;221;765;2766,92;12,52;141
2024;3;Actividades;Actividades infantiles;Cataluña;Barcelona;7;24;108,01;15,43;4
2024;3;Actividades;Actividades infantiles;Cataluña;Barcelona;2131;7372;16770,97;7,87;612
2024;3;Actividades;Deportes y aventuras;Cataluña;Barcelona;98;339;1539,58;15,71;42
2024;3;Actividades;Actividades infantiles;Cataluña;Barcelona;98;339;1539,58;15,71;42
2024;3;Espectaculos;Música;Cataluña;Barcelona;266;920;7062,3;26,55;140
2024;3;Espectaculos;Música;Cataluña;Barcelona;93;322;972,78;10,46;51
2024;3;Actividades;Actividades infantiles;Cataluña;Barcelona;93;322;972,78;10,46;51
2024;3;Espectaculos;Musicales;Cataluña;Barcelona;69;239;1186,8;17,2;34
2024;3;Espectaculos;Cultura, teatro y danza;Cataluña;Barcelona;69;239;1186,8;17,2;34
2024;3;Espectaculos;Cultura, teatro y danza;Cataluña;Barcelona;75;259;531;7,08;44
2024;3;Espectaculos;Música;Cataluña;Barcelona;2;7;50;25;1
2024;3;Espectaculos;Música;Cataluña;Barcelona;377;1304;4686,11;12,43;216
2024;3;Espectaculos;Cultura, teatro y danza;Cataluña;Barcelona;10;35;124,8;12,48;4
2024;3;Actividades;Cursos;Cataluña;Barcelona;19;66;578,17;30,43;16
2024;3;Espectaculos;Música;Cataluña;Barcelona;158;546;2644,92;16,74;101
2024;3;Actividades;Actividades infantiles;Cataluña;Barcelona;7;24;192,43;27,49;6
2024;3;Espectaculos;Música;Cataluña;Barcelona;50;173;640;12,8;29
2024;3;Espectaculos;Cultura, teatro y danza;Cataluña;Barcelona;9;31;90;10;4
2024;3;Espectaculos;Música;Cataluña;Barcelona;46;159;609,04;13,24;22
2024;3;Actividades;Deportes y aventuras;Cataluña;Barcelona;250;865;1252,5;5,01;110
2024;3;Espectaculos;Música;Cataluña;Barcelona;86;298;568,46;6,61;46
2024;3;Espectaculos;Música;Cataluña;Barcelona;82;284;1488,3;18,15;46
2024;3;Espectaculos;Cultura, teatro y danza;Cataluña;Barcelona;5;17;25;5;3
2024;3;Espectaculos;Música;Cataluña;Barcelona;71;246;710;10;34
2024;3;Espectaculos;Música;Cataluña;Barcelona;25;86;289,5;11,58;16
2024;3;Espectaculos;Cultura, teatro y danza;Cataluña;Barcelona;2;7;10;5;1
2024;3;Espectaculos;Cine;Cataluña;Barcelona;128;443;418,56;3,27;49
2024;3;Espectaculos;Música;Cataluña;Barcelona;21;73;291,9;13,9;7
2024;3;Actividades;Actividades infantiles;Cataluña;Barcelona;93;322;247,38;2,66;31
2024;3;Espectaculos;Cultura, teatro y danza;Cataluña;Barcelona;37;128;387,39;10,47;19
2024;3;Espectaculos;Música;Cataluña;Barcelona;12;42;220,68;18,39;6
2024;3;Espectaculos;Música;Cataluña;Barcelona;24;83;462,72;19,28;15
2024;3;Actividades;Gastronomía;Cataluña;Barcelona;10;35;305,6;30,56;6
2024;3;Espectaculos;Musicales;Cataluña;Barcelona;13;45;136,5;10,5;3
2024;3;Actividades;Actividades infantiles;Cataluña;Barcelona;13;45;136,5;10,5;3
2024;3;Espectaculos;Cultura, teatro y danza;Cataluña;Barcelona;57;197;861,84;15,12;21
2024;3;Espectaculos;Cultura, teatro y danza;Cataluña;Barcelona;46;159;845,94;18,39;19
2024;3;Espectaculos;Música;Cataluña;Barcelona;2;0;20;10;1
2024;3;Espectaculos;Cultura, teatro y danza;Cataluña;Barcelona;23;80;230;10;10
2024;3;Espectaculos;Música;Cataluña;Barcelona;4;14;44;11;2
2024;3;Actividades;Cursos;Cataluña;Barcelona;13;45;1415,05;108,85;13
2024;3;Espectaculos;Musicales;Cataluña;Barcelona;186;643;1558,68;8,38;91
2024;3;Espectaculos;Cultura, teatro y danza;Cataluña;Barcelona;234;810;2206,62;9,43;110
2024;3;Espectaculos;Música;Cataluña;Barcelona;294;1017;2998,8;10,2;148
2024;3;Actividades;Deportes y aventuras;Cataluña;Barcelona;18;62;441,72;24,54;12
2024;3;Espectaculos;Cultura, teatro y danza;Cataluña;Barcelona;121;419;1524,6;12,6;57
2024;3;Actividades;Gastronomía;Cataluña;Barcelona;73;253;881,84;12,08;34
2024;3;Espectaculos;Música;Cataluña;Barcelona;875;2913;6273,75;7,17;499
2024;3;Espectaculos;Música;Cataluña;Barcelona;12;42;248,04;20,67;5
2024;3;Espectaculos;Música;Cataluña;Barcelona;33;114;351,78;10,66;19
2024;3;Espectaculos;Música;Cataluña;Barcelona;155;536;1798;11,6;103
2024;3;Espectaculos;Música;Castilla y León;Burgos;192;664;1219,2;6,35;94
2024;3;Espectaculos;Música;Castilla y León;Burgos;120;415;1696,8;14,14;74
2024;3;Espectaculos;Cultura, teatro y danza;Castilla y León;Burgos;2;7;26,4;13,2;1
2024;3;Espectaculos;Musicales;Extremadura;Cáceres;316;1093;6882,48;21,78;105
2024;3;Espectaculos;Música;Extremadura;Cáceres;61;211;601,46;9,86;36
2024;3;Actividades;Actividades infantiles;Extremadura;Cáceres;198;685;3484,8;17,6;60
2024;3;Espectaculos;Cultura, teatro y danza;Extremadura;Cáceres;351;1214;5717,79;16,29;119
2024;3;Actividades;Deportes y aventuras;Extremadura;Cáceres;135;1371;1760,4;13,04;109
2024;3;Espectaculos;Música;Extremadura;Cáceres;329;1138;3642,03;11,07;218
2024;3;Actividades;Gastronomía;Extremadura;Cáceres;4;14;64,8;16,2;2
2024;3;Espectaculos;Musicales;Extremadura;Cáceres;156;540;2574;16,5;48
2024;3;Actividades;Actividades infantiles;Extremadura;Cáceres;156;540;2574;16,5;48
2024;3;Espectaculos;Cultura, teatro y danza;Extremadura;Cáceres;156;540;2574;16,5;48
2024;3;Espectaculos;Música;Extremadura;Cáceres;43;149;460,53;10,71;21
2024;3;Espectaculos;Música;Andalucía;Cádiz;91;315;966,42;10,62;39
2024;3;Espectaculos;Música;Andalucía;Cádiz;432;1495;4907,52;11,36;211
2024;3;Actividades;Actividades infantiles;Andalucía;Cádiz;177;612;900,93;5,09;104
2024;3;Espectaculos;Cultura, teatro y danza;Andalucía;Cádiz;64;221;809,6;12,65;22
2024;3;Actividades;Cursos;Andalucía;Cádiz;7;24;136,5;19,5;5
2024;3;Espectaculos;Música;Andalucía;Cádiz;536;1854;6855,44;12,79;355
2024;3;Espectaculos;Música;Andalucía;Cádiz;240;831;3256,8;13,57;120
2024;3;Espectaculos;Música;Andalucía;Cádiz;45;1259;432,9;9,62;36
2024;3;Espectaculos;Música;Andalucía;Cádiz;4;14;40;10;3
2024;3;Espectaculos;Cultura, teatro y danza;Andalucía;Cádiz;48;166;1474,08;30,71;20
2024;3;Espectaculos;Música;Andalucía;Cádiz;8;28;86,4;10,8;2
2024;3;Espectaculos;Cultura, teatro y danza;Andalucía;Cádiz;35;121;323,75;9,25;15
2024;3;Espectaculos;Música;Andalucía;Cádiz;60;208;1138,8;18,98;31
2024;3;Espectaculos;Musicales;Andalucía;Cádiz;202;699;3215,84;15,92;61
2024;3;Actividades;Actividades infantiles;Andalucía;Cádiz;202;699;3215,84;15,92;61
2024;3;Espectaculos;Cultura, teatro y danza;Andalucía;Cádiz;202;699;3215,84;15,92;61
2024;3;Espectaculos;Música;Comunitat Valenciana;Castellón/Castelló;11;38;140,58;12,78;5
2024;3;Espectaculos;Música;Comunitat Valenciana;Castellón/Castelló;649;2246;8787,46;13,54;316
2024;3;Actividades;Actividades infantiles;Comunitat Valenciana;Castellón/Castelló;14;48;168;12;5
2024;3;Espectaculos;Cultura, teatro y danza;Comunitat Valenciana;Castellón/Castelló;54;186;460,62;8,53;25
2024;3;Espectaculos;Cultura, teatro y danza;Comunitat Valenciana;Castellón/Castelló;19;66;95,57;5,03;9
2024;3;Espectaculos;Música;Castilla - La Mancha;Ciudad Real;89;308;1744,4;19,6;52
2024;3;Espectaculos;Música;Castilla - La Mancha;Ciudad Real;508;1757;5664,2;11,15;280
2024;3;Espectaculos;Música;Castilla - La Mancha;Ciudad Real;80;277;954,4;11,93;36
2024;3;Espectaculos;Música;Andalucía;Córdoba;2;7;30;15;1
2024;3;Espectaculos;Conferencias;Andalucía;Córdoba;86;298;860;10;86
2024;3;Espectaculos;Musicales;Andalucía;Córdoba;111;384;1121,1;10,1;104
2024;3;Espectaculos;Música;Andalucía;Córdoba;395;1366;5498,4;13,92;214
2024;3;Actividades;Actividades infantiles;Andalucía;Córdoba;155;536;1548,45;9,99;121
2024;3;Espectaculos;Cultura, teatro y danza;Andalucía;Córdoba;323;1117;4980,66;15,42;188
2024;3;Espectaculos;Musicales;Andalucía;Córdoba;125;432;1228,75;9,83;42
2024;3;Espectaculos;Cultura, teatro y danza;Andalucía;Córdoba;125;432;1228,75;9,83;42
2024;3;Espectaculos;Música;Galicia;A Coruña;85;294;821,1;9,66;57
2024;3;Espectaculos;Música;Galicia;A Coruña;27;93;1525,5;56,5;19
2024;3;Espectaculos;Música;Galicia;A Coruña;1;3;60;60;1
2024;3;Espectaculos;Música;Galicia;A Coruña;70;242;560;8;21
2024;3;Actividades;Actividades infantiles;Galicia;A Coruña;70;242;560;8;21
2024;3;Espectaculos;Música;Galicia;A Coruña;856;2962;12001,12;14,02;449
2024;3;Actividades;Actividades infantiles;Galicia;A Coruña;144;491;1005,12;6,98;52
2024;3;Espectaculos;Cultura, teatro y danza;Galicia;A Coruña;207;716;1496,61;7,23;78
2024;3;Espectaculos;Música;Galicia;A Coruña;209;723;3463,13;16,57;111
2024;3;Espectaculos;Música;Galicia;A Coruña;15;52;124,05;8,27;11
2024;3;Actividades;Deportes y aventuras;Galicia;A Coruña;97;336;974,85;10,05;48
2024;3;Espectaculos;Música;Galicia;A Coruña;445;1540;3947,15;8,87;337
2024;3;Espectaculos;Música;Galicia;A Coruña;465;1609;7063,35;15,19;281
2024;3;Espectaculos;Cultura, teatro y danza;Galicia;A Coruña;41;142;132,84;3,24;19
2024;3;Espectaculos;Música;Castilla - La Mancha;Cuenca;501;1733;8902,77;17,77;223
2024;3;Espectaculos;Cultura, teatro y danza;Castilla - La Mancha;Cuenca;16;55;128;8;7
2024;3;Espectaculos;Cultura, teatro y danza;Castilla - La Mancha;Cuenca;2;7;26,4;13,2;1
2024;3;Espectaculos;Cultura, teatro y danza;Castilla - La Mancha;Cuenca;19;66;174,61;9,19;8
2024;3;Espectaculos;Música;Castilla - La Mancha;Cuenca;24;83;296,88;12,37;10
2024;3;Espectaculos;Cine;Cataluña;Girona;8;28;36;4,5;3
2024;3;Espectaculos;Música;Cataluña;Girona;51;176;624,24;12,24;28
2024;3;Espectaculos;Música;Cataluña;Girona;4;14;49,68;12,42;3
2024;3;Actividades;Cursos;Cataluña;Girona;4;14;1400;350;4
2024;3;Espectaculos;Música;Cataluña;Girona;203;702;3629,64;17,88;97
2024;3;Actividades;Actividades infantiles;Cataluña;Girona;5;17;125,75;25,15;3
2024;3;Espectaculos;Música;Cataluña;Girona;26;90;336,18;12,93;10
2024;3;Espectaculos;Música;Cataluña;Girona;5;17;25,65;5,13;3
2024;3;Espectaculos;Música;Cataluña;Girona;158;547;1270,32;8,04;55
2024;3;Actividades;Actividades infantiles;Cataluña;Girona;158;547;1270,32;8,04;55
2024;3;Actividades;Cursos;Cataluña;Girona;72;249;985,68;13,69;60
2024;3;Espectaculos;Música;Cataluña;Girona;328;1135;4414,88;13,46;270
2024;3;Espectaculos;Música;Cataluña;Girona;119;412;6769,91;56,89;80
2024;3;Espectaculos;Música;Cataluña;Girona;534;2406;4127,82;7,73;242
2024;3;Espectaculos;Música;Cataluña;Girona;31;107;682;22;16
2024;3;Espectaculos;Cultura, teatro y danza;Cataluña;Girona;84;291;1625,4;19,35;40
2024;3;Espectaculos;Música;Cataluña;Girona;74;256;1092,98;14,77;39
2024;3;Actividades;Actividades infantiles;Cataluña;Girona;425;1470;3880,25;9,13;213
2024;3;Espectaculos;Música;Cataluña;Girona;5;17;50;10;2
2024;3;Espectaculos;Musicales;Cataluña;Girona;6;21;49,98;8,33;3
2024;3;Espectaculos;Música;Cataluña;Girona;15;52;75;5;8
2024;3;Espectaculos;Cultura, teatro y danza;Cataluña;Girona;6;21;49,98;8,33;3
2024;3;Espectaculos;Música;Cataluña;Girona;17;59;584,97;34,41;10
2024;3;Actividades;Actividades infantiles;Cataluña;Girona;19;66;98,42;5,18;8
2024;3;Espectaculos;Cultura, teatro y danza;Cataluña;Girona;19;66;98,42;5,18;8
2024;3;Espectaculos;Cultura, teatro y danza;Cataluña;Girona;6;62;240;40;5
2024;3;Espectaculos;Música;Andalucía;Granada;76;263;1254;16,5;31
2024;3;Espectaculos;Música;Andalucía;Granada;56;194;583,52;10,42;40
2024;3;Espectaculos;Música;Andalucía;Granada;22;76;331,54;15,07;16
2024;3;Espectaculos;Música;Andalucía;Granada;7;24;70;10;4
2024;3;Espectaculos;Musicales;Andalucía;Granada;5;17;74;14,8;2
2024;3;Espectaculos;Música;Andalucía;Granada;2144;8202;24698,88;11,52;1257
2024;3;Espectaculos;Cultura, teatro y danza;Andalucía;Granada;739;2557;7064,84;9,56;361
2024;3;Espectaculos;Música;Andalucía;Granada;122;422;2642,52;21,66;67
2024;3;Actividades;Actividades infantiles;Andalucía;Granada;122;422;2642,52;21,66;67
2024;3;Espectaculos;Música;Andalucía;Granada;27;93;397,44;14,72;16
2024;3;Espectaculos;Música;Andalucía;Granada;232;803;4769,92;20,56;219
2024;3;Actividades;Actividades infantiles;Andalucía;Granada;232;803;4769,92;20,56;219
2024;3;Actividades;Cursos;Andalucía;Granada;11;38;143;13;9
2024;3;Espectaculos;Música;Andalucía;Granada;463;1601;8769,22;18,94;215
2024;3;Espectaculos;Música;Castilla - La Mancha;Guadalajara;34;118;275,06;8,09;11
2024;3;Actividades;Actividades infantiles;Castilla - La Mancha;Guadalajara;34;118;275,06;8,09;11
2024;3;Espectaculos;Música;Castilla - La Mancha;Guadalajara;130;450;1894,1;14,57;61
2024;3;Espectaculos;Cine;País Vasco;Gipuzkoa;8;28;40,24;5,03;7
2024;3;Espectaculos;Cultura, teatro y danza;País Vasco;Gipuzkoa;313;1083;2770,05;8,85;135
2024;3;Actividades;Cursos;País Vasco;Gipuzkoa;1;3;75;75;1
2024;3;Espectaculos;Cine;País Vasco;Gipuzkoa;144;539;538,56;3,74;74
2024;3;Espectaculos;Música;País Vasco;Gipuzkoa;845;2783;10368,15;12,27;352
2024;3;Actividades;Actividades infantiles;País Vasco;Gipuzkoa;2;25;8;4;1
2024;3;Espectaculos;Cultura, teatro y danza;País Vasco;Gipuzkoa;137;474;1601,53;11,69;66
2024;3;Espectaculos;Cultura, teatro y danza;País Vasco;Gipuzkoa;41;142;213,2;5,2;21
2024;3;Espectaculos;Música;País Vasco;Gipuzkoa;38;131;570;15;19
2024;3;Espectaculos;Cine;País Vasco;Gipuzkoa;11;38;33;3;7
2024;3;Espectaculos;Música;País Vasco;Gipuzkoa;33;114;269,61;8,17;14
2024;3;Espectaculos;Cultura, teatro y danza;País Vasco;Gipuzkoa;362;1252;2497,8;6,9;163
2024;3;Espectaculos;Música;País Vasco;Gipuzkoa;62;214;1000,68;16,14;35
2024;3;Espectaculos;Música;País Vasco;Gipuzkoa;2;7;5,86;2,93;1
2024;3;Espectaculos;Cultura, teatro y danza;País Vasco;Gipuzkoa;32;220;87,04;2,72;13
2024;3;Espectaculos;Música;País Vasco;Gipuzkoa;184;637;2458,24;13,36;88
2024;3;Espectaculos;Cine;País Vasco;Gipuzkoa;77;322;452,76;5,88;54
2024;3;Espectaculos;Música;País Vasco;Gipuzkoa;16;55;163,36;10,21;8
2024;3;Actividades;Actividades infantiles;País Vasco;Gipuzkoa;14;109;82,32;5,88;10
2024;3;Espectaculos;Música;País Vasco;Gipuzkoa;3;10;38,34;12,78;2
2024;3;Espectaculos;Música;Andalucía;Huelva;10;35;100;10;5
2024;3;Espectaculos;Música;Andalucía;Huelva;11;38;128,04;11,64;4
2024;3;Espectaculos;Música;Aragón;Huesca;351;1214;3573,18;10,18;278
2024;3;Espectaculos;Música;Aragón;Huesca;184;637;2872,24;15,61;87
2024;3;Espectaculos;Cine;Aragón;Huesca;108;374;1591,92;14,74;61
2024;3;Espectaculos;Cine;Aragón;Huesca;19;66;95;5;12
2024;3;Espectaculos;Cultura, teatro y danza;Aragón;Huesca;1797;6217;18760,68;10,44;555
2024;3;Espectaculos;Cine;Aragón;Huesca;148;512;1783,4;12,05;72
2024;3;Espectaculos;Música;Aragón;Huesca;46;159;825,24;17,94;24
2024;3;Espectaculos;Música;Aragón;Huesca;2;7;20;10;2
2024;3;Espectaculos;Música;Andalucía;Jaén;6;21;81,6;13,6;3
2024;3;Espectaculos;Música;Andalucía;Jaén;280;1067;3682;13,15;146
2024;3;Espectaculos;Cultura, teatro y danza;Andalucía;Jaén;75;259;910,5;12,14;34
2024;3;Actividades;Gastronomía;Andalucía;Jaén;2;7;50;25;1
2024;3;Espectaculos;Música;Andalucía;Jaén;40;138;627,2;15,68;17
2024;3;Espectaculos;Música;Andalucía;Jaén;712;2463;7960,16;11,18;262
2024;3;Espectaculos;Música;Andalucía;Jaén;2;7;41,2;20,6;1
2024;3;Actividades;Cursos;Andalucía;Jaén;2;7;19,62;9,81;1
2024;3;Espectaculos;Música;Andalucía;Jaén;22;76;196,46;8,93;11
2024;3;Actividades;Actividades infantiles;Andalucía;Jaén;2;7;19,62;9,81;1
2024;3;Espectaculos;Música;Andalucía;Jaén;4;14;124,2;31,05;3
2024;3;Actividades;Actividades infantiles;Andalucía;Jaén;4;14;124,2;31,05;3
2024;3;Espectaculos;Música;Castilla y León;León;2;7;20;10;1
2024;3;Espectaculos;Música;Castilla y León;León;507;1754;6236,1;12,3;258
2024;3;Actividades;Actividades infantiles;Castilla y León;León;10;35;92,4;9,24;6
2024;3;Espectaculos;Música;Castilla y León;León;79;273;1023,05;12,95;40
2024;3;Espectaculos;Cultura, teatro y danza;Cataluña;Lleida;80;277;480;6;34
2024;3;Espectaculos;Música;Cataluña;Lleida;429;1484;4959,24;11,56;199
2024;3;Espectaculos;Cultura, teatro y danza;Cataluña;Lleida;84;291;1263,36;15,04;39
2024;3;Espectaculos;Música;Cataluña;Lleida;29;100;589,86;20,34;14
2024;3;Actividades;Actividades infantiles;Cataluña;Lleida;29;100;589,86;20,34;14
2024;3;Espectaculos;Cine;Cataluña;Lleida;151;522;2159,3;14,3;77
2024;3;Espectaculos;Música;La Rioja;La Rioja;284;983;3788,56;13,34;202
2024;3;Espectaculos;Música;La Rioja;La Rioja;132;457;2034,12;15,41;77
2024;3;Espectaculos;Cultura, teatro y danza;La Rioja;La Rioja;150;519;3294;21,96;71
2024;3;Espectaculos;Música;La Rioja;La Rioja;24;83;450;18,75;14
2024;3;Espectaculos;Música;La Rioja;La Rioja;58;201;1534,1;26,45;35
2024;3;Espectaculos;Música;Galicia;Lugo;80;277;727,2;9,09;42
2024;3;Espectaculos;Cultura, teatro y danza;Galicia;Lugo;24;83;2400;100;12
2024;3;Actividades;Cursos;Galicia;Lugo;4;14;61,88;15,47;2
2024;3;Espectaculos;Cultura, teatro y danza;Galicia;Lugo;14;48;192,36;13,74;9
2024;3;Espectaculos;Musicales;Galicia;Lugo;50;173;880;17,6;14
2024;3;Actividades;Actividades infantiles;Galicia;Lugo;50;173;880;17,6;14
2024;3;Espectaculos;Cultura, teatro y danza;Galicia;Lugo;68;235;972,4;14,3;20
2024;3;Espectaculos;Música;Galicia;Lugo;27;93;668,79;24,77;11
2024;3;Espectaculos;Musicales;Comunidad de Madrid;Madrid;81;280;987,39;12,19;26
2024;3;Espectaculos;Música;Comunidad de Madrid;Madrid;450;1557;4630,5;10,29;264
2024;3;Actividades;Actividades infantiles;Comunidad de Madrid;Madrid;35;121;393,05;11,23;11
2024;3;Espectaculos;Cultura, teatro y danza;Comunidad de Madrid;Madrid;200;692;2280;11,4;71
2024;3;Espectaculos;Música;Comunidad de Madrid;Madrid;41;142;205;5;22
2024;3;Espectaculos;Música;Comunidad de Madrid;Madrid;109;377;1542,35;14,15;56
2024;3;Espectaculos;Música;Comunidad de Madrid;Madrid;125;432;1228,75;9,83;47
2024;3;Actividades;Actividades infantiles;Comunidad de Madrid;Madrid;125;432;1228,75;9,83;47
2024;3;Espectaculos;Música;Comunidad de Madrid;Madrid;229;765;4067,04;17,76;159
2024;3;Espectaculos;Música;Comunidad de Madrid;Madrid;4;14;32;8;3
2024;3;Espectaculos;Musicales;Comunidad de Madrid;Madrid;27;93;118,8;4,4;8
2024;3;Actividades;Actividades infantiles;Comunidad de Madrid;Madrid;29;100;127,6;4,4;9
2024;3;Espectaculos;Cultura, teatro y danza;Comunidad de Madrid;Madrid;33;114;169,29;5,13;12
2024;3;Espectaculos;Música;Comunidad de Madrid;Madrid;1;3;12;12;1
2024;3;Espectaculos;Música;Comunidad de Madrid;Madrid;104;1222;1232,4;11,85;55
2024;3;Espectaculos;Cultura, teatro y danza;Comunidad de Madrid;Madrid;200;692;966;4,83;66
2024;3;Espectaculos;Música;Comunidad de Madrid;Madrid;1839;6362;38379,93;20,87;1531
2024;3;Espectaculos;Conferencias;Comunidad de Madrid;Madrid;12;318;753;62,75;8
2024;3;Actividades;Cursos;Comunidad de Madrid;Madrid;487;1682;77033,66;158,18;373
2024;3;Espectaculos;Cine;Comunidad de Madrid;Madrid;226;755;2662,28;11,78;135
2024;3;Espectaculos;Musicales;Comunidad de Madrid;Madrid;1577;5442;22361,86;14,18;475
2024;3;Espectaculos;Música;Comunidad de Madrid;Madrid;25672;87620;336303,2;13,1;13961
2024;3;Actividades;Deportes y aventuras;Comunidad de Madrid;Madrid;97;1311;562,6;5,8;51
2024;3;Actividades;Actividades infantiles;Comunidad de Madrid;Madrid;622;2152;8235,28;13,24;234
2024;3;Espectaculos;Cultura, teatro y danza;Comunidad de Madrid;Madrid;7222;24216;119307,44;16,52;3200
2024;3;Actividades;Gastronomía;Comunidad de Madrid;Madrid;70;242;1353,8;19,34;36
2024;3;Espectaculos;Música;Comunidad de Madrid;Madrid;76;263;558,6;7,35;43
2024;3;Espectaculos;Musicales;Comunidad de Madrid;Madrid;136;471;1267,52;9,32;46
2024;3;Actividades;Actividades infantiles;Comunidad de Madrid;Madrid;136;471;1267,52;9,32;46
2024;3;Espectaculos;Cultura, teatro y danza;Comunidad de Madrid;Madrid;136;471;1267,52;9,32;46
2024;3;Espectaculos;Música;Comunidad de Madrid;Madrid;58;201;557,96;9,62;31
2024;3;Actividades;Cursos;Comunidad de Madrid;Madrid;16;55;480;30;15
2024;3;Espectaculos;Música;Comunidad de Madrid;Madrid;20;69;449;22,45;16
2024;3;Actividades;Actividades infantiles;Comunidad de Madrid;Madrid;20;69;449;22,45;16
2024;3;Actividades;Cursos;Comunidad de Madrid;Madrid;6;21;169,98;28,33;4
2024;3;Espectaculos;Música;Comunidad de Madrid;Madrid;273;944;3016,65;11,05;129
2024;3;Actividades;Actividades infantiles;Comunidad de Madrid;Madrid;9;31;157,5;17,5;6
2024;3;Espectaculos;Música;Comunidad de Madrid;Madrid;135;467;1800,9;13,34;66
2024;3;Espectaculos;Música;Comunidad de Madrid;Madrid;13;45;115,57;8,89;7
2024;3;Actividades;Deportes y aventuras;Comunidad de Madrid;Madrid;2;7;24;12;1
2024;3;Espectaculos;Musicales;Comunidad de Madrid;Madrid;69;239;202,17;2,93;22
2024;3;Actividades;Actividades infantiles;Comunidad de Madrid;Madrid;175;605;518;2,96;53
2024;3;Espectaculos;Cultura, teatro y danza;Comunidad de Madrid;Madrid;175;605;518;2,96;53
2024;3;Espectaculos;Música;Comunidad de Madrid;Madrid;17;59;210,46;12,38;7
2024;3;Espectaculos;Música;Comunidad de Madrid;Madrid;95;329;760;8;42
2024;3;Espectaculos;Música;Comunidad de Madrid;Madrid;31;107;310;10;15
2024;3;Actividades;Deportes y aventuras;Comunidad de Madrid;Madrid;5;17;60;12;3
2024;3;Espectaculos;Música;Comunidad de Madrid;Madrid;33;114;330;10;21
2024;3;Actividades;Deportes y aventuras;Comunidad de Madrid;Madrid;1060;3667;13303;12,55;440
2024;3;Espectaculos;Cultura, teatro y danza;Andalucía;Málaga;16;55;246,4;15,4;9
2024;3;Espectaculos;Música;Andalucía;Málaga;94;325;988,88;10,52;42
2024;3;Actividades;Actividades infantiles;Andalucía;Málaga;33;0;323,73;9,81;10
2024;3;Actividades;Deportes y aventuras;Andalucía;Málaga;6;21;224,82;37,47;3
2024;3;Espectaculos;Musicales;Andalucía;Málaga;169;585;1732,25;10,25;58
2024;3;Actividades;Actividades infantiles;Andalucía;Málaga;169;585;1732,25;10,25;58
2024;3;Espectaculos;Cultura, teatro y danza;Andalucía;Málaga;169;585;1732,25;10,25;58
2024;3;Espectaculos;Música;Andalucía;Málaga;14;48;144,9;10,35;9
2024;3;Espectaculos;Conferencias;Andalucía;Málaga;377;1304;5481,58;14,54;290
2024;3;Actividades;Cursos;Andalucía;Málaga;87;301;11020,29;126,67;71
2024;3;Espectaculos;Musicales;Andalucía;Málaga;15;52;120;8;7
2024;3;Espectaculos;Música;Andalucía;Málaga;4246;18455;62331,28;14,68;2202
2024;3;Actividades;Actividades infantiles;Andalucía;Málaga;133;460;925,68;6,96;40
2024;3;Espectaculos;Cultura, teatro y danza;Andalucía;Málaga;200;692;6358;31,79;86
2024;3;Espectaculos;Cultura, teatro y danza;Andalucía;Málaga;26;90;390,52;15,02;15
2024;3;Actividades;Actividades infantiles;Andalucía;Málaga;35;121;516,6;14,76;15
2024;3;Espectaculos;Cultura, teatro y danza;Andalucía;Málaga;35;121;516,6;14,76;15
2024;3;Espectaculos;Musicales;Andalucía;Málaga;85;294;963,9;11,34;29
2024;3;Espectaculos;Música;Andalucía;Málaga;180;623;2602,8;14,46;59
2024;3;Actividades;Actividades infantiles;Andalucía;Málaga;85;294;963,9;11,34;29
2024;3;Espectaculos;Cultura, teatro y danza;Andalucía;Málaga;85;294;963,9;11,34;29
2024;3;Actividades;Gastronomía;Andalucía;Málaga;180;623;2602,8;14,46;59
2024;3;Actividades;Deportes y aventuras;Andalucía;Málaga;129;446;966,21;7,49;51
2024;3;Espectaculos;Música;Región de Murcia;Murcia;9;31;135;15;8
2024;3;Espectaculos;Musicales;Región de Murcia;Murcia;118;408;1593;13,5;40
2024;3;Espectaculos;Cultura, teatro y danza;Región de Murcia;Murcia;118;408;1593;13,5;40
2024;3;Actividades;Cursos;Región de Murcia;Murcia;5;17;255;51;3
2024;3;Actividades;Actividades infantiles;Región de Murcia;Murcia;5;17;125;25;3
2024;3;Espectaculos;Cultura, teatro y danza;Región de Murcia;Murcia;5;17;125;25;3
2024;3;Espectaculos;Musicales;Región de Murcia;Murcia;9;31;144,99;16,11;3
2024;3;Espectaculos;Música;Región de Murcia;Murcia;13;45;227,5;17,5;7
2024;3;Actividades;Actividades infantiles;Región de Murcia;Murcia;9;31;140,85;15,65;4
2024;3;Espectaculos;Cultura, teatro y danza;Región de Murcia;Murcia;9;2689;144,99;16,11;3
2024;3;Espectaculos;Música;Región de Murcia;Murcia;28;97;291,2;10,4;14
2024;3;Espectaculos;Música;Región de Murcia;Murcia;8;28;101,36;12,67;3
2024;3;Actividades;Cursos;Región de Murcia;Murcia;12;42;4320;360;11
2024;3;Espectaculos;Cine;Región de Murcia;Murcia;518;1792;3475,78;6,71;270
2024;3;Espectaculos;Musicales;Región de Murcia;Murcia;42;145;433,02;10,31;24
2024;3;Espectaculos;Música;Región de Murcia;Murcia;2340;8095;31636,8;13,52;1291
2024;3;Actividades;Deportes y aventuras;Región de Murcia;Murcia;9;31;139,5;15,5;9
2024;3;Actividades;Actividades infantiles;Región de Murcia;Murcia;130;450;648,7;4,99;53
2024;3;Espectaculos;Cultura, teatro y danza;Región de Murcia;Murcia;216;747;1892,16;8,76;101
2024;3;Espectaculos;Música;Comunidad Foral de Navarra;Navarra;204;706;2042,04;10,01;201
2024;3;Actividades;Actividades infantiles;Comunidad Foral de Navarra;Navarra;204;706;2042,04;10,01;201
2024;3;Espectaculos;Música;Comunidad Foral de Navarra;Navarra;247;855;8919,17;36,11;125
2024;3;Actividades;Actividades infantiles;Comunidad Foral de Navarra;Navarra;247;855;8919,17;36,11;125
2024;3;Espectaculos;Música;Comunidad Foral de Navarra;Navarra;9;31;133,38;14,82;7
2024;3;Espectaculos;Música;Comunidad Foral de Navarra;Navarra;72;249;696,24;9,67;54
2024;3;Espectaculos;Música;Comunidad Foral de Navarra;Navarra;174;602;9989,34;57,41;146
2024;3;Espectaculos;Música;Comunidad Foral de Navarra;Navarra;221;765;5525;25;208
2024;3;Espectaculos;Música;Comunidad Foral de Navarra;Navarra;2819;8799;91391,98;32,42;1770
2024;3;Actividades;Deportes y aventuras;Comunidad Foral de Navarra;Navarra;56;194;2397,36;42,81;20
2024;3;Espectaculos;Cultura, teatro y danza;Comunidad Foral de Navarra;Navarra;61;211;6613,62;108,42;24
2024;3;Espectaculos;Música;Comunidad Foral de Navarra;Navarra;6;21;108;18;5
2024;3;Espectaculos;Música;Galicia;Ourense;213;688;2817,99;13,23;133
2024;3;Espectaculos;Música;Principado de Asturias;Asturias;13;45;183,95;14,15;6
2024;3;Espectaculos;Conferencias;Principado de Asturias;Asturias;40;138;2707,6;67,69;31
2024;3;Espectaculos;Música;Principado de Asturias;Asturias;571;1975;8656,36;15,16;332
2024;3;Actividades;Actividades infantiles;Principado de Asturias;Asturias;81;280;575,91;7,11;25
2024;3;Espectaculos;Cultura, teatro y danza;Principado de Asturias;Asturias;84;291;677,88;8,07;27
2024;3;Espectaculos;Música;Principado de Asturias;Asturias;26;90;807,82;31,07;15
2024;3;Espectaculos;Música;Principado de Asturias;Asturias;31;107;682;22;16
2024;3;Espectaculos;Música;Principado de Asturias;Asturias;552;1910;7109,76;12,88;313
2024;3;Espectaculos;Música;Principado de Asturias;Asturias;435;1505;5498,4;12,64;240
2024;3;Espectaculos;Música;Castilla y León;Palencia;112;387;1320,48;11,79;64
2024;3;Espectaculos;Cultura, teatro y danza;Castilla y León;Palencia;6;21;72;12;3
2024;3;Actividades;Cursos;Canarias;Las Palmas;5;17;340;68;2
2024;3;Espectaculos;Cultura, teatro y danza;Canarias;Las Palmas;41;142;225,5;5,5;19
2024;3;Actividades;Gastronomía;Canarias;Las Palmas;5;17;340;68;2
2024;3;Espectaculos;Música;Canarias;Las Palmas;255;883;6316,35;24,77;153
2024;3;Espectaculos;Musicales;Canarias;Las Palmas;476;1647;9615,2;20,2;154
2024;3;Espectaculos;Música;Canarias;Las Palmas;22;76;356,4;16,2;11
2024;3;Actividades;Actividades infantiles;Canarias;Las Palmas;476;1647;9615,2;20,2;154
2024;3;Espectaculos;Cultura, teatro y danza;Canarias;Las Palmas;1628;5632;30036,6;18,45;672
2024;3;Espectaculos;Cultura, teatro y danza;Canarias;Las Palmas;2;7;26,4;13,2;1
2024;3;Espectaculos;Conferencias;Canarias;Las Palmas;39;135;624;16;19
2024;3;Espectaculos;Musicales;Canarias;Las Palmas;43;149;365,93;8,51;22
2024;3;Espectaculos;Música;Canarias;Las Palmas;658;5172;8632,96;13,12;435
2024;3;Actividades;Deportes y aventuras;Canarias;Las Palmas;44;152;440;10;19
2024;3;Actividades;Actividades infantiles;Canarias;Las Palmas;39;135;468;12;17
2024;3;Espectaculos;Cultura, teatro y danza;Canarias;Las Palmas;681;2356;7811,07;11,47;337
2024;3;Actividades;Gastronomía;Canarias;Las Palmas;31;107;310;10;7
2024;3;Espectaculos;Música;Canarias;Las Palmas;471;6828;38998,8;82,8;363
2024;3;Espectaculos;Cultura, teatro y danza;Canarias;Las Palmas;349;1402;3175,9;9,1;164
2024;3;Espectaculos;Música;Canarias;Las Palmas;138;477;2455,02;17,79;77
2024;3;Espectaculos;Música;Canarias;Las Palmas;36;125;216;6;18
2024;3;Espectaculos;Música;Canarias;Las Palmas;28;111;313,6;11,2;15
2024;3;Actividades;Actividades infantiles;Canarias;Las Palmas;208;720;1913,6;9,2;55
2024;3;Espectaculos;Cultura, teatro y danza;Canarias;Las Palmas;1373;4418;19702,55;14,35;500
2024;3;Espectaculos;Música;Canarias;Las Palmas;324;1121;3110,4;9,6;149
2024;3;Actividades;Actividades infantiles;Canarias;Las Palmas;118;408;731,6;6,2;41
2024;3;Espectaculos;Cultura, teatro y danza;Canarias;Las Palmas;408;1412;3060;7,5;161
2024;3;Espectaculos;Música;Canarias;Las Palmas;455;1574;2548;5,6;162
2024;3;Actividades;Deportes y aventuras;Canarias;Las Palmas;9;31;57,96;6,44;5
2024;3;Actividades;Actividades infantiles;Canarias;Las Palmas;7;24;28,77;4,11;2
2024;3;Espectaculos;Cultura, teatro y danza;Canarias;Las Palmas;14;48;79,24;5,66;5
2024;3;Espectaculos;Música;Galicia;Pontevedra;53;183;637,06;12,02;29
2024;3;Espectaculos;Música;Galicia;Pontevedra;1;3;10,32;10,32;1
2024;3;Espectaculos;Música;Galicia;Pontevedra;1744;6034;43687,2;25,05;772
2024;3;Espectaculos;Música;Galicia;Pontevedra;111;384;1093,35;9,85;61
2024;3;Espectaculos;Música;Galicia;Pontevedra;150;519;1507,5;10,05;69
2024;3;Espectaculos;Música;Galicia;Pontevedra;1137;3934;13609,89;11,97;683
2024;3;Espectaculos;Cultura, teatro y danza;Galicia;Pontevedra;246;851;1726,92;7,02;125
2024;3;Espectaculos;Música;Galicia;Pontevedra;12;42;86,64;7,22;5
2024;3;Espectaculos;Conferencias;Castilla y León;Salamanca;45;156;564,3;12,54;25
2024;3;Espectaculos;Musicales;Castilla y León;Salamanca;191;661;4154,25;21,75;66
2024;3;Espectaculos;Ferias;Castilla y León;Salamanca;45;156;564,3;12,54;25
2024;3;Espectaculos;Música;Castilla y León;Salamanca;377;1304;4610,71;12,23;202
2024;3;Actividades;Actividades infantiles;Castilla y León;Salamanca;94;325;1836,76;19,54;27
2024;3;Espectaculos;Cultura, teatro y danza;Castilla y León;Salamanca;261;903;3494,79;13,39;100
2024;3;Actividades;Gastronomía;Castilla y León;Salamanca;94;325;1405,3;14,95;61
2024;3;Espectaculos;Cultura, teatro y danza;Castilla y León;Salamanca;21;73;63;3;8
2024;3;Espectaculos;Cultura, teatro y danza;Castilla y León;Salamanca;348;1204;1002,24;2,88;78
2024;3;Espectaculos;Museo y exposiciones;Castilla y León;Salamanca;348;1204;1002,24;2,88;78
2024;3;Espectaculos;Música;Canarias;Santa Cruz de Tenerife;254;879;6428,74;25,31;150
2024;3;Espectaculos;Musicales;Canarias;Santa Cruz de Tenerife;23;80;70,15;3,05;9
2024;3;Espectaculos;Música;Canarias;Santa Cruz de Tenerife;217;726;655,34;3,02;103
2024;3;Actividades;Actividades infantiles;Canarias;Santa Cruz de Tenerife;74;563;223,48;3,02;29
2024;3;Espectaculos;Cultura, teatro y danza;Canarias;Santa Cruz de Tenerife;151;522;493,77;3,27;65
2024;3;Espectaculos;Música;Canarias;Santa Cruz de Tenerife;446;1543;7301,02;16,37;266
2024;3;Actividades;Deportes y aventuras;Canarias;Santa Cruz de Tenerife;43;149;301;7;27
2024;3;Espectaculos;Cultura, teatro y danza;Canarias;Santa Cruz de Tenerife;249;861;3075,15;12,35;141
2024;3;Espectaculos;Música;Canarias;Santa Cruz de Tenerife;150;519;3358,5;22,39;67
2024;3;Espectaculos;Cultura, teatro y danza;Canarias;Santa Cruz de Tenerife;239;827;5874,62;24,58;108
2024;3;Actividades;Cursos;Canarias;Santa Cruz de Tenerife;2;7;47,96;23,98;2
2024;3;Espectaculos;Música;Canarias;Santa Cruz de Tenerife;307;1062;3036,23;9,89;186
2024;3;Espectaculos;Cultura, teatro y danza;Canarias;Santa Cruz de Tenerife;148;512;1401,56;9,47;80
2024;3;Espectaculos;Música;Canarias;Santa Cruz de Tenerife;293;1014;4661,63;15,91;151
2024;3;Espectaculos;Cultura, teatro y danza;Canarias;Santa Cruz de Tenerife;447;1420;5904,87;13,21;198
2024;3;Espectaculos;Música;Canarias;Santa Cruz de Tenerife;48;166;392,64;8,18;24
2024;3;Espectaculos;Música;Cantabria;Cantabria;446;1543;5860,44;13,14;207
2024;3;Actividades;Actividades infantiles;Cantabria;Cantabria;24;83;276;11,5;11
2024;3;Espectaculos;Cultura, teatro y danza;Cantabria;Cantabria;303;1048;4226,85;13,95;141
2024;3;Espectaculos;Música;Cantabria;Cantabria;15;52;76,65;5,11;4
2024;3;Espectaculos;Música;Cantabria;Cantabria;87;301;729,06;8,38;41
2024;3;Actividades;Actividades infantiles;Cantabria;Cantabria;87;301;729,06;8,38;41
2024;3;Espectaculos;Música;Castilla y León;Segovia;241;834;2407,59;9,99;109
2024;3;Espectaculos;Música;Andalucía;Sevilla;20;69;267;13,35;12
2024;3;Actividades;Deportes y aventuras;Andalucía;Sevilla;56;194;295,68;5,28;28
2024;3;Espectaculos;Música;Andalucía;Sevilla;42;146;328,44;7,82;27
2024;3;Espectaculos;Música;Andalucía;Sevilla;33;114;993,3;30,1;24
2024;3;Espectaculos;Cultura, teatro y danza;Andalucía;Sevilla;2;7;26;13;1
2024;3;Espectaculos;Museo y exposiciones;Andalucía;Sevilla;2;7;26;13;1
2024;3;Actividades;Cursos;Andalucía;Sevilla;36;157;2457,72;68,27;35
2024;3;Espectaculos;Música;Andalucía;Sevilla;3024;10462;35773,92;11,83;1707
2024;3;Actividades;Actividades infantiles;Andalucía;Sevilla;4;14;102,68;25,67;2
2024;3;Espectaculos;Cultura, teatro y danza;Andalucía;Sevilla;1530;7039;76056,3;49,71;709
2024;3;Espectaculos;Museo y exposiciones;Andalucía;Sevilla;49;1186;637;13;19
2024;3;Actividades;Gastronomía;Andalucía;Sevilla;18;62;204,84;11,38;8
2024;3;Espectaculos;Música;Andalucía;Sevilla;52;180;1497,6;28,8;27
2024;3;Actividades;Actividades infantiles;Andalucía;Sevilla;52;180;1497,6;28,8;27
2024;3;Espectaculos;Cultura, teatro y danza;Andalucía;Sevilla;24;83;120;5;13
2024;3;Actividades;Gastronomía;Andalucía;Sevilla;52;180;1497,6;28,8;27
2024;3;Espectaculos;Cultura, teatro y danza;Andalucía;Sevilla;22;76;137,06;6,23;8
2024;3;Espectaculos;Museo y exposiciones;Andalucía;Sevilla;22;76;137,06;6,23;8
2024;3;Espectaculos;Música;Castilla y León;Soria;82;284;951,2;11,6;37
2024;3;Espectaculos;Música;Castilla y León;Soria;369;1277;5878,17;15,93;269
2024;3;Espectaculos;Música;Cataluña;Tarragona;75;259;648;8,64;36
2024;3;Actividades;Actividades infantiles;Cataluña;Tarragona;18;62;371,34;20,63;9
2024;3;Espectaculos;Cultura, teatro y danza;Cataluña;Tarragona;24;83;459,6;19,15;12
2024;3;Actividades;Gastronomía;Cataluña;Tarragona;18;62;371,34;20,63;9
2024;3;Espectaculos;Conferencias;Cataluña;Tarragona;46;159;1845,98;40,13;17
2024;3;Espectaculos;Música;Cataluña;Tarragona;145;502;1102;7,6;100
2024;3;Espectaculos;Música;Cataluña;Tarragona;72;277;880,56;12,23;31
2024;3;Actividades;Actividades infantiles;Cataluña;Tarragona;46;159;608,12;13,22;10
2024;3;Espectaculos;Cultura, teatro y danza;Cataluña;Tarragona;46;159;608,12;13,22;10
2024;3;Espectaculos;Museo y exposiciones;Cataluña;Tarragona;46;159;608,12;13,22;10
2024;3;Espectaculos;Música;Cataluña;Tarragona;20;69;192;9,6;10
2024;3;Espectaculos;Música;Cataluña;Tarragona;9;31;90;10;4
2024;3;Espectaculos;Cultura, teatro y danza;Cataluña;Tarragona;144;498;740,16;5,14;47
2024;3;Espectaculos;Música;Cataluña;Tarragona;22;76;341;15,5;18
2024;3;Actividades;Cursos;Cataluña;Tarragona;3;10;301,5;100,5;3
2024;3;Espectaculos;Música;Cataluña;Tarragona;801;2771;29300,58;36,58;409
2024;3;Espectaculos;Conferencias;Cataluña;Tarragona;1;3;20;20;1
2024;3;Espectaculos;Ferias;Cataluña;Tarragona;1;3;20;20;1
2024;3;Espectaculos;Música;Cataluña;Tarragona;159;550;2311,86;14,54;61
2024;3;Espectaculos;Música;Cataluña;Tarragona;19;66;563,16;29,64;15
2024;3;Actividades;Cursos;Cataluña;Tarragona;15;55;370,5;24,7;8
2024;3;Espectaculos;Musicales;Cataluña;Tarragona;234;810;4633,2;19,8;74
2024;3;Espectaculos;Música;Cataluña;Tarragona;230;796;3525,9;15,33;112
2024;3;Actividades;Actividades infantiles;Cataluña;Tarragona;202;699;3555,2;17,6;61
2024;3;Espectaculos;Cultura, teatro y danza;Cataluña;Tarragona;289;1000;4043,11;13,99;99
2024;3;Actividades;Gastronomía;Cataluña;Tarragona;15;52;370,5;24,7;8
2024;3;Espectaculos;Música;Cataluña;Tarragona;172;595;1790,52;10,41;77
2024;3;Actividades;Actividades infantiles;Cataluña;Tarragona;13;45;127,01;9,77;7
2024;3;Espectaculos;Música;Cataluña;Tarragona;90;311;1095,3;12,17;40
2024;3;Espectaculos;Música;Aragón;Teruel;466;1612;10708,68;22,98;341
2024;3;Actividades;Actividades infantiles;Aragón;Teruel;53;183;212;4;12
2024;3;Espectaculos;Cultura, teatro y danza;Aragón;Teruel;53;183;212;4;12
2024;3;Espectaculos;Música;Aragón;Teruel;36;125;433,44;12,04;26
2024;3;Espectaculos;Música;Aragón;Teruel;100;346;1009;10,09;37
2024;3;Espectaculos;Cultura, teatro y danza;Castilla - La Mancha;Toledo;18;62;144;8;8
2024;3;Espectaculos;Música;Castilla - La Mancha;Toledo;37;128;2590;70;32
2024;3;Espectaculos;Música;Castilla - La Mancha;Toledo;17;59;510;30;5
2024;3;Actividades;Actividades infantiles;Castilla - La Mancha;Toledo;17;59;510;30;5
2024;3;Espectaculos;Música;Castilla - La Mancha;Toledo;14;48;175,28;12,52;6
2024;3;Espectaculos;Cultura, teatro y danza;Castilla - La Mancha;Toledo;67;232;446,89;6,67;27
2024;3;Espectaculos;Música;Castilla - La Mancha;Toledo;68;235;864,28;12,71;32
2024;3;Espectaculos;Cultura, teatro y danza;Castilla - La Mancha;Toledo;1660;5743;12450;7,5;369
2024;3;Espectaculos;Música;Castilla - La Mancha;Toledo;38;131;519,46;13,67;14
2024;3;Actividades;Actividades infantiles;Castilla - La Mancha;Toledo;153;529;1032,75;6,75;35
2024;3;Espectaculos;Cultura, teatro y danza;Castilla - La Mancha;Toledo;153;529;1032,75;6,75;35
2024;3;Espectaculos;Museo y exposiciones;Castilla - La Mancha;Toledo;153;529;1032,75;6,75;35
2024;3;Espectaculos;Cultura, teatro y danza;Comunitat Valenciana;Valencia/València;141;488;1070,19;7,59;95
2024;3;Espectaculos;Musicales;Comunitat Valenciana;Valencia/València;680;2353;8914,8;13,11;253
2024;3;Espectaculos;Música;Comunitat Valenciana;Valencia/València;588;1939;12171,6;20,7;227
2024;3;Actividades;Actividades infantiles;Comunitat Valenciana;Valencia/València;840;2906;6770,4;8,06;310
2024;3;Espectaculos;Cultura, teatro y danza;Comunitat Valenciana;Valencia/València;746;2604;5669,6;7,6;273
2024;3;Espectaculos;Música;Comunitat Valenciana;Valencia/València;17;59;191,08;11,24;10
2024;3;Espectaculos;Música;Comunitat Valenciana;Valencia/València;5;17;250;50;4
2024;3;Espectaculos;Música;Comunitat Valenciana;Valencia/València;221;765;5290,74;23,94;151
2024;3;Espectaculos;Cultura, teatro y danza;Comunitat Valenciana;Valencia/València;10;35;125,6;12,56;3
2024;3;Espectaculos;Museo y exposiciones;Comunitat Valenciana;Valencia/València;10;35;125,6;12,56;3
2024;3;Espectaculos;Música;Comunitat Valenciana;Valencia/València;10;35;123,7;12,37;5
2024;3;Espectaculos;Música;Comunitat Valenciana;Valencia/València;803;2778;12438,47;15,49;409
2024;3;Espectaculos;Música;Comunitat Valenciana;Valencia/València;3;10;31,08;10,36;1
2024;3;Espectaculos;Música;Comunitat Valenciana;Valencia/València;599;2072;5145,41;8,59;396
2024;3;Espectaculos;Música;Comunitat Valenciana;Valencia/València;96;332;3153,6;32,85;47
2024;3;Espectaculos;Conferencias;Comunitat Valenciana;Valencia/València;91;315;892,71;9,81;91
2024;3;Espectaculos;Música;Comunitat Valenciana;Valencia/València;8;28;109,92;13,74;3
2024;3;Espectaculos;Música;Comunitat Valenciana;Valencia/València;18;69;850,68;47,26;10
2024;3;Espectaculos;Música;Comunitat Valenciana;Valencia/València;4;14;31,36;7,84;1
2024;3;Espectaculos;Conferencias;Comunitat Valenciana;Valencia/València;193;686;1393,46;7,22;49
2024;3;Actividades;Cursos;Comunitat Valenciana;Valencia/València;19;66;6840;360;17
2024;3;Espectaculos;Musicales;Comunitat Valenciana;Valencia/València;1812;6269;14260,44;7,87;542
2024;3;Espectaculos;Música;Comunitat Valenciana;Valencia/València;2069;6517;28779,79;13,91;1248
2024;3;Actividades;Deportes y aventuras;Comunitat Valenciana;Valencia/València;9;31;90;10;5
2024;3;Actividades;Actividades infantiles;Comunitat Valenciana;Valencia/València;3248;11237;30401,28;9,36;991
2024;3;Espectaculos;Cultura, teatro y danza;Comunitat Valenciana;Valencia/València;3875;13406;44911,25;11,59;1295
2024;3;Espectaculos;Cultura, teatro y danza;Castilla y León;Valladolid;72;249;333,36;4,63;21
2024;3;Espectaculos;Música;Castilla y León;Valladolid;5;17;52,5;10,5;1
2024;3;Espectaculos;Música;Castilla y León;Valladolid;15;52;182,4;12,16;7
2024;3;Espectaculos;Cultura, teatro y danza;Castilla y León;Valladolid;8;28;129,84;16,23;3
2024;3;Espectaculos;Cultura, teatro y danza;Castilla y León;Valladolid;27;93;135,81;5,03;9
2024;3;Espectaculos;Musicales;Castilla y León;Valladolid;44;152;195,8;4,45;13
2024;3;Actividades;Actividades infantiles;Castilla y León;Valladolid;34;118;124,1;3,65;10
2024;3;Espectaculos;Cultura, teatro y danza;Castilla y León;Valladolid;44;152;195,8;4,45;13
2024;3;Espectaculos;Música;Castilla y León;Valladolid;93;322;558,93;6,01;36
2024;3;Espectaculos;Cultura, teatro y danza;Castilla y León;Valladolid;97;336;389,94;4,02;39
2024;3;Espectaculos;Música;Castilla y León;Valladolid;97;336;2644,22;27,26;64
2024;3;Espectaculos;Música;Castilla y León;Valladolid;23;80;260,82;11,34;19
2024;3;Espectaculos;Conferencias;Castilla y León;Valladolid;5;17;26,25;5,25;4
2024;3;Espectaculos;Musicales;Castilla y León;Valladolid;81;280;1336,5;16,5;24
2024;3;Espectaculos;Ferias;Castilla y León;Valladolid;5;17;26,25;5,25;4
2024;3;Espectaculos;Música;Castilla y León;Valladolid;4606;15935;60799,2;13,2;2496
2024;3;Actividades;Actividades infantiles;Castilla y León;Valladolid;81;280;1336,5;16,5;24
2024;3;Espectaculos;Cultura, teatro y danza;Castilla y León;Valladolid;287;990;2947,49;10,27;117
2024;3;Espectaculos;Música;Castilla y León;Valladolid;47;163;697,95;14,85;24
2024;3;Actividades;Actividades infantiles;Castilla y León;Valladolid;47;163;697,95;14,85;24
2024;3;Espectaculos;Música;País Vasco;Bizkaia;37;128;449,55;12,15;24
2024;3;Actividades;Deportes y aventuras;País Vasco;Bizkaia;837;2896;11584,08;13,84;350
2024;3;Espectaculos;Cultura, teatro y danza;País Vasco;Bizkaia;381;1318;3364,23;8,83;124
2024;3;Espectaculos;Conferencias;País Vasco;Bizkaia;42;145;939,96;22,38;36
2024;3;Actividades;Cursos;País Vasco;Bizkaia;21;73;315;15;19
2024;3;Espectaculos;Música;País Vasco;Bizkaia;2225;7696;33063,5;14,86;1150
2024;3;Actividades;Actividades infantiles;País Vasco;Bizkaia;3;10;36;12;2
2024;3;Espectaculos;Cultura, teatro y danza;País Vasco;Bizkaia;191;661;2253,8;11,8;102
2024;3;Actividades;Actividades infantiles;País Vasco;Bizkaia;1905;6590;16992,6;8,92;494
2024;3;Espectaculos;Cultura, teatro y danza;País Vasco;Bizkaia;1905;6590;16992,6;8,92;494
2024;3;Espectaculos;Museo y exposiciones;País Vasco;Bizkaia;1905;6590;16992,6;8,92;494
2024;3;Actividades;Cursos;País Vasco;Bizkaia;39;135;2719,47;69,73;29
2024;3;Espectaculos;Música;País Vasco;Bizkaia;40;138;655,6;16,39;24
2024;3;Espectaculos;Cultura, teatro y danza;País Vasco;Bizkaia;62;214;627,44;10,12;34
2024;3;Espectaculos;Música;País Vasco;Bizkaia;133;460;1533,49;11,53;63
2024;3;Espectaculos;Música;País Vasco;Bizkaia;98;339;964,32;9,84;26
2024;3;Actividades;Deportes y aventuras;País Vasco;Bizkaia;9;31;63;7;6
2024;3;Actividades;Actividades infantiles;País Vasco;Bizkaia;9;31;63;7;6
2024;3;Actividades;Cursos;País Vasco;Bizkaia;3;10;103,11;34,37;1
2024;3;Espectaculos;Música;País Vasco;Bizkaia;53;183;816,73;15,41;32
2024;3;Actividades;Cursos;País Vasco;Bizkaia;4;14;187,32;46,83;4
2024;3;Actividades;Deportes y aventuras;País Vasco;Bizkaia;11;38;110;10;7
2024;3;Actividades;Actividades infantiles;País Vasco;Bizkaia;34;118;4337,04;127,56;25
2024;3;Espectaculos;Música;País Vasco;Bizkaia;4;14;49,6;12,4;3
2024;3;Espectaculos;Música;Castilla y León;Zamora;648;2242;11288,16;17,42;302
2024;3;Actividades;Actividades infantiles;Castilla y León;Zamora;185;640;5250,3;28,38;103
2024;3;Espectaculos;Cultura, teatro y danza;Castilla y León;Zamora;14;48;659,96;47,14;11
2024;3;Espectaculos;Cine;Aragón;Zaragoza;49;170;283,71;5,79;20
2024;3;Actividades;Actividades infantiles;Aragón;Zaragoza;33;114;115,5;3,5;8
2024;3;Espectaculos;Cultura, teatro y danza;Aragón;Zaragoza;222;768;1538,46;6,93;82
2024;3;Actividades;Deportes y aventuras;Aragón;Zaragoza;1;3;10,79;10,79;1
2024;3;Espectaculos;Cultura, teatro y danza;Aragón;Zaragoza;37;128;444;12;16
2024;3;Espectaculos;Conferencias;Aragón;Zaragoza;32;402;260,16;8,13;26
2024;3;Espectaculos;Musicales;Aragón;Zaragoza;10;35;83,6;8,36;7
2024;3;Espectaculos;Ferias;Aragón;Zaragoza;32;410;260,16;8,13;26
2024;3;Espectaculos;Música;Aragón;Zaragoza;5086;17366;70441,1;13,85;2804
2024;3;Actividades;Deportes y aventuras;Aragón;Zaragoza;505;1747;7231,6;14,32;336
2024;3;Actividades;Actividades infantiles;Aragón;Zaragoza;769;2660;4498,65;5,85;229
2024;3;Espectaculos;Cultura, teatro y danza;Aragón;Zaragoza;1030;3391;17252,5;16,75;369
2024;3;Espectaculos;Museo y exposiciones;Aragón;Zaragoza;209;723;735,68;3,52;61
2024;3;Espectaculos;Música;Ceuta;Ceuta;37;128;228,29;6,17;19
2024;3;Espectaculos;Conferencias;Total Nacional;Total Nacional;1421;11168;30443,3619;21,4239;920
2024;3;Actividades;Cursos;Total Nacional;Total Nacional;1374;4834;107793,8724;78,4526;958
2024;3;Espectaculos;Cine;Total Nacional;Total Nacional;3233;11256;24550,1088;7,5936;1635
2024;3;Espectaculos;Musicales;Total Nacional;Total Nacional;9167;32235;115689,3734;12,6202;3239
2024;3;Espectaculos;Ferias;Total Nacional;Total Nacional;321;1409;4562,052;14,212;200
2024;3;Espectaculos;Música;Total Nacional;Total Nacional;155880;550138;2417745,564;15,5103;89556
2024;3;Actividades;Deportes y aventuras;Total Nacional;Total Nacional;5013;20306;85344,3198;17,0246;2582
2024;3;Actividades;Actividades infantiles;Total Nacional;Total Nacional;21758;75742;299929,6784;13,7848;8481
2024;3;Espectaculos;Cultura, teatro y danza;Total Nacional;Total Nacional;50565;178185;653451,495;12,923;20636
2024;3;Espectaculos;Museo y exposiciones;Total Nacional;Total Nacional;2841;10845;29327,9271;10,3231;750
2024;3;Actividades;Gastronomía;Total Nacional;Total Nacional;1614;5582;39644,0364;24,5626;783
2024;4;Actividades;Deportes y aventuras;País Vasco;Araba/Álava;5;10;49,05;9,81;5
2024;4;Espectaculos;Cultura, teatro y danza;País Vasco;Araba/Álava;7;15;34,3;4,9;4
2024;4;Espectaculos;Música;País Vasco;Araba/Álava;244;644;3777,12;15,48;138
2024;4;Actividades;Actividades infantiles;País Vasco;Araba/Álava;8;17;97,92;12,24;4
2024;4;Espectaculos;Cultura, teatro y danza;País Vasco;Araba/Álava;336;697;2587,2;7,7;114
2024;4;Espectaculos;Museo y exposiciones;País Vasco;Araba/Álava;2;4;49,08;24,54;1
2024;4;Espectaculos;Música;País Vasco;Araba/Álava;6;12;18;3;6
2024;4;Actividades;Actividades infantiles;País Vasco;Araba/Álava;38;79;114;3;26
2024;4;Actividades;Gastronomía;País Vasco;Araba/Álava;6;12;18;3;6
2024;4;Espectaculos;Musicales;Castilla - La Mancha;Albacete;33;68;580,8;17,6;9
2024;4;Espectaculos;Música;Castilla - La Mancha;Albacete;457;853;4702,53;10,29;230
2024;4;Actividades;Actividades infantiles;Castilla - La Mancha;Albacete;33;68;580,8;17,6;9
2024;4;Espectaculos;Cultura, teatro y danza;Castilla - La Mancha;Albacete;985;2044;10135,65;10,29;276
2024;4;Actividades;Gastronomía;Castilla - La Mancha;Albacete;2;4;18,9;9,45;1
2024;4;Actividades;Actividades infantiles;Castilla - La Mancha;Albacete;4;8;40,04;10,01;1
2024;4;Espectaculos;Cultura, teatro y danza;Castilla - La Mancha;Albacete;4;8;40,04;10,01;1
2024;4;Espectaculos;Museo y exposiciones;Castilla - La Mancha;Albacete;4;8;40,04;10,01;1
2024;4;Espectaculos;Música;Castilla - La Mancha;Albacete;117;243;586,17;5,01;49
2024;4;Espectaculos;Cine;Castilla - La Mancha;Albacete;67;139;196,98;2,94;19
2024;4;Espectaculos;Música;Castilla - La Mancha;Albacete;8;17;81,2;10,15;8
2024;4;Actividades;Gastronomía;Castilla - La Mancha;Albacete;2;4;20;10;2
2024;4;Espectaculos;Música;Castilla - La Mancha;Albacete;42;87;2035,32;48,46;15
2024;4;Espectaculos;Cultura, teatro y danza;Comunitat Valenciana;Alicante/Alacant;19;39;380;20;7
2024;4;Actividades;Cursos;Comunitat Valenciana;Alicante/Alacant;34;71;170;5;15
2024;4;Actividades;Cursos;Comunitat Valenciana;Alicante/Alacant;23;48;184,69;8,03;15
2024;4;Espectaculos;Musicales;Comunitat Valenciana;Alicante/Alacant;27;56;427,41;15,83;8
2024;4;Espectaculos;Música;Comunitat Valenciana;Alicante/Alacant;2315;5110;36484,4;15,76;1631
2024;4;Actividades;Deportes y aventuras;Comunitat Valenciana;Alicante/Alacant;20;87;333,4;16,67;18
2024;4;Actividades;Actividades infantiles;Comunitat Valenciana;Alicante/Alacant;23;48;184,69;8,03;15
2024;4;Espectaculos;Cultura, teatro y danza;Comunitat Valenciana;Alicante/Alacant;824;1710;17023,84;20,66;360
2024;4;Actividades;Gastronomía;Comunitat Valenciana;Alicante/Alacant;172;357;1661,52;9,66;86
2024;4;Espectaculos;Música;Comunitat Valenciana;Alicante/Alacant;28;58;401,24;14,33;17
2024;4;Espectaculos;Música;Comunitat Valenciana;Alicante/Alacant;12;25;324;27;6
2024;4;Espectaculos;Música;Comunitat Valenciana;Alicante/Alacant;277;575;7160,45;25,85;104
2024;4;Espectaculos;Música;Comunitat Valenciana;Alicante/Alacant;10;21;50;5;3
2024;4;Espectaculos;Música;Comunitat Valenciana;Alicante/Alacant;52;108;700,96;13,48;32
2024;4;Espectaculos;Música;Comunitat Valenciana;Alicante/Alacant;43;89;430,43;10,01;23
2024;4;Espectaculos;Cine;Comunitat Valenciana;Alicante/Alacant;39;81;195;5;14
2024;4;Espectaculos;Música;Comunitat Valenciana;Alicante/Alacant;1011;2098;15528,96;15,36;612
2024;4;Actividades;Actividades infantiles;Comunitat Valenciana;Alicante/Alacant;159;330;1113;7;59
2024;4;Espectaculos;Cultura, teatro y danza;Comunitat Valenciana;Alicante/Alacant;348;722;2971,92;8,54;154
2024;4;Espectaculos;Música;Comunitat Valenciana;Alicante/Alacant;22;46;338,36;15,38;12
2024;4;Espectaculos;Música;Comunitat Valenciana;Alicante/Alacant;13;27;176,67;13,59;6
2024;4;Espectaculos;Cine;Comunitat Valenciana;Alicante/Alacant;82;170;1107,82;13,51;33
2024;4;Espectaculos;Música;Comunitat Valenciana;Alicante/Alacant;23;48;398,82;17,34;13
2024;4;Espectaculos;Música;Comunitat Valenciana;Alicante/Alacant;1;2;25;25;1
2024;4;Espectaculos;Música;Comunitat Valenciana;Alicante/Alacant;7;14;76,23;10,89;3
2024;4;Espectaculos;Música;Comunitat Valenciana;Alicante/Alacant;293;608;6569,06;22,42;133
2024;4;Espectaculos;Cultura, teatro y danza;Comunitat Valenciana;Alicante/Alacant;109;226;7650,71;70,19;37
2024;4;Actividades;Gastronomía;Comunitat Valenciana;Alicante/Alacant;205;425;7556,3;36,86;87
2024;4;Espectaculos;Música;Comunitat Valenciana;Alicante/Alacant;83;172;1572,85;18,95;45
2024;4;Espectaculos;Cine;Comunitat Valenciana;Alicante/Alacant;291;604;3934,32;13,52;132
2024;4;Espectaculos;Música;Comunitat Valenciana;Alicante/Alacant;50;104;1380,5;27,61;30
2024;4;Espectaculos;Cultura, teatro y danza;Comunitat Valenciana;Alicante/Alacant;7;15;133,98;19,14;4
2024;4;Espectaculos;Cultura, teatro y danza;Comunitat Valenciana;Alicante/Alacant;1;2;39;39;1
2024;4;Espectaculos;Música;Andalucía;Almería;14;29;392,42;28,03;5
2024;4;Espectaculos;Música;Andalucía;Almería;78;162;1151,28;14,76;45
2024;4;Espectaculos;Musicales;Andalucía;Almería;42;87;589,68;14,04;12
2024;4;Espectaculos;Música;Andalucía;Almería;3288;6822;66450,48;20,21;2900
2024;4;Espectaculos;Cultura, teatro y danza;Andalucía;Almería;224;465;2802,24;12,51;86
2024;4;Espectaculos;Música;Andalucía;Almería;13;27;118,17;9,09;8
2024;4;Actividades;Actividades infantiles;Andalucía;Almería;12;25;192;16;5
2024;4;Espectaculos;Cultura, teatro y danza;Andalucía;Almería;12;25;192;16;5
2024;4;Espectaculos;Música;Andalucía;Almería;2;4;176;88;1
2024;4;Espectaculos;Cultura, teatro y danza;Andalucía;Almería;178;369;3319,7;18,65;61
2024;4;Espectaculos;Música;Andalucía;Almería;179;371;4308,53;24,07;77
2024;4;Espectaculos;Música;Andalucía;Almería;76;158;775,96;10,21;39
2024;4;Espectaculos;Música;Castilla y León;Ávila;82;170;841,32;10,26;37
2024;4;Espectaculos;Música;Extremadura;Badajoz;18;37;145,62;8,09;8
2024;4;Espectaculos;Música;Extremadura;Badajoz;4;8;37,2;9,3;2
2024;4;Espectaculos;Música;Extremadura;Badajoz;290;568;3630,8;12,52;142
2024;4;Actividades;Deportes y aventuras;Extremadura;Badajoz;4;8;78,48;19,62;4
2024;4;Espectaculos;Musicales;Extremadura;Badajoz;160;332;3140,8;19,63;48
2024;4;Espectaculos;Cultura, teatro y danza;Extremadura;Badajoz;160;332;3140,8;19,63;48
2024;4;Espectaculos;Cultura, teatro y danza;Extremadura;Badajoz;41;85;123;3;13
2024;4;Espectaculos;Música;Extremadura;Badajoz;49;102;457,17;9,33;22
2024;4;Espectaculos;Cultura, teatro y danza;Extremadura;Badajoz;11;23;33;3;4
2024;4;Actividades;Deportes y aventuras;Extremadura;Badajoz;38;79;399;10,5;37
2024;4;Espectaculos;Música;Extremadura;Badajoz;16;33;324,96;20,31;9
2024;4;Espectaculos;Música;Illes Balears;Illes Balears;46;96;713,46;15,51;23
2024;4;Espectaculos;Música;Illes Balears;Illes Balears;37;77;345,95;9,35;18
2024;4;Espectaculos;Cultura, teatro y danza;Illes Balears;Illes Balears;23;48;113,16;4,92;14
2024;4;Espectaculos;Música;Illes Balears;Illes Balears;173;342;3619,16;20,92;121
2024;4;Espectaculos;Conferencias;Illes Balears;Illes Balears;125;259;647,5;5,18;60
2024;4;Actividades;Cursos;Illes Balears;Illes Balears;6;12;42,18;7,03;6
2024;4;Espectaculos;Musicales;Illes Balears;Illes Balears;34;71;241,06;7,09;12
2024;4;Espectaculos;Música;Illes Balears;Illes Balears;88;183;939,84;10,68;52
2024;4;Espectaculos;Cultura, teatro y danza;Illes Balears;Illes Balears;66;137;652,08;9,88;23
2024;4;Espectaculos;Música;Illes Balears;Illes Balears;14;29;143,64;10,26;5
2024;4;Actividades;Cursos;Illes Balears;Illes Balears;2;4;62,18;31,09;1
2024;4;Espectaculos;Música;Illes Balears;Illes Balears;38;79;524,78;13,81;18
2024;4;Actividades;Deportes y aventuras;Illes Balears;Illes Balears;3;6;22,8;7,6;3
2024;4;Espectaculos;Cultura, teatro y danza;Illes Balears;Illes Balears;46;95;1210,72;26,32;22
2024;4;Actividades;Cursos;Illes Balears;Illes Balears;246;510;17220;70;92
2024;4;Espectaculos;Música;Illes Balears;Illes Balears;3793;7869;73280,76;19,32;2289
2024;4;Actividades;Deportes y aventuras;Illes Balears;Illes Balears;39;81;787,41;20,19;10
2024;4;Actividades;Actividades infantiles;Illes Balears;Illes Balears;441;915;5856,48;13,28;215
2024;4;Actividades;Gastronomía;Illes Balears;Illes Balears;246;510;17220;70;92
2024;4;Actividades;Cursos;Illes Balears;Illes Balears;71;147;4899;69;28
2024;4;Espectaculos;Música;Illes Balears;Illes Balears;30;62;318,9;10,63;17
2024;4;Actividades;Gastronomía;Illes Balears;Illes Balears;71;147;4899;69;28
2024;4;Espectaculos;Música;Illes Balears;Illes Balears;333;658;4608,72;13,84;175
2024;4;Espectaculos;Música;Illes Balears;Illes Balears;225;467;3143,25;13,97;116
2024;4;Actividades;Actividades infantiles;Illes Balears;Illes Balears;12;25;152,88;12,74;6
2024;4;Espectaculos;Música;Illes Balears;Illes Balears;1023;2122;8736,42;8,54;500
2024;4;Espectaculos;Música;Illes Balears;Illes Balears;8;17;149,2;18,65;3
2024;4;Espectaculos;Música;Illes Balears;Illes Balears;86;244;914,18;10,63;41
2024;4;Espectaculos;Música;Illes Balears;Illes Balears;101;210;1118,07;11,07;53
2024;4;Espectaculos;Cultura, teatro y danza;Illes Balears;Illes Balears;2;4;26,06;13,03;1
2024;4;Espectaculos;Música;Illes Balears;Illes Balears;147;305;2241,75;15,25;81
2024;4;Actividades;Actividades infantiles;Illes Balears;Illes Balears;19;39;624,91;32,89;14
2024;4;Espectaculos;Música;Illes Balears;Illes Balears;91;189;1850,03;20,33;42
2024;4;Espectaculos;Música;Illes Balears;Illes Balears;5;108;129,55;25,91;3
2024;4;Espectaculos;Música;Illes Balears;Illes Balears;185;384;3600,1;19,46;78
2024;4;Espectaculos;Cultura, teatro y danza;Illes Balears;Illes Balears;35;73;175;5;13
2024;4;Espectaculos;Música;Illes Balears;Illes Balears;16;33;143,36;8,96;6
2024;4;Espectaculos;Cultura, teatro y danza;Illes Balears;Illes Balears;5;14;77,7;15,54;3
2024;4;Espectaculos;Museo y exposiciones;Illes Balears;Illes Balears;5;10;77,7;15,54;3
2024;4;Actividades;Cursos;Illes Balears;Illes Balears;11;23;334,95;30,45;7
2024;4;Espectaculos;Cine;Illes Balears;Illes Balears;64;133;326,4;5,1;30
2024;4;Espectaculos;Música;Illes Balears;Illes Balears;745;1747;7941,7;10,66;442
2024;4;Actividades;Actividades infantiles;Illes Balears;Illes Balears;37;77;300,44;8,12;14
2024;4;Espectaculos;Cultura, teatro y danza;Illes Balears;Illes Balears;31;64;269,08;8,68;11
2024;4;Actividades;Gastronomía;Illes Balears;Illes Balears;9;19;233,19;25,91;5
2024;4;Espectaculos;Música;Illes Balears;Illes Balears;147;305;1655,22;11,26;76
2024;4;Espectaculos;Música;Illes Balears;Illes Balears;81;168;857,79;10,59;45
2024;4;Espectaculos;Música;Illes Balears;Illes Balears;520;1080;7347,6;14,13;372
2024;4;Espectaculos;Conferencias;Illes Balears;Illes Balears;9;27;403,56;44,84;8
2024;4;Actividades;Cursos;Illes Balears;Illes Balears;49;102;1132,88;23,12;34
2024;4;Espectaculos;Música;Illes Balears;Illes Balears;7595;20179;166520,375;21,925;4497
2024;4;Actividades;Deportes y aventuras;Illes Balears;Illes Balears;50;104;1274;25,48;24
2024;4;Actividades;Actividades infantiles;Illes Balears;Illes Balears;76;158;2025,4;26,65;31
2024;4;Espectaculos;Cultura, teatro y danza;Illes Balears;Illes Balears;727;1462;9603,67;13,21;341
2024;4;Espectaculos;Museo y exposiciones;Illes Balears;Illes Balears;5;10;57;11,4;2
2024;4;Actividades;Gastronomía;Illes Balears;Illes Balears;50;104;1205;24,1;28
2024;4;Espectaculos;Música;Illes Balears;Illes Balears;281;562;2981,41;10,61;110
2024;4;Espectaculos;Cultura, teatro y danza;Illes Balears;Illes Balears;1470;3050;8437,8;5,74;396
2024;4;Espectaculos;Música;Illes Balears;Illes Balears;773;1603;24573,67;31,79;339
2024;4;Actividades;Actividades infantiles;Illes Balears;Illes Balears;12;25;24,84;2,07;5
2024;4;Espectaculos;Cultura, teatro y danza;Illes Balears;Illes Balears;12;31;24,84;2,07;5
2024;4;Espectaculos;Música;Illes Balears;Illes Balears;1013;2013;23947,32;23,64;562
2024;4;Actividades;Actividades infantiles;Illes Balears;Illes Balears;14;29;99,54;7,11;10
2024;4;Espectaculos;Cultura, teatro y danza;Illes Balears;Illes Balears;12;25;95,04;7,92;3
2024;4;Espectaculos;Música;Illes Balears;Illes Balears;6;231;93,24;15,54;4
2024;4;Espectaculos;Cultura, teatro y danza;Illes Balears;Illes Balears;8;69;49,76;6,22;2
2024;4;Espectaculos;Cultura, teatro y danza;Illes Balears;Illes Balears;2;4;10,36;5,18;1
2024;4;Espectaculos;Museo y exposiciones;Illes Balears;Illes Balears;2;4;10,36;5,18;1
2024;4;Espectaculos;Música;Illes Balears;Illes Balears;165;342;3214,2;19,48;70
2024;4;Espectaculos;Música;Illes Balears;Illes Balears;46;328;353,74;7,69;19
2024;4;Actividades;Actividades infantiles;Illes Balears;Illes Balears;98;307;588;6;25
2024;4;Espectaculos;Cultura, teatro y danza;Illes Balears;Illes Balears;194;644;2037;10,5;68
2024;4;Espectaculos;Música;Illes Balears;Illes Balears;150;311;1144,5;7,63;64
2024;4;Espectaculos;Cultura, teatro y danza;Illes Balears;Illes Balears;288;598;1944;6,75;105
2024;4;Actividades;Deportes y aventuras;Illes Balears;Illes Balears;6;12;62,16;10,36;3
2024;4;Espectaculos;Música;Illes Balears;Illes Balears;824;1710;10176,4;12,35;442
2024;4;Espectaculos;Música;Illes Balears;Illes Balears;36;151;459,72;12,77;18
2024;4;Espectaculos;Cultura, teatro y danza;Illes Balears;Illes Balears;4;8;96;24;2
2024;4;Espectaculos;Cine;Illes Balears;Illes Balears;8;16;23,84;2,98;2
2024;4;Espectaculos;Música;Illes Balears;Illes Balears;568;1220;5566,4;9,8;257
2024;4;Espectaculos;Cultura, teatro y danza;Illes Balears;Illes Balears;40;83;228;5,7;15
2024;4;Espectaculos;Música;Illes Balears;Illes Balears;89;185;1677,65;18,85;64
2024;4;Espectaculos;Música;Illes Balears;Illes Balears;1;85;20,73;20,73;1
2024;4;Espectaculos;Cultura, teatro y danza;Illes Balears;Illes Balears;29;243;150,22;5,18;8
2024;4;Espectaculos;Música;Illes Balears;Illes Balears;12;25;363,6;30,3;8
2024;4;Espectaculos;Música;Illes Balears;Illes Balears;185;384;5910,75;31,95;85
2024;4;Actividades;Gastronomía;Illes Balears;Illes Balears;39;81;2878,98;73,82;13
2024;4;Espectaculos;Música;Illes Balears;Illes Balears;66;255;1710,72;25,92;32
2024;4;Espectaculos;Música;Cataluña;Barcelona;71;147;745,5;10,5;42
2024;4;Espectaculos;Cultura, teatro y danza;Cataluña;Barcelona;16;33;194,4;12,15;7
2024;4;Espectaculos;Musicales;Cataluña;Barcelona;4;8;40;10;1
2024;4;Espectaculos;Cultura, teatro y danza;Cataluña;Barcelona;4;8;40;10;1
2024;4;Espectaculos;Música;Cataluña;Barcelona;485;1006;8366,25;17,25;346
2024;4;Actividades;Cursos;Cataluña;Barcelona;1066;3007;77786,02;72,97;851
2024;4;Espectaculos;Cine;Cataluña;Barcelona;340;705;2723,4;8,01;217
2024;4;Espectaculos;Musicales;Cataluña;Barcelona;728;1661;10359,44;14,23;320
2024;4;Espectaculos;Música;Cataluña;Barcelona;29269;60725;392497,29;13,41;16664
2024;4;Actividades;Deportes y aventuras;Cataluña;Barcelona;1629;3115;27432,36;16,84;1070
2024;4;Actividades;Actividades infantiles;Cataluña;Barcelona;7663;15899;108891,23;14,21;3738
2024;4;Espectaculos;Cultura, teatro y danza;Cataluña;Barcelona;5386;11253;84398,62;15,67;2703
2024;4;Espectaculos;Museo y exposiciones;Cataluña;Barcelona;46;95;649,06;14,11;20
2024;4;Actividades;Gastronomía;Cataluña;Barcelona;249;517;7084,05;28,45;139
2024;4;Espectaculos;Música;Cataluña;Barcelona;273;566;2085,72;7,64;120
2024;4;Espectaculos;Música;Cataluña;Barcelona;87;181;1049,22;12,06;41
2024;4;Espectaculos;Cultura, teatro y danza;Cataluña;Barcelona;13;27;200,98;15,46;6
2024;4;Espectaculos;Música;Cataluña;Barcelona;17;35;256,87;15,11;6
2024;4;Actividades;Gastronomía;Cataluña;Barcelona;17;35;256,87;15,11;6
2024;4;Espectaculos;Música;Cataluña;Barcelona;257;533;6219,4;24,2;111
2024;4;Actividades;Actividades infantiles;Cataluña;Barcelona;51;106;179,52;3,52;36
2024;4;Espectaculos;Cultura, teatro y danza;Cataluña;Barcelona;13;27;88,01;6,77;4
2024;4;Actividades;Deportes y aventuras;Cataluña;Barcelona;88;183;2221,12;25,24;49
2024;4;Espectaculos;Música;Cataluña;Barcelona;18;37;145,8;8,1;11
2024;4;Actividades;Deportes y aventuras;Cataluña;Barcelona;26;54;127,4;4,9;16
2024;4;Actividades;Actividades infantiles;Cataluña;Barcelona;26;54;127,4;4,9;16
2024;4;Espectaculos;Cultura, teatro y danza;Cataluña;Barcelona;14;29;196;14;6
2024;4;Espectaculos;Música;Cataluña;Barcelona;14;29;838,6;59,9;10
2024;4;Espectaculos;Música;Cataluña;Barcelona;512;1083;7731,2;15,1;198
2024;4;Actividades;Actividades infantiles;Cataluña;Barcelona;4;8;24;6;1
2024;4;Espectaculos;Cultura, teatro y danza;Cataluña;Barcelona;125;325;990;7,92;54
2024;4;Espectaculos;Música;Cataluña;Barcelona;169;351;3119,74;18,46;116
2024;4;Espectaculos;Cultura, teatro y danza;Cataluña;Barcelona;133;276;1911,21;14,37;69
2024;4;Espectaculos;Música;Cataluña;Barcelona;156;324;1240,2;7,95;116
2024;4;Espectaculos;Música;Cataluña;Barcelona;91;189;1256,71;13,81;36
2024;4;Espectaculos;Cultura, teatro y danza;Cataluña;Barcelona;22;46;282,04;12,82;11
2024;4;Espectaculos;Música;Cataluña;Barcelona;212;440;2705,12;12,76;97
2024;4;Actividades;Cursos;Cataluña;Barcelona;174;361;1278,9;7,35;136
2024;4;Espectaculos;Música;Cataluña;Barcelona;11;23;180,51;16,41;7
2024;4;Actividades;Actividades infantiles;Cataluña;Barcelona;6;12;94,98;15,83;2
2024;4;Espectaculos;Cultura, teatro y danza;Cataluña;Barcelona;37;77;298,59;8,07;22
2024;4;Actividades;Actividades infantiles;Cataluña;Barcelona;1262;2618;9944,56;7,88;342
2024;4;Espectaculos;Música;Cataluña;Barcelona;2;4;20;10;2
2024;4;Actividades;Deportes y aventuras;Cataluña;Barcelona;266;552;4178,86;15,71;141
2024;4;Actividades;Actividades infantiles;Cataluña;Barcelona;266;552;4178,86;15,71;141
2024;4;Espectaculos;Música;Cataluña;Barcelona;71;147;2485;35;42
2024;4;Espectaculos;Musicales;Cataluña;Barcelona;46;95;782,46;17,01;26
2024;4;Espectaculos;Cultura, teatro y danza;Cataluña;Barcelona;46;95;782,46;17,01;26
2024;4;Espectaculos;Cultura, teatro y danza;Cataluña;Barcelona;150;311;975;6,5;98
2024;4;Espectaculos;Música;Cataluña;Barcelona;2;4;40;20;1
2024;4;Espectaculos;Cultura, teatro y danza;Cataluña;Barcelona;14;29;140;10;5
2024;4;Espectaculos;Música;Cataluña;Barcelona;10;21;252,5;25,25;6
2024;4;Espectaculos;Música;Cataluña;Barcelona;1;2;3;3;1
2024;4;Espectaculos;Música;Cataluña;Barcelona;527;1093;5185,68;9,84;279
2024;4;Espectaculos;Música;Cataluña;Barcelona;189;392;2855,79;15,11;80
2024;4;Actividades;Cursos;Cataluña;Barcelona;90;187;3093,3;34,37;78
2024;4;Espectaculos;Música;Cataluña;Barcelona;56;116;1051,68;18,78;35
2024;4;Actividades;Deportes y aventuras;Cataluña;Barcelona;22;46;339,9;15,45;15
2024;4;Actividades;Actividades infantiles;Cataluña;Barcelona;12;25;353,76;29,48;11
2024;4;Espectaculos;Música;Cataluña;Barcelona;74;154;856,18;11,57;54
2024;4;Espectaculos;Cultura, teatro y danza;Cataluña;Barcelona;9;19;116,37;12,93;4
2024;4;Espectaculos;Música;Cataluña;Barcelona;112;232;1663,2;14,85;64
2024;4;Espectaculos;Música;Cataluña;Barcelona;104;216;407,68;3,92;69
2024;4;Espectaculos;Música;Cataluña;Barcelona;102;212;1857,42;18,21;52
2024;4;Espectaculos;Cultura, teatro y danza;Cataluña;Barcelona;2;4;10;5;1
2024;4;Espectaculos;Música;Cataluña;Barcelona;104;216;855,92;8,23;47
2024;4;Espectaculos;Música;Cataluña;Barcelona;42;87;489,3;11,65;22
2024;4;Espectaculos;Cine;Cataluña;Barcelona;70;145;233,8;3,34;22
2024;4;Espectaculos;Música;Cataluña;Barcelona;4;8;54;13,5;1
2024;4;Espectaculos;Cultura, teatro y danza;Cataluña;Barcelona;30;65;378,9;12,63;14
2024;4;Espectaculos;Música;Cataluña;Barcelona;53;110;728,75;13,75;18
2024;4;Espectaculos;Música;Cataluña;Barcelona;80;166;520;6,5;38
2024;4;Espectaculos;Cultura, teatro y danza;Cataluña;Barcelona;21;43;140,07;6,67;16
2024;4;Espectaculos;Música;Cataluña;Barcelona;16;33;460,96;28,81;10
2024;4;Espectaculos;Cultura, teatro y danza;Cataluña;Barcelona;136;282;2271,2;16,7;46
2024;4;Espectaculos;Música;Cataluña;Barcelona;15;0;196,95;13,13;7
2024;4;Espectaculos;Cultura, teatro y danza;Cataluña;Barcelona;105;218;1017,45;9,69;46
2024;4;Espectaculos;Musicales;Cataluña;Barcelona;26;54;263,38;10,13;17
2024;4;Espectaculos;Música;Cataluña;Barcelona;4;8;44;11;2
2024;4;Espectaculos;Cultura, teatro y danza;Cataluña;Barcelona;26;54;263,38;10,13;17
2024;4;Actividades;Cursos;Cataluña;Barcelona;105;218;11683,35;111,27;105
2024;4;Espectaculos;Musicales;Cataluña;Barcelona;315;654;2945,25;9,35;202
2024;4;Espectaculos;Cultura, teatro y danza;Cataluña;Barcelona;475;986;8345,75;17,57;267
2024;4;Espectaculos;Música;Cataluña;Barcelona;586;1215;5918,6;10,1;277
2024;4;Actividades;Deportes y aventuras;Cataluña;Barcelona;88;183;2105,84;23,93;51
2024;4;Espectaculos;Cultura, teatro y danza;Cataluña;Barcelona;25;52;273,75;10,95;13
2024;4;Actividades;Gastronomía;Cataluña;Barcelona;122;253;1462,78;11,99;62
2024;4;Actividades;Cursos;Cataluña;Barcelona;1;25;20;20;1
2024;4;Espectaculos;Música;Cataluña;Barcelona;937;2017;6034,28;6,44;606
2024;4;Espectaculos;Cultura, teatro y danza;Cataluña;Barcelona;5;10;52;10,4;2
2024;4;Espectaculos;Música;Cataluña;Barcelona;1220;2531;21081,6;17,28;1208
2024;4;Espectaculos;Música;Cataluña;Barcelona;3;6;88,38;29,46;3
2024;4;Espectaculos;Música;Cataluña;Barcelona;365;757;2558,65;7,01;242
2024;4;Espectaculos;Música;Castilla y León;Burgos;203;421;3317,02;16,34;123
2024;4;Espectaculos;Cultura, teatro y danza;Castilla y León;Burgos;5;10;66;13,2;2
2024;4;Espectaculos;Musicales;Extremadura;Cáceres;115;239;2403,5;20,9;46
2024;4;Espectaculos;Música;Extremadura;Cáceres;55;114;363;6,6;37
2024;4;Actividades;Actividades infantiles;Extremadura;Cáceres;110;228;1188;10,8;47
2024;4;Espectaculos;Cultura, teatro y danza;Extremadura;Cáceres;128;266;2129,92;16,64;51
2024;4;Espectaculos;Musicales;Extremadura;Cáceres;3;6;9,3;3,1;2
2024;4;Espectaculos;Cultura, teatro y danza;Extremadura;Cáceres;3;6;9,3;3,1;2
2024;4;Actividades;Deportes y aventuras;Extremadura;Cáceres;190;481;2213,5;11,65;151
2024;4;Espectaculos;Música;Extremadura;Cáceres;18;37;217,98;12,11;9
2024;4;Actividades;Actividades infantiles;Extremadura;Cáceres;22;46;110,44;5,02;8
2024;4;Espectaculos;Cultura, teatro y danza;Extremadura;Cáceres;22;46;110,44;5,02;8
2024;4;Actividades;Gastronomía;Extremadura;Cáceres;15;31;243,15;16,21;7
2024;4;Espectaculos;Musicales;Extremadura;Cáceres;91;189;1501,5;16,5;36
2024;4;Actividades;Actividades infantiles;Extremadura;Cáceres;91;189;1501,5;16,5;36
2024;4;Espectaculos;Cultura, teatro y danza;Extremadura;Cáceres;91;189;1501,5;16,5;36
2024;4;Espectaculos;Música;Extremadura;Cáceres;28;58;424,2;15,15;15
2024;4;Espectaculos;Música;Andalucía;Cádiz;40;83;489,2;12,23;21
2024;4;Actividades;Cursos;Andalucía;Cádiz;5;10;257,8;51,56;4
2024;4;Espectaculos;Musicales;Andalucía;Cádiz;4;8;41,28;10,32;2
2024;4;Espectaculos;Música;Andalucía;Cádiz;386;801;4172,66;10,81;224
2024;4;Espectaculos;Cultura, teatro y danza;Andalucía;Cádiz;112;232;1256,64;11,22;31
2024;4;Actividades;Gastronomía;Andalucía;Cádiz;11;23;157,3;14,3;8
2024;4;Actividades;Cursos;Andalucía;Cádiz;2;4;38;19;2
2024;4;Espectaculos;Música;Andalucía;Cádiz;216;448;3324,24;15,39;133
2024;4;Espectaculos;Música;Andalucía;Cádiz;394;817;5646,02;14,33;196
2024;4;Espectaculos;Cultura, teatro y danza;Andalucía;Cádiz;20;41;122;6,1;11
2024;4;Espectaculos;Música;Andalucía;Cádiz;91;422;972,79;10,69;62
2024;4;Espectaculos;Música;Andalucía;Cádiz;7;15;86,38;12,34;3
2024;4;Espectaculos;Cultura, teatro y danza;Andalucía;Cádiz;22;46;594;27;7
2024;4;Espectaculos;Cultura, teatro y danza;Andalucía;Cádiz;13;27;130,91;10,07;8
2024;4;Espectaculos;Musicales;Andalucía;Cádiz;286;593;4407,26;15,41;91
2024;4;Actividades;Actividades infantiles;Andalucía;Cádiz;286;593;4407,26;15,41;91
2024;4;Espectaculos;Cultura, teatro y danza;Andalucía;Cádiz;286;593;4407,26;15,41;91
2024;4;Espectaculos;Música;Andalucía;Cádiz;13;27;131,04;10,08;8
2024;4;Espectaculos;Cultura, teatro y danza;Comunitat Valenciana;Castellón/Castelló;12;25;61,92;5,16;6
2024;4;Espectaculos;Música;Comunitat Valenciana;Castellón/Castelló;36;75;477;13,25;14
2024;4;Espectaculos;Cultura, teatro y danza;Comunitat Valenciana;Castellón/Castelló;4;8;35,2;8,8;2
2024;4;Espectaculos;Música;Comunitat Valenciana;Castellón/Castelló;526;1090;7358,74;13,99;304
2024;4;Actividades;Actividades infantiles;Comunitat Valenciana;Castellón/Castelló;277;575;3348,93;12,09;94
2024;4;Espectaculos;Cultura, teatro y danza;Comunitat Valenciana;Castellón/Castelló;300;623;2313;7,71;112
2024;4;Espectaculos;Música;Comunitat Valenciana;Castellón/Castelló;8;17;142;17,75;4
2024;4;Actividades;Deportes y aventuras;Comunitat Valenciana;Castellón/Castelló;40;83;594;14,85;20
2024;4;Espectaculos;Música;Comunitat Valenciana;Castellón/Castelló;12;25;132;11;8
2024;4;Espectaculos;Música;Castilla - La Mancha;Ciudad Real;5;10;128,9;25,78;1
2024;4;Espectaculos;Música;Castilla - La Mancha;Ciudad Real;243;505;2466,45;10,15;106
2024;4;Espectaculos;Música;Castilla - La Mancha;Ciudad Real;1;2;13;13;1
2024;4;Actividades;Actividades infantiles;Castilla - La Mancha;Ciudad Real;1;2;13;13;1
2024;4;Espectaculos;Cultura, teatro y danza;Castilla - La Mancha;Ciudad Real;10;21;150;15;5
2024;4;Espectaculos;Música;Castilla - La Mancha;Ciudad Real;59;122;804,76;13,64;28
2024;4;Espectaculos;Música;Andalucía;Córdoba;24;50;365,04;15,21;11
2024;4;Espectaculos;Conferencias;Andalucía;Córdoba;98;203;759,5;7,75;33
2024;4;Actividades;Cursos;Andalucía;Córdoba;115;239;1207,5;10,5;115
2024;4;Espectaculos;Música;Andalucía;Córdoba;145;301;1738,55;11,99;83
2024;4;Actividades;Actividades infantiles;Andalucía;Córdoba;41;85;319,8;7,8;12
2024;4;Espectaculos;Cultura, teatro y danza;Andalucía;Córdoba;371;770;4489,1;12,1;154
2024;4;Espectaculos;Música;Galicia;A Coruña;42;87;521,22;12,41;27
2024;4;Espectaculos;Música;Galicia;A Coruña;18;37;181,08;10,06;11
2024;4;Espectaculos;Música;Galicia;A Coruña;1320;2738;18480;14;891
2024;4;Actividades;Actividades infantiles;Galicia;A Coruña;193;414;1242,92;6,44;89
2024;4;Espectaculos;Cultura, teatro y danza;Galicia;A Coruña;207;422;1490,4;7,2;88
2024;4;Espectaculos;Música;Galicia;A Coruña;26;54;536,38;20,63;19
2024;4;Espectaculos;Música;Galicia;A Coruña;65;135;359,45;5,53;37
2024;4;Espectaculos;Música;Galicia;A Coruña;675;1401;9416,25;13,95;441
2024;4;Espectaculos;Música;Castilla - La Mancha;Cuenca;452;938;11892,12;26,31;207
2024;4;Espectaculos;Cultura, teatro y danza;Castilla - La Mancha;Cuenca;4;8;52,8;13,2;2
2024;4;Espectaculos;Cultura, teatro y danza;Castilla - La Mancha;Cuenca;5;10;66;13,2;1
2024;4;Espectaculos;Música;Castilla - La Mancha;Cuenca;3;6;13,41;4,47;2
2024;4;Espectaculos;Música;Castilla - La Mancha;Cuenca;34;71;420,58;12,37;20
2024;4;Espectaculos;Cine;Cataluña;Girona;5;10;22,5;4,5;1
2024;4;Espectaculos;Música;Cataluña;Girona;184;382;2690,08;14,62;89
2024;4;Actividades;Cursos;Cataluña;Girona;4;8;1424,4;356,1;4
2024;4;Espectaculos;Música;Cataluña;Girona;230;477;4107,8;17,86;122
2024;4;Actividades;Actividades infantiles;Cataluña;Girona;27;56;684,99;25,37;15
2024;4;Actividades;Gastronomía;Cataluña;Girona;2;4;33;16,5;1
2024;4;Espectaculos;Música;Cataluña;Girona;389;807;2921,39;7,51;160
2024;4;Espectaculos;Cultura, teatro y danza;Cataluña;Girona;66;137;666,6;10,1;34
2024;4;Actividades;Cursos;Cataluña;Girona;4;8;68;17;2
2024;4;Espectaculos;Música;Cataluña;Girona;296;614;5020,16;16,96;172
2024;4;Actividades;Deportes y aventuras;Cataluña;Girona;41;85;164;4;21
2024;4;Espectaculos;Cultura, teatro y danza;Cataluña;Girona;33;445;330;10;22
2024;4;Espectaculos;Música;Cataluña;Girona;197;409;11181,72;56,76;141
2024;4;Espectaculos;Música;Cataluña;Girona;400;1412;4528;11,32;182
2024;4;Actividades;Actividades infantiles;Cataluña;Girona;19;39;397,48;20,92;10
2024;4;Espectaculos;Música;Cataluña;Girona;48;100;768;16;20
2024;4;Espectaculos;Música;Cataluña;Girona;7;15;245;35;6
2024;4;Espectaculos;Música;Cataluña;Girona;24;50;466,8;19,45;12
2024;4;Espectaculos;Cultura, teatro y danza;Cataluña;Girona;10;21;120;12;2
2024;4;Espectaculos;Música;Cataluña;Girona;9;19;135;15;5
2024;4;Espectaculos;Cultura, teatro y danza;Cataluña;Girona;16;33;140;8,75;7
2024;4;Actividades;Gastronomía;Cataluña;Girona;16;33;140;8,75;7
2024;4;Espectaculos;Música;Cataluña;Girona;17;35;184,45;10,85;7
2024;4;Espectaculos;Música;Cataluña;Girona;89;185;1314,53;14,77;60
2024;4;Espectaculos;Música;Cataluña;Girona;4;8;126;31,5;2
2024;4;Espectaculos;Música;Cataluña;Girona;50;104;722;14,44;46
2024;4;Actividades;Cursos;Cataluña;Girona;1;2;15;15;1
2024;4;Espectaculos;Musicales;Cataluña;Girona;23;48;264,96;11,52;13
2024;4;Espectaculos;Música;Cataluña;Girona;18;37;90;5;11
2024;4;Espectaculos;Cultura, teatro y danza;Cataluña;Girona;36;75;408,24;11,34;18
2024;4;Espectaculos;Música;Cataluña;Girona;16;33;560;35;13
2024;4;Espectaculos;Cultura, teatro y danza;Cataluña;Girona;14;29;210;15;9
2024;4;Espectaculos;Música;Andalucía;Granada;196;407;2802,8;14,3;82
2024;4;Actividades;Actividades infantiles;Andalucía;Granada;63;131;693;11;23
2024;4;Espectaculos;Música;Andalucía;Granada;61;126;586,21;9,61;39
2024;4;Espectaculos;Música;Andalucía;Granada;6;12;60;10;4
2024;4;Espectaculos;Musicales;Andalucía;Granada;3;6;44,01;14,67;1
2024;4;Espectaculos;Música;Andalucía;Granada;1819;4121;20390,99;11,21;1084
2024;4;Espectaculos;Cultura, teatro y danza;Andalucía;Granada;466;967;3741,98;8,03;246
2024;4;Espectaculos;Música;Andalucía;Granada;3;688;14,7;4,9;1
2024;4;Espectaculos;Música;Andalucía;Granada;300;622;6627;22,09;172
2024;4;Actividades;Actividades infantiles;Andalucía;Granada;300;622;6627;22,09;172
2024;4;Espectaculos;Música;Andalucía;Granada;34;71;501,5;14,75;16
2024;4;Espectaculos;Música;Andalucía;Granada;21;44;504;24;11
2024;4;Actividades;Actividades infantiles;Andalucía;Granada;21;44;504;24;11
2024;4;Espectaculos;Música;Andalucía;Granada;119;247;2642,99;22,21;68
2024;4;Espectaculos;Música;Castilla - La Mancha;Guadalajara;50;104;531,5;10,63;23
2024;4;Actividades;Deportes y aventuras;Castilla - La Mancha;Guadalajara;11;23;27,5;2,5;4
2024;4;Espectaculos;Cultura, teatro y danza;País Vasco;Gipuzkoa;288;598;2183,04;7,58;96
2024;4;Actividades;Cursos;País Vasco;Gipuzkoa;13;27;585;45;9
2024;4;Espectaculos;Música;País Vasco;Gipuzkoa;486;1039;4514,94;9,29;257
2024;4;Espectaculos;Cultura, teatro y danza;País Vasco;Gipuzkoa;173;359;2178,07;12,59;73
2024;4;Espectaculos;Música;País Vasco;Gipuzkoa;56;116;671,44;11,99;14
2024;4;Espectaculos;Música;País Vasco;Gipuzkoa;9;19;46,8;5,2;3
2024;4;Espectaculos;Cultura, teatro y danza;País Vasco;Gipuzkoa;43;89;224,46;5,22;21
2024;4;Espectaculos;Música;País Vasco;Gipuzkoa;11;23;116,05;10,55;7
2024;4;Espectaculos;Cine;País Vasco;Gipuzkoa;37;77;111;3;18
2024;4;Espectaculos;Música;País Vasco;Gipuzkoa;45;93;369,45;8,21;26
2024;4;Espectaculos;Cultura, teatro y danza;País Vasco;Gipuzkoa;76;158;326,04;4,29;32
2024;4;Actividades;Deportes y aventuras;País Vasco;Gipuzkoa;41;85;1584,65;38,65;19
2024;4;Espectaculos;Cine;País Vasco;Gipuzkoa;25;52;75;3;11
2024;4;Espectaculos;Cultura, teatro y danza;País Vasco;Gipuzkoa;63;131;183,96;2,92;30
2024;4;Espectaculos;Cine;País Vasco;Gipuzkoa;61;268;358,68;5,88;43
2024;4;Espectaculos;Música;País Vasco;Gipuzkoa;87;180;950,91;10,93;41
2024;4;Actividades;Actividades infantiles;País Vasco;Gipuzkoa;4;158;62;15,5;2
2024;4;Espectaculos;Música;País Vasco;Gipuzkoa;156;324;1645,8;10,55;82
2024;4;Espectaculos;Música;País Vasco;Gipuzkoa;22;46;275,22;12,51;10
2024;4;Actividades;Deportes y aventuras;País Vasco;Gipuzkoa;1;2;10,15;10,15;1
2024;4;Espectaculos;Música;Andalucía;Huelva;105;218;1581,3;15,06;53
2024;4;Espectaculos;Música;Aragón;Huesca;211;438;2481,36;11,76;180
2024;4;Espectaculos;Música;Aragón;Huesca;345;716;6672,3;19,34;198
2024;4;Espectaculos;Cine;Aragón;Huesca;138;286;690;5;71
2024;4;Espectaculos;Música;Aragón;Huesca;48;100;480,48;10,01;23
2024;4;Espectaculos;Música;Andalucía;Jaén;18;37;241,2;13,4;9
2024;4;Espectaculos;Música;Andalucía;Jaén;6;12;165;27,5;2
2024;4;Actividades;Cursos;Andalucía;Jaén;13;27;130;10;7
2024;4;Espectaculos;Música;Andalucía;Jaén;399;828;5079,27;12,73;269
2024;4;Espectaculos;Cultura, teatro y danza;Andalucía;Jaén;6;12;60;10;3
2024;4;Actividades;Gastronomía;Andalucía;Jaén;13;27;130;10;7
2024;4;Espectaculos;Música;Andalucía;Jaén;67;139;1086,07;16,21;31
2024;4;Espectaculos;Música;Andalucía;Jaén;181;376;2039,87;11,27;69
2024;4;Espectaculos;Música;Andalucía;Jaén;11;23;226,6;20,6;6
2024;4;Espectaculos;Cultura, teatro y danza;Andalucía;Jaén;29;60;153,7;5,3;13
2024;4;Espectaculos;Música;Andalucía;Jaén;103;214;974,38;9,46;52
2024;4;Espectaculos;Música;Andalucía;Jaén;28;58;863,52;30,84;12
2024;4;Actividades;Actividades infantiles;Andalucía;Jaén;28;58;863,52;30,84;12
2024;4;Espectaculos;Música;Castilla y León;León;342;710;3943,26;11,53;186
2024;4;Actividades;Actividades infantiles;Castilla y León;León;24;50;301,68;12,57;11
2024;4;Espectaculos;Música;Castilla y León;León;65;135;813,15;12,51;41
2024;4;Espectaculos;Música;Cataluña;Lleida;7;15;70;10;7
2024;4;Espectaculos;Música;Cataluña;Lleida;742;1539;9119,18;12,29;410
2024;4;Espectaculos;Música;Cataluña;Lleida;5;10;35;7;2
2024;4;Espectaculos;Música;Cataluña;Lleida;34;71;712,98;20,97;19
2024;4;Actividades;Actividades infantiles;Cataluña;Lleida;34;71;712,98;20,97;19
2024;4;Espectaculos;Música;La Rioja;La Rioja;39;81;409,89;10,51;29
2024;4;Espectaculos;Cultura, teatro y danza;La Rioja;La Rioja;314;651;8025,84;25,56;106
2024;4;Espectaculos;Música;La Rioja;La Rioja;89;185;1137,42;12,78;43
2024;4;Espectaculos;Cultura, teatro y danza;La Rioja;La Rioja;78;162;2821,26;36,17;40
2024;4;Actividades;Actividades infantiles;La Rioja;La Rioja;55;114;1332,65;24,23;14
2024;4;Espectaculos;Cultura, teatro y danza;La Rioja;La Rioja;55;114;1332,65;24,23;14
2024;4;Espectaculos;Música;La Rioja;La Rioja;6;12;24;4;6
2024;4;Actividades;Deportes y aventuras;La Rioja;La Rioja;107;222;1001,52;9,36;88
2024;4;Espectaculos;Música;La Rioja;La Rioja;209;431;4480,96;21,44;102
2024;4;Espectaculos;Música;Galicia;Lugo;126;261;1518,3;12,05;65
2024;4;Actividades;Cursos;Galicia;Lugo;16;33;170,56;10,66;6
2024;4;Espectaculos;Musicales;Galicia;Lugo;110;228;1936;17,6;33
2024;4;Actividades;Actividades infantiles;Galicia;Lugo;110;228;1936;17,6;33
2024;4;Espectaculos;Cultura, teatro y danza;Galicia;Lugo;152;315;2173,6;14,3;50
2024;4;Espectaculos;Cultura, teatro y danza;Galicia;Lugo;9;19;2250;250;9
2024;4;Espectaculos;Música;Galicia;Lugo;85;176;2160,7;25,42;37
2024;4;Actividades;Actividades infantiles;Comunidad de Madrid;Madrid;483;1002;3004,26;6,22;139
2024;4;Espectaculos;Cultura, teatro y danza;Comunidad de Madrid;Madrid;483;1002;3004,26;6,22;139
2024;4;Espectaculos;Musicales;Comunidad de Madrid;Madrid;17;35;191,25;11,25;6
2024;4;Espectaculos;Música;Comunidad de Madrid;Madrid;823;1708;8427,52;10,24;472
2024;4;Actividades;Actividades infantiles;Comunidad de Madrid;Madrid;56;116;468,72;8,37;18
2024;4;Espectaculos;Cultura, teatro y danza;Comunidad de Madrid;Madrid;97;201;1109,68;11,44;40
2024;4;Actividades;Cursos;Comunidad de Madrid;Madrid;72;149;1419,84;19,72;46
2024;4;Espectaculos;Música;Comunidad de Madrid;Madrid;41;86;544,89;13,29;23
2024;4;Espectaculos;Música;Comunidad de Madrid;Madrid;335;695;3299,75;9,85;117
2024;4;Actividades;Actividades infantiles;Comunidad de Madrid;Madrid;335;695;3299,75;9,85;117
2024;4;Espectaculos;Música;Comunidad de Madrid;Madrid;49;117;904,05;18,45;38
2024;4;Espectaculos;Música;Comunidad de Madrid;Madrid;2;4;30;15;1
2024;4;Actividades;Actividades infantiles;Comunidad de Madrid;Madrid;9;19;39,6;4,4;4
2024;4;Espectaculos;Cultura, teatro y danza;Comunidad de Madrid;Madrid;9;19;39,6;4,4;4
2024;4;Espectaculos;Música;Comunidad de Madrid;Madrid;40;83;487,2;12,18;15
2024;4;Espectaculos;Música;Comunidad de Madrid;Madrid;532;3806;5351,92;10,06;185
2024;4;Actividades;Actividades infantiles;Comunidad de Madrid;Madrid;428;888;2105,76;4,92;137
2024;4;Actividades;Deportes y aventuras;Comunidad de Madrid;Madrid;12;25;58,8;4,9;11
2024;4;Espectaculos;Musicales;Comunidad de Madrid;Madrid;7;15;131,11;18,73;2
2024;4;Espectaculos;Cultura, teatro y danza;Comunidad de Madrid;Madrid;7;15;131,11;18,73;2
2024;4;Actividades;Cursos;Comunidad de Madrid;Madrid;64;133;528;8,25;41
2024;4;Actividades;Actividades infantiles;Comunidad de Madrid;Madrid;64;133;528;8,25;41
2024;4;Espectaculos;Música;Comunidad de Madrid;Madrid;3960;8216;188694;47,65;2181
2024;4;Espectaculos;Conferencias;Comunidad de Madrid;Madrid;28;1159;1232;44;28
2024;4;Actividades;Cursos;Comunidad de Madrid;Madrid;291;917;49598,04;170,44;242
2024;4;Espectaculos;Cine;Comunidad de Madrid;Madrid;169;351;1260,74;7,46;92
2024;4;Espectaculos;Musicales;Comunidad de Madrid;Madrid;3897;7644;54207,27;13,91;1305
2024;4;Espectaculos;Ferias;Comunidad de Madrid;Madrid;28;130;1232;44;28
2024;4;Espectaculos;Música;Comunidad de Madrid;Madrid;28164;57466;369230,04;13,11;15856
2024;4;Actividades;Deportes y aventuras;Comunidad de Madrid;Madrid;752;1839;11498,08;15,29;334
2024;4;Actividades;Actividades infantiles;Comunidad de Madrid;Madrid;1076;2225;11448,64;10,64;519
2024;4;Espectaculos;Cultura, teatro y danza;Comunidad de Madrid;Madrid;10989;21927;162747,09;14,81;4976
2024;4;Actividades;Gastronomía;Comunidad de Madrid;Madrid;163;338;2916,07;17,89;101
2024;4;Espectaculos;Música;Comunidad de Madrid;Madrid;4;8;40;10;2
2024;4;Espectaculos;Cultura, teatro y danza;Comunidad de Madrid;Madrid;33;68;396;12;18
2024;4;Espectaculos;Música;Comunidad de Madrid;Madrid;80;166;461,6;5,77;49
2024;4;Espectaculos;Música;Comunidad de Madrid;Madrid;197;409;695,41;3,53;65
2024;4;Actividades;Actividades infantiles;Comunidad de Madrid;Madrid;197;409;695,41;3,53;65
2024;4;Espectaculos;Música;Comunidad de Madrid;Madrid;31;64;341;11;16
2024;4;Espectaculos;Música;Comunidad de Madrid;Madrid;13;27;327,34;25,18;11
2024;4;Actividades;Actividades infantiles;Comunidad de Madrid;Madrid;10;21;257;25,7;8
2024;4;Actividades;Cursos;Comunidad de Madrid;Madrid;4;8;58;14,5;3
2024;4;Espectaculos;Música;Comunidad de Madrid;Madrid;238;494;3215,38;13,51;124
2024;4;Actividades;Actividades infantiles;Comunidad de Madrid;Madrid;2;4;18;9;1
2024;4;Espectaculos;Musicales;Comunidad de Madrid;Madrid;33;69;311,52;9,44;11
2024;4;Espectaculos;Música;Comunidad de Madrid;Madrid;12;25;72,84;6,07;7
2024;4;Espectaculos;Cultura, teatro y danza;Comunidad de Madrid;Madrid;33;71;311,52;9,44;11
2024;4;Espectaculos;Música;Comunidad de Madrid;Madrid;7;15;84;12;4
2024;4;Espectaculos;Cultura, teatro y danza;Comunidad de Madrid;Madrid;50;104;207,5;4,15;18
2024;4;Espectaculos;Música;Comunidad de Madrid;Madrid;224;464;2757,44;12,31;103
2024;4;Espectaculos;Música;Comunidad de Madrid;Madrid;59;122;590;10;36
2024;4;Actividades;Deportes y aventuras;Comunidad de Madrid;Madrid;51;106;612;12;32
2024;4;Espectaculos;Musicales;Comunidad de Madrid;Madrid;68;141;497,76;7,32;21
2024;4;Espectaculos;Cultura, teatro y danza;Comunidad de Madrid;Madrid;68;141;497,76;7,32;21
2024;4;Espectaculos;Música;Andalucía;Málaga;428;888;4947,68;11,56;167
2024;4;Actividades;Deportes y aventuras;Andalucía;Málaga;88;183;1241,68;14,11;49
2024;4;Actividades;Actividades infantiles;Andalucía;Málaga;468;971;6023,16;12,87;183
2024;4;Actividades;Deportes y aventuras;Andalucía;Málaga;1;2;20,62;20,62;1
2024;4;Espectaculos;Música;Andalucía;Málaga;19;39;204,06;10,74;8
2024;4;Espectaculos;Conferencias;Andalucía;Málaga;673;1396;8372,12;12,44;454
2024;4;Actividades;Cursos;Andalucía;Málaga;253;525;11630,41;45,97;179
2024;4;Espectaculos;Musicales;Andalucía;Málaga;181;376;1149,35;6,35;86
2024;4;Espectaculos;Música;Andalucía;Málaga;5232;14540;76491,84;14,62;3408
2024;4;Actividades;Actividades infantiles;Andalucía;Málaga;125;259;891,25;7,13;47
2024;4;Espectaculos;Cultura, teatro y danza;Andalucía;Málaga;369;766;10416,87;28,23;174
2024;4;Actividades;Gastronomía;Andalucía;Málaga;42;87;378;9;21
2024;4;Espectaculos;Música;Andalucía;Málaga;32;66;662,08;20,69;12
2024;4;Espectaculos;Cine;Andalucía;Málaga;124;257;2437,84;19,66;61
2024;4;Espectaculos;Música;Andalucía;Málaga;1;2;43,35;43,35;1
2024;4;Espectaculos;Cultura, teatro y danza;Andalucía;Málaga;3;6;15;5;1
2024;4;Espectaculos;Parques temáticos;Andalucía;Málaga;24;50;612,72;25,53;12
2024;4;Actividades;Deportes y aventuras;Andalucía;Málaga;24;50;612,72;25,53;12
2024;4;Espectaculos;Música;Andalucía;Málaga;255;529;3669,45;14,39;91
2024;4;Actividades;Gastronomía;Andalucía;Málaga;255;529;3669,45;14,39;91
2024;4;Espectaculos;Música;Andalucía;Málaga;94;195;831,9;8,85;62
2024;4;Actividades;Deportes y aventuras;Andalucía;Málaga;374;776;2453,44;6,56;190
2024;4;Espectaculos;Musicales;Región de Murcia;Murcia;43;89;581,79;13,53;18
2024;4;Espectaculos;Cultura, teatro y danza;Región de Murcia;Murcia;43;89;581,79;13,53;18
2024;4;Espectaculos;Cultura, teatro y danza;Región de Murcia;Murcia;78;162;1404,78;18,01;47
2024;4;Espectaculos;Musicales;Región de Murcia;Murcia;3;6;42;14;1
2024;4;Espectaculos;Música;Región de Murcia;Murcia;182;378;2022,02;11,11;108
2024;4;Actividades;Actividades infantiles;Región de Murcia;Murcia;187;388;1739,1;9,3;75
2024;4;Espectaculos;Cultura, teatro y danza;Región de Murcia;Murcia;5;10;60;12;2
2024;4;Actividades;Cursos;Región de Murcia;Murcia;13;27;4027,01;309,77;13
2024;4;Espectaculos;Música;Región de Murcia;Murcia;40;83;418,4;10,46;16
2024;4;Actividades;Cursos;Región de Murcia;Murcia;28;58;10080;360;26
2024;4;Espectaculos;Musicales;Región de Murcia;Murcia;81;168;871,56;10,76;47
2024;4;Espectaculos;Música;Región de Murcia;Murcia;3017;6259;39402,02;13,06;1838
2024;4;Actividades;Deportes y aventuras;Región de Murcia;Murcia;8;17;133,28;16,66;8
2024;4;Espectaculos;Cultura, teatro y danza;Región de Murcia;Murcia;476;988;4588,64;9,64;205
2024;4;Espectaculos;Música;Comunidad Foral de Navarra;Navarra;385;799;10456,6;27,16;155
2024;4;Actividades;Actividades infantiles;Comunidad Foral de Navarra;Navarra;266;552;8881,74;33,39;115
2024;4;Espectaculos;Música;Comunidad Foral de Navarra;Navarra;77;160;859,32;11,16;59
2024;4;Espectaculos;Música;Comunidad Foral de Navarra;Navarra;65;135;650;10;47
2024;4;Espectaculos;Música;Comunidad Foral de Navarra;Navarra;181;376;5035,42;27,82;165
2024;4;Espectaculos;Música;Comunidad Foral de Navarra;Navarra;2299;4497;50440,06;21,94;1265
2024;4;Actividades;Deportes y aventuras;Comunidad Foral de Navarra;Navarra;95;197;3335,45;35,11;39
2024;4;Espectaculos;Cultura, teatro y danza;Comunidad Foral de Navarra;Navarra;223;463;24177,66;108,42;96
2024;4;Espectaculos;Música;Comunidad Foral de Navarra;Navarra;26;54;468;18;8
2024;4;Espectaculos;Música;Comunidad Foral de Navarra;Navarra;53;110;534,24;10,08;44
2024;4;Espectaculos;Música;Galicia;Ourense;189;380;2812,32;14,88;82
2024;4;Espectaculos;Música;Principado de Asturias;Asturias;2;4;30;15;1
2024;4;Espectaculos;Conferencias;Principado de Asturias;Asturias;105;218;4927,65;46,93;78
2024;4;Espectaculos;Música;Principado de Asturias;Asturias;293;607;4406,72;15,04;162
2024;4;Actividades;Deportes y aventuras;Principado de Asturias;Asturias;731;1517;11593,66;15,86;352
2024;4;Actividades;Actividades infantiles;Principado de Asturias;Asturias;28;58;223,72;7,99;12
2024;4;Espectaculos;Cultura, teatro y danza;Principado de Asturias;Asturias;32;66;277,12;8,66;14
2024;4;Espectaculos;Música;Principado de Asturias;Asturias;60;124;1588,2;26,47;39
2024;4;Espectaculos;Música;Principado de Asturias;Asturias;48;100;768;16;20
2024;4;Espectaculos;Música;Principado de Asturias;Asturias;516;1071;7316,88;14,18;297
2024;4;Espectaculos;Música;Principado de Asturias;Asturias;292;606;3244,12;11,11;178
2024;4;Espectaculos;Música;Castilla y León;Palencia;65;135;764,4;11,76;37
2024;4;Espectaculos;Cultura, teatro y danza;Castilla y León;Palencia;17;35;205,19;12,07;8
2024;4;Actividades;Cursos;Canarias;Las Palmas;5;10;343,4;68,68;3
2024;4;Espectaculos;Cultura, teatro y danza;Canarias;Las Palmas;37;77;221,26;5,98;16
2024;4;Actividades;Gastronomía;Canarias;Las Palmas;5;10;343,4;68,68;3
2024;4;Espectaculos;Música;Canarias;Las Palmas;67;139;2312,84;34,52;37
2024;4;Espectaculos;Musicales;Canarias;Las Palmas;337;699;6807,4;20,2;134
2024;4;Espectaculos;Música;Canarias;Las Palmas;480;996;4339,2;9,04;328
2024;4;Actividades;Actividades infantiles;Canarias;Las Palmas;337;699;6807,4;20,2;134
2024;4;Espectaculos;Cultura, teatro y danza;Canarias;Las Palmas;428;888;8786,84;20,53;171
2024;4;Espectaculos;Cultura, teatro y danza;Canarias;Las Palmas;4;8;52,8;13,2;2
2024;4;Espectaculos;Conferencias;Canarias;Las Palmas;314;651;3055,22;9,73;182
2024;4;Actividades;Cursos;Canarias;Las Palmas;22;58;264;12;22
2024;4;Espectaculos;Cine;Canarias;Las Palmas;38;400;167,2;4,4;26
2024;4;Espectaculos;Musicales;Canarias;Las Palmas;161;334;1379,77;8,57;98
2024;4;Espectaculos;Música;Canarias;Las Palmas;1172;4190;15517,28;13,24;705
2024;4;Actividades;Actividades infantiles;Canarias;Las Palmas;353;732;2859,3;8,1;149
2024;4;Espectaculos;Cultura, teatro y danza;Canarias;Las Palmas;755;1823;7180,05;9,51;425
2024;4;Actividades;Gastronomía;Canarias;Las Palmas;49;102;513,52;10,48;24
2024;4;Espectaculos;Cultura, teatro y danza;Canarias;Las Palmas;65;135;1287;19,8;29
2024;4;Espectaculos;Música;Canarias;Las Palmas;80;166;5557,6;69,47;46
2024;4;Espectaculos;Cultura, teatro y danza;Canarias;Las Palmas;115;1030;1518;13,2;53
2024;4;Espectaculos;Música;Canarias;Las Palmas;190;394;3494,1;18,39;114
2024;4;Espectaculos;Música;Canarias;Las Palmas;74;154;444;6;34
2024;4;Espectaculos;Música;Canarias;Las Palmas;3009;6243;72607,17;24,13;1474
2024;4;Actividades;Actividades infantiles;Canarias;Las Palmas;134;278;1232,8;9,2;44
2024;4;Espectaculos;Cultura, teatro y danza;Canarias;Las Palmas;1274;2456;16804,06;13,19;525
2024;4;Espectaculos;Música;Canarias;Las Palmas;146;303;1343,2;9,2;67
2024;4;Actividades;Actividades infantiles;Canarias;Las Palmas;46;95;285,2;6,2;19
2024;4;Espectaculos;Cultura, teatro y danza;Canarias;Las Palmas;287;595;2316,09;8,07;112
2024;4;Espectaculos;Música;Canarias;Las Palmas;5;10;36;7,2;3
2024;4;Actividades;Deportes y aventuras;Canarias;Las Palmas;48;100;385,92;8,04;24
2024;4;Actividades;Actividades infantiles;Canarias;Las Palmas;64;133;230,4;3,6;18
2024;4;Espectaculos;Cultura, teatro y danza;Canarias;Las Palmas;117;243;631,8;5,4;43
2024;4;Espectaculos;Música;Galicia;Pontevedra;35;73;424,9;12,14;19
2024;4;Espectaculos;Música;Galicia;Pontevedra;1;2;10,32;10,32;1
2024;4;Espectaculos;Música;Galicia;Pontevedra;696;1444;17580,96;25,26;348
2024;4;Espectaculos;Cine;Galicia;Pontevedra;9;19;170,01;18,89;9
2024;4;Espectaculos;Música;Galicia;Pontevedra;5;10;31,7;6,34;4
2024;4;Espectaculos;Conferencias;Galicia;Pontevedra;27;56;534,6;19,8;12
2024;4;Espectaculos;Música;Galicia;Pontevedra;561;1146;6485,16;11,56;339
2024;4;Espectaculos;Cultura, teatro y danza;Galicia;Pontevedra;247;513;2205,71;8,93;113
2024;4;Espectaculos;Cine;Castilla y León;Salamanca;5;10;15;3;1
2024;4;Espectaculos;Cultura, teatro y danza;Castilla y León;Salamanca;173;359;655,67;3,79;74
2024;4;Espectaculos;Musicales;Castilla y León;Salamanca;203;421;3741,29;18,43;68
2024;4;Espectaculos;Música;Castilla y León;Salamanca;677;1405;7907,36;11,68;452
2024;4;Actividades;Actividades infantiles;Castilla y León;Salamanca;153;317;2988,09;19,53;44
2024;4;Espectaculos;Cultura, teatro y danza;Castilla y León;Salamanca;274;568;3581,18;13,07;106
2024;4;Actividades;Gastronomía;Castilla y León;Salamanca;164;340;2240,24;13,66;117
2024;4;Espectaculos;Cultura, teatro y danza;Castilla y León;Salamanca;11;23;33;3;4
2024;4;Espectaculos;Cultura, teatro y danza;Castilla y León;Salamanca;333;691;725,94;2,18;76
2024;4;Espectaculos;Museo y exposiciones;Castilla y León;Salamanca;333;691;725,94;2,18;76
2024;4;Espectaculos;Música;Canarias;Santa Cruz de Tenerife;1;2;16,5;16,5;1
2024;4;Espectaculos;Música;Canarias;Santa Cruz de Tenerife;211;1091;639,33;3,03;102
2024;4;Actividades;Actividades infantiles;Canarias;Santa Cruz de Tenerife;114;357;351,12;3,08;39
2024;4;Espectaculos;Cultura, teatro y danza;Canarias;Santa Cruz de Tenerife;205;425;623,2;3,04;89
2024;4;Actividades;Cursos;Canarias;Santa Cruz de Tenerife;6;12;354;59;5
2024;4;Espectaculos;Música;Canarias;Santa Cruz de Tenerife;733;1690;16837,01;22,97;474
2024;4;Actividades;Deportes y aventuras;Canarias;Santa Cruz de Tenerife;29;60;174,87;6,03;13
2024;4;Espectaculos;Cultura, teatro y danza;Canarias;Santa Cruz de Tenerife;410;851;4965,1;12,11;237
2024;4;Espectaculos;Música;Canarias;Santa Cruz de Tenerife;221;459;5056,48;22,88;113
2024;4;Espectaculos;Cultura, teatro y danza;Canarias;Santa Cruz de Tenerife;106;220;2488,88;23,48;51
2024;4;Actividades;Cursos;Canarias;Santa Cruz de Tenerife;3;6;68,67;22,89;2
2024;4;Espectaculos;Musicales;Canarias;Santa Cruz de Tenerife;16;33;84,96;5,31;5
2024;4;Espectaculos;Música;Canarias;Santa Cruz de Tenerife;303;629;2996,67;9,89;178
2024;4;Actividades;Deportes y aventuras;Canarias;Santa Cruz de Tenerife;438;909;2172,48;4,96;204
2024;4;Actividades;Actividades infantiles;Canarias;Santa Cruz de Tenerife;35;73;178,15;5,09;17
2024;4;Espectaculos;Cultura, teatro y danza;Canarias;Santa Cruz de Tenerife;208;432;2090,4;10,05;99
2024;4;Actividades;Gastronomía;Canarias;Santa Cruz de Tenerife;6;12;78,48;13,08;4
2024;4;Espectaculos;Música;Canarias;Santa Cruz de Tenerife;357;741;5101,53;14,29;178
2024;4;Actividades;Actividades infantiles;Canarias;Santa Cruz de Tenerife;2;4;9,72;4,86;1
2024;4;Espectaculos;Cultura, teatro y danza;Canarias;Santa Cruz de Tenerife;499;990;6192,59;12,41;228
2024;4;Espectaculos;Música;Cantabria;Cantabria;529;1098;6564,89;12,41;240
2024;4;Espectaculos;Cultura, teatro y danza;Cantabria;Cantabria;199;413;2622,82;13,18;83
2024;4;Espectaculos;Música;Cantabria;Cantabria;15;31;76,8;5,12;8
2024;4;Espectaculos;Música;Cantabria;Cantabria;605;1255;3164,15;5,23;280
2024;4;Actividades;Actividades infantiles;Cantabria;Cantabria;605;1255;3164,15;5,23;280
2024;4;Espectaculos;Música;Castilla y León;Segovia;3;6;25,08;8,36;2
2024;4;Espectaculos;Música;Castilla y León;Segovia;142;295;1378,82;9,71;63
2024;4;Actividades;Deportes y aventuras;Andalucía;Sevilla;93;193;445,47;4,79;34
2024;4;Espectaculos;Música;Andalucía;Sevilla;3;6;36;12;2
2024;4;Espectaculos;Música;Andalucía;Sevilla;72;150;465,84;6,47;48
2024;4;Espectaculos;Música;Andalucía;Sevilla;2;4;20,72;10,36;1
2024;4;Actividades;Cursos;Andalucía;Sevilla;52;123;4168,84;80,17;45
2024;4;Espectaculos;Musicales;Andalucía;Sevilla;2;4;14;7;2
2024;4;Espectaculos;Música;Andalucía;Sevilla;2266;4681;27305,3;12,05;1316
2024;4;Actividades;Actividades infantiles;Andalucía;Sevilla;2;4;37;18,5;1
2024;4;Espectaculos;Cultura, teatro y danza;Andalucía;Sevilla;1491;3983;17668,35;11,85;706
2024;4;Espectaculos;Museo y exposiciones;Andalucía;Sevilla;46;728;586,04;12,74;24
2024;4;Actividades;Gastronomía;Andalucía;Sevilla;38;79;473,48;12,46;26
2024;4;Espectaculos;Música;Andalucía;Sevilla;14;29;210;15;8
2024;4;Espectaculos;Cultura, teatro y danza;Andalucía;Sevilla;8;17;92;11,5;3
2024;4;Espectaculos;Museo y exposiciones;Andalucía;Sevilla;8;17;92;11,5;3
2024;4;Espectaculos;Música;Castilla y León;Soria;15;31;177,45;11,83;8
2024;4;Espectaculos;Música;Castilla y León;Soria;564;1170;8601;15,25;479
2024;4;Espectaculos;Música;Cataluña;Tarragona;12;25;104,16;8,68;4
2024;4;Actividades;Actividades infantiles;Cataluña;Tarragona;12;25;104,16;8,68;4
2024;4;Espectaculos;Conferencias;Cataluña;Tarragona;74;154;2960;40;27
2024;4;Espectaculos;Música;Cataluña;Tarragona;99;205;684,09;6,91;40
2024;4;Espectaculos;Música;Cataluña;Tarragona;11;106;112,97;10,27;7
2024;4;Actividades;Actividades infantiles;Cataluña;Tarragona;35;119;1018,15;29,09;7
2024;4;Espectaculos;Cultura, teatro y danza;Cataluña;Tarragona;35;73;1018,15;29,09;7
2024;4;Espectaculos;Museo y exposiciones;Cataluña;Tarragona;35;73;1018,15;29,09;7
2024;4;Espectaculos;Música;Cataluña;Tarragona;75;156;505,5;6,74;43
2024;4;Actividades;Actividades infantiles;Cataluña;Tarragona;148;307;444;3;57
2024;4;Espectaculos;Cultura, teatro y danza;Cataluña;Tarragona;39;81;1581,84;40,56;18
2024;4;Espectaculos;Cultura, teatro y danza;Cataluña;Tarragona;4;8;32;8;1
2024;4;Espectaculos;Música;Cataluña;Tarragona;56;116;528,08;9,43;27
2024;4;Espectaculos;Música;Cataluña;Tarragona;18;37;440,28;24,46;17
2024;4;Espectaculos;Música;Cataluña;Tarragona;1581;3280;40347,12;25,52;669
2024;4;Espectaculos;Conferencias;Cataluña;Tarragona;9;19;180;20;7
2024;4;Espectaculos;Ferias;Cataluña;Tarragona;9;19;180;20;7
2024;4;Espectaculos;Música;Cataluña;Tarragona;193;400;1449,43;7,51;78
2024;4;Espectaculos;Cultura, teatro y danza;Cataluña;Tarragona;51;106;942,48;18,48;18
2024;4;Espectaculos;Musicales;Cataluña;Tarragona;10;21;94,8;9,48;3
2024;4;Espectaculos;Música;Cataluña;Tarragona;63;131;1479,24;23,48;32
2024;4;Espectaculos;Cultura, teatro y danza;Cataluña;Tarragona;10;21;94,8;9,48;3
2024;4;Actividades;Cursos;Cataluña;Tarragona;14;41;343,56;24,54;6
2024;4;Espectaculos;Musicales;Cataluña;Tarragona;308;639;5734,96;18,62;102
2024;4;Espectaculos;Música;Cataluña;Tarragona;234;485;2307,24;9,86;121
2024;4;Actividades;Deportes y aventuras;Cataluña;Tarragona;7;14;214,41;30,63;6
2024;4;Actividades;Actividades infantiles;Cataluña;Tarragona;308;639;5734,96;18,62;102
2024;4;Espectaculos;Cultura, teatro y danza;Cataluña;Tarragona;346;718;4677,92;13,52;123
2024;4;Actividades;Gastronomía;Cataluña;Tarragona;14;29;343,56;24,54;6
2024;4;Espectaculos;Música;Cataluña;Tarragona;7;15;546;78;3
2024;4;Espectaculos;Música;Cataluña;Tarragona;78;162;420,42;5,39;34
2024;4;Actividades;Actividades infantiles;Cataluña;Tarragona;473;981;3173,83;6,71;226
2024;4;Espectaculos;Música;Cataluña;Tarragona;108;224;1314,36;12,17;44
2024;4;Espectaculos;Música;Cataluña;Tarragona;2;4;26;13;2
2024;4;Espectaculos;Música;Cataluña;Tarragona;4;8;72;18;2
2024;4;Espectaculos;Música;Aragón;Teruel;164;340;3248,84;19,81;117
2024;4;Espectaculos;Música;Aragón;Teruel;87;181;1124,91;12,93;47
2024;4;Espectaculos;Música;Aragón;Teruel;112;232;1137,92;10,16;44
2024;4;Espectaculos;Música;Aragón;Teruel;2;4;30;15;1
2024;4;Espectaculos;Música;Castilla - La Mancha;Toledo;19;39;1330;70;17
2024;4;Espectaculos;Música;Castilla - La Mancha;Toledo;68;141;1942,08;28,56;36
2024;4;Actividades;Actividades infantiles;Castilla - La Mancha;Toledo;68;141;1942,08;28,56;36
2024;4;Espectaculos;Música;Castilla - La Mancha;Toledo;82;170;847,88;10,34;44
2024;4;Espectaculos;Cultura, teatro y danza;Castilla - La Mancha;Toledo;91;189;606,97;6,67;39
2024;4;Espectaculos;Música;Castilla - La Mancha;Toledo;7;15;100,03;14,29;4
2024;4;Espectaculos;Música;Castilla - La Mancha;Toledo;106;220;1325;12,5;48
2024;4;Actividades;Actividades infantiles;Castilla - La Mancha;Toledo;233;483;1514,5;6,5;46
2024;4;Espectaculos;Cultura, teatro y danza;Castilla - La Mancha;Toledo;233;483;1514,5;6,5;46
2024;4;Espectaculos;Museo y exposiciones;Castilla - La Mancha;Toledo;233;483;1514,5;6,5;46
2024;4;Espectaculos;Música;Comunitat Valenciana;Valencia/València;28;58;218,68;7,81;10
2024;4;Actividades;Actividades infantiles;Comunitat Valenciana;Valencia/València;28;58;218,68;7,81;10
2024;4;Espectaculos;Música;Comunitat Valenciana;Valencia/València;24;50;396;16,5;7
2024;4;Espectaculos;Música;Comunitat Valenciana;Valencia/València;142;389;2617,06;18,43;58
2024;4;Actividades;Actividades infantiles;Comunitat Valenciana;Valencia/València;166;345;1145,4;6,9;55
2024;4;Espectaculos;Cultura, teatro y danza;Comunitat Valenciana;Valencia/València;1304;2706;8958,48;6,87;414
2024;4;Espectaculos;Música;Comunitat Valenciana;Valencia/València;4;8;88;22;3
2024;4;Espectaculos;Música;Comunitat Valenciana;Valencia/València;1;2;50;50;1
2024;4;Espectaculos;Música;Comunitat Valenciana;Valencia/València;148;307;3036,96;20,52;90
2024;4;Actividades;Actividades infantiles;Comunitat Valenciana;Valencia/València;2;4;30;15;1
2024;4;Espectaculos;Cultura, teatro y danza;Comunitat Valenciana;Valencia/València;13;27;191,62;14,74;6
2024;4;Espectaculos;Museo y exposiciones;Comunitat Valenciana;Valencia/València;13;27;191,62;14,74;6
2024;4;Espectaculos;Música;Comunitat Valenciana;Valencia/València;83;172;860,71;10,37;33
2024;4;Espectaculos;Música;Comunitat Valenciana;Valencia/València;666;1382;10023,3;15,05;628
2024;4;Espectaculos;Música;Comunitat Valenciana;Valencia/València;573;1188;4274,58;7,46;311
2024;4;Espectaculos;Música;Comunitat Valenciana;Valencia/València;584;1212;20761,2;35,55;486
2024;4;Actividades;Deportes y aventuras;Comunitat Valenciana;Valencia/València;41;85;246,41;6,01;24
2024;4;Espectaculos;Música;Comunitat Valenciana;Valencia/València;40;83;555,6;13,89;16
2024;4;Espectaculos;Música;Comunitat Valenciana;Valencia/València;16;38;794,08;49,63;11
2024;4;Espectaculos;Cultura, teatro y danza;Comunitat Valenciana;Valencia/València;30;62;300;10;12
2024;4;Espectaculos;Música;Comunitat Valenciana;Valencia/València;4;8;31,36;7,84;1
2024;4;Espectaculos;Música;Comunitat Valenciana;Valencia/València;50;104;722;14,44;46
2024;4;Espectaculos;Conferencias;Comunitat Valenciana;Valencia/València;522;1083;8566,02;16,41;334
2024;4;Actividades;Cursos;Comunitat Valenciana;Valencia/València;156;324;31641,48;202,83;149
2024;4;Espectaculos;Musicales;Comunitat Valenciana;Valencia/València;349;724;2757,1;7,9;116
2024;4;Espectaculos;Ferias;Comunitat Valenciana;Valencia/València;348;722;7308;21;283
2024;4;Espectaculos;Música;Comunitat Valenciana;Valencia/València;2598;6128;34267,62;13,19;1548
2024;4;Actividades;Deportes y aventuras;Comunitat Valenciana;Valencia/València;2;4;20;10;1
2024;4;Actividades;Actividades infantiles;Comunitat Valenciana;Valencia/València;3524;7311;31856,96;9,04;1110
2024;4;Espectaculos;Cultura, teatro y danza;Comunitat Valenciana;Valencia/València;4653;8694;89989,02;19,34;1642
2024;4;Espectaculos;Museo y exposiciones;Comunitat Valenciana;Valencia/València;8;17;80;10;2
2024;4;Espectaculos;Cultura, teatro y danza;Castilla y León;Valladolid;137;284;631,57;4,61;35
2024;4;Espectaculos;Música;Castilla y León;Valladolid;47;98;564;12;18
2024;4;Espectaculos;Cultura, teatro y danza;Castilla y León;Valladolid;27;56;381,78;14,14;9
2024;4;Espectaculos;Cultura, teatro y danza;Castilla y León;Valladolid;58;120;290;5;10
2024;4;Espectaculos;Musicales;Castilla y León;Valladolid;57;118;216,6;3,8;27
2024;4;Espectaculos;Cultura, teatro y danza;Castilla y León;Valladolid;57;118;216,6;3,8;27
2024;4;Espectaculos;Música;Castilla y León;Valladolid;72;149;433,44;6,02;36
2024;4;Espectaculos;Cultura, teatro y danza;Castilla y León;Valladolid;30;62;120;4;11
2024;4;Espectaculos;Cultura, teatro y danza;Castilla y León;Valladolid;54;112;1283,58;23,77;35
2024;4;Espectaculos;Música;Castilla y León;Valladolid;5;10;56,7;11,34;4
2024;4;Espectaculos;Conferencias;Castilla y León;Valladolid;5304;11004;20526,48;3,87;5093
2024;4;Espectaculos;Musicales;Castilla y León;Valladolid;41;85;676,5;16,5;11
2024;4;Espectaculos;Música;Castilla y León;Valladolid;1064;2003;13374,48;12,57;574
2024;4;Actividades;Actividades infantiles;Castilla y León;Valladolid;70;145;787,5;11,25;22
2024;4;Espectaculos;Cultura, teatro y danza;Castilla y León;Valladolid;404;838;4213,72;10,43;160
2024;4;Espectaculos;Música;Castilla y León;Valladolid;88;183;1356,96;15,42;42
2024;4;Actividades;Actividades infantiles;Castilla y León;Valladolid;88;183;1356,96;15,42;42
2024;4;Espectaculos;Música;País Vasco;Bizkaia;2;4;20;10;2
2024;4;Actividades;Deportes y aventuras;País Vasco;Bizkaia;474;983;6090,9;12,85;255
2024;4;Espectaculos;Conferencias;País Vasco;Bizkaia;4;42;80;20;4
2024;4;Actividades;Cursos;País Vasco;Bizkaia;24;50;360;15;24
2024;4;Espectaculos;Música;País Vasco;Bizkaia;4004;7481;58338,28;14,57;2947
2024;4;Actividades;Actividades infantiles;País Vasco;Bizkaia;23;48;209,76;9,12;12
2024;4;Espectaculos;Cultura, teatro y danza;País Vasco;Bizkaia;114;237;1150,26;10,09;54
2024;4;Actividades;Actividades infantiles;País Vasco;Bizkaia;839;1741;7567,78;9,02;218
2024;4;Espectaculos;Cultura, teatro y danza;País Vasco;Bizkaia;839;1741;7567,78;9,02;218
2024;4;Espectaculos;Museo y exposiciones;País Vasco;Bizkaia;839;1741;7567,78;9,02;218
2024;4;Espectaculos;Música;País Vasco;Bizkaia;48;100;992,64;20,68;28
2024;4;Actividades;Cursos;País Vasco;Bizkaia;71;147;4849,3;68,3;49
2024;4;Espectaculos;Música;País Vasco;Bizkaia;178;369;2422,58;13,61;110
2024;4;Espectaculos;Cultura, teatro y danza;País Vasco;Bizkaia;90;187;990;11;38
2024;4;Espectaculos;Música;País Vasco;Bizkaia;151;313;1902,6;12,6;85
2024;4;Actividades;Actividades infantiles;País Vasco;Bizkaia;409;849;3141,12;7,68;126
2024;4;Espectaculos;Cultura, teatro y danza;País Vasco;Bizkaia;409;849;3141,12;7,68;126
2024;4;Espectaculos;Música;País Vasco;Bizkaia;183;380;1800,72;9,84;49
2024;4;Actividades;Deportes y aventuras;País Vasco;Bizkaia;5;10;35;7;4
2024;4;Actividades;Actividades infantiles;País Vasco;Bizkaia;5;10;35;7;4
2024;4;Actividades;Cursos;País Vasco;Bizkaia;1;2;34,37;34,37;1
2024;4;Espectaculos;Música;País Vasco;Bizkaia;46;95;775,56;16,86;35
2024;4;Actividades;Cursos;País Vasco;Bizkaia;6;12;285;47,5;6
2024;4;Actividades;Deportes y aventuras;País Vasco;Bizkaia;1;2;10;10;1
2024;4;Actividades;Actividades infantiles;País Vasco;Bizkaia;21;44;2533,44;120,64;20
2024;4;Espectaculos;Música;País Vasco;Bizkaia;90;187;1539,9;17,11;50
2024;4;Espectaculos;Música;Castilla y León;Zamora;9;19;108;12;7
2024;4;Espectaculos;Música;Castilla y León;Zamora;34;71;408,34;12,01;20
2024;4;Espectaculos;Música;Castilla y León;Zamora;708;1469;9791,64;13,83;330
2024;4;Actividades;Actividades infantiles;Castilla y León;Zamora;293;608;8450,12;28,84;164
2024;4;Espectaculos;Cultura, teatro y danza;Castilla y León;Zamora;22;46;1056;48;18
2024;4;Espectaculos;Música;Aragón;Zaragoza;95;197;475;5;44
2024;4;Espectaculos;Cine;Aragón;Zaragoza;9;19;51,75;5,75;5
2024;4;Espectaculos;Música;Aragón;Zaragoza;9;19;31,5;3,5;4
2024;4;Espectaculos;Música;Aragón;Zaragoza;10;21;120;12;6
2024;4;Actividades;Deportes y aventuras;Aragón;Zaragoza;49;102;483,63;9,87;18
2024;4;Espectaculos;Cultura, teatro y danza;Aragón;Zaragoza;51;106;765;15;22
2024;4;Espectaculos;Conferencias;Aragón;Zaragoza;18;193;147,06;8,17;15
2024;4;Actividades;Cursos;Aragón;Zaragoza;3;6;60;20;1
2024;4;Espectaculos;Musicales;Aragón;Zaragoza;62;191;540,02;8,71;22
2024;4;Espectaculos;Música;Aragón;Zaragoza;4597;9537;62335,32;13,56;2810
2024;4;Actividades;Deportes y aventuras;Aragón;Zaragoza;134;278;1802,3;13,45;87
2024;4;Actividades;Actividades infantiles;Aragón;Zaragoza;718;1490;3877,2;5,4;221
2024;4;Espectaculos;Cultura, teatro y danza;Aragón;Zaragoza;1664;3759;20883,2;12,55;615
2024;4;Espectaculos;Museo y exposiciones;Aragón;Zaragoza;302;627;1047,94;3,47;98
2024;4;Actividades;Gastronomía;Aragón;Zaragoza;22;46;143;6,5;6
2024;4;Espectaculos;Música;Ceuta;Ceuta;46;95;323,38;7,03;32
2024;4;Espectaculos;Cultura, teatro y danza;Ceuta;Ceuta;38;79;285;7,5;17
2024;4;Espectaculos;Conferencias;Total Nacional;Total Nacional;7310;16464;156183,267;21,3657;6335
2024;4;Actividades;Cursos;Total Nacional;Total Nacional;3139;7681;199703,8078;63,6202;2382
2024;4;Espectaculos;Cine;Total Nacional;Total Nacional;1581;3742;11228,4201;7,1021;807
2024;4;Espectaculos;Musicales;Total Nacional;Total Nacional;7926;16215;99021,1032;12,4932;2964
2024;4;Espectaculos;Parques temáticos;Total Nacional;Total Nacional;24;50;612,72;25,53;12
2024;4;Espectaculos;Ferias;Total Nacional;Total Nacional;385;871;10908,3205;28,3333;318
2024;4;Espectaculos;Música;Total Nacional;Total Nacional;160712;348667;2532338,984;15,757;93542
2024;4;Actividades;Deportes y aventuras;Total Nacional;Total Nacional;6172;12953;86656,1144;14,0402;3449
2024;4;Actividades;Actividades infantiles;Total Nacional;Total Nacional;25024;52345;344605,504;13,771;10136
2024;4;Espectaculos;Cultura, teatro y danza;Total Nacional;Total Nacional;47673;100051;685146,8214;14,3718;19851
2024;4;Espectaculos;Museo y exposiciones;Total Nacional;Total Nacional;1881;4535;22574,4453;12,0013;508
2024;4;Actividades;Gastronomía;Total Nacional;Total Nacional;2005;4158;46099,9625;22,9925;984
2024;5;Actividades;Deportes y aventuras;País Vasco;Araba/Álava;42;76;188,58;4,49;24
2024;5;Espectaculos;Música;País Vasco;Araba/Álava;219;694;2435,28;11,12;128
2024;5;Actividades;Actividades infantiles;País Vasco;Araba/Álava;14;25;84,98;6,07;3
2024;5;Espectaculos;Cultura, teatro y danza;País Vasco;Araba/Álava;459;827;3346,11;7,29;207
2024;5;Actividades;Actividades infantiles;País Vasco;Araba/Álava;3;5;9;3;2
2024;5;Espectaculos;Musicales;Castilla - La Mancha;Albacete;43;77;756,8;17,6;14
2024;5;Espectaculos;Música;Castilla - La Mancha;Albacete;173;290;2084,65;12,05;89
2024;5;Actividades;Actividades infantiles;Castilla - La Mancha;Albacete;43;77;756,8;17,6;14
2024;5;Espectaculos;Cultura, teatro y danza;Castilla - La Mancha;Albacete;186;334;1951,14;10,49;78
2024;5;Actividades;Gastronomía;Castilla - La Mancha;Albacete;2;4;18,9;9,45;1
2024;5;Espectaculos;Cultura, teatro y danza;Castilla - La Mancha;Albacete;57;103;756,96;13,28;18
2024;5;Espectaculos;Música;Castilla - La Mancha;Albacete;26;47;1043,38;40,13;11
2024;5;Espectaculos;Musicales;Comunitat Valenciana;Alicante/Alacant;664;1195;4648;7;241
2024;5;Espectaculos;Música;Comunitat Valenciana;Alicante/Alacant;16;29;310,88;19,43;7
2024;5;Actividades;Actividades infantiles;Comunitat Valenciana;Alicante/Alacant;664;1195;4648;7;241
2024;5;Espectaculos;Cultura, teatro y danza;Comunitat Valenciana;Alicante/Alacant;788;1418;5118,06;6,495;292
2024;5;Espectaculos;Cultura, teatro y danza;Comunitat Valenciana;Alicante/Alacant;19;34;344,09;18,11;8
2024;5;Espectaculos;Música;Comunitat Valenciana;Alicante/Alacant;1522;3101;25402,18;16,69;860
2024;5;Actividades;Deportes y aventuras;Comunitat Valenciana;Alicante/Alacant;16;29;200;12,5;16
2024;5;Espectaculos;Cultura, teatro y danza;Comunitat Valenciana;Alicante/Alacant;556;992;13521,92;24,32;206
2024;5;Actividades;Gastronomía;Comunitat Valenciana;Alicante/Alacant;117;210;964,08;8,24;49
2024;5;Actividades;Actividades infantiles;Comunitat Valenciana;Alicante/Alacant;3;5;122,58;40,86;3
2024;5;Espectaculos;Música;Comunitat Valenciana;Alicante/Alacant;59;106;549,29;9,31;31
2024;5;Espectaculos;Música;Comunitat Valenciana;Alicante/Alacant;6;11;170,04;28,34;1
2024;5;Espectaculos;Música;Comunitat Valenciana;Alicante/Alacant;64;115;1653,76;25,84;32
2024;5;Espectaculos;Música;Comunitat Valenciana;Alicante/Alacant;142;256;816,5;5,75;80
2024;5;Espectaculos;Música;Comunitat Valenciana;Alicante/Alacant;42;76;631,26;15,03;26
2024;5;Espectaculos;Música;Comunitat Valenciana;Alicante/Alacant;116;209;1438,4;12,4;81
2024;5;Espectaculos;Cine;Comunitat Valenciana;Alicante/Alacant;20;36;100;5;10
2024;5;Espectaculos;Música;Comunitat Valenciana;Alicante/Alacant;1383;2489;20177,97;14,59;1208
2024;5;Actividades;Actividades infantiles;Comunitat Valenciana;Alicante/Alacant;3;5;24;8;1
2024;5;Espectaculos;Cultura, teatro y danza;Comunitat Valenciana;Alicante/Alacant;239;430;1880,93;7,87;102
2024;5;Espectaculos;Música;Comunitat Valenciana;Alicante/Alacant;27;49;406,89;15,07;12
2024;5;Espectaculos;Música;Comunitat Valenciana;Alicante/Alacant;29;52;526,06;18,14;17
2024;5;Espectaculos;Cultura, teatro y danza;Comunitat Valenciana;Alicante/Alacant;24;43;211,68;8,82;11
2024;5;Espectaculos;Música;Comunitat Valenciana;Alicante/Alacant;17;31;185,13;10,89;5
2024;5;Espectaculos;Música;Comunitat Valenciana;Alicante/Alacant;63;113;1099,98;17,46;30
2024;5;Espectaculos;Cultura, teatro y danza;Comunitat Valenciana;Alicante/Alacant;4;7;240;60;2
2024;5;Actividades;Deportes y aventuras;Comunitat Valenciana;Alicante/Alacant;1;2;80;80;1
2024;5;Actividades;Actividades infantiles;Comunitat Valenciana;Alicante/Alacant;1;2;80;80;1
2024;5;Espectaculos;Música;Comunitat Valenciana;Alicante/Alacant;14;25;548,52;39,18;7
2024;5;Espectaculos;Música;Comunitat Valenciana;Alicante/Alacant;200;360;4572;22,86;106
2024;5;Espectaculos;Música;Comunitat Valenciana;Alicante/Alacant;20;36;321,4;16,07;16
2024;5;Actividades;Deportes y aventuras;Comunitat Valenciana;Alicante/Alacant;23;41;234,6;10,2;7
2024;5;Espectaculos;Cine;Andalucía;Almería;8;14;47,68;5,96;3
2024;5;Actividades;Actividades infantiles;Andalucía;Almería;4;7;26,32;6,58;1
2024;5;Espectaculos;Música;Andalucía;Almería;2365;4256;48246;20,4;2243
2024;5;Espectaculos;Cultura, teatro y danza;Andalucía;Almería;247;444;2613,26;10,58;110
2024;5;Actividades;Actividades infantiles;Andalucía;Almería;16;29;360;22,5;5
2024;5;Espectaculos;Cultura, teatro y danza;Andalucía;Almería;16;29;360;22,5;5
2024;5;Espectaculos;Música;Andalucía;Almería;1;2;60,5;60,5;1
2024;5;Espectaculos;Cultura, teatro y danza;Andalucía;Almería;162;292;3013,2;18,6;56
2024;5;Espectaculos;Música;Andalucía;Almería;42;76;867,3;20,65;28
2024;5;Espectaculos;Cultura, teatro y danza;Andalucía;Almería;362;651;4691,52;12,96;100
2024;5;Espectaculos;Música;Andalucía;Almería;8;14;94,4;11,8;7
2024;5;Espectaculos;Música;Extremadura;Badajoz;80;144;643,2;8,04;32
2024;5;Espectaculos;Música;Extremadura;Badajoz;16;29;208;13;8
2024;5;Espectaculos;Música;Extremadura;Badajoz;794;1369;9932,94;12,51;506
2024;5;Espectaculos;Musicales;Extremadura;Badajoz;265;477;5167,5;19,5;89
2024;5;Espectaculos;Cultura, teatro y danza;Extremadura;Badajoz;265;477;5167,5;19,5;89
2024;5;Espectaculos;Música;Extremadura;Badajoz;13;23;123,5;9,5;6
2024;5;Espectaculos;Cultura, teatro y danza;Extremadura;Badajoz;2;4;8;4;1
2024;5;Actividades;Deportes y aventuras;Extremadura;Badajoz;27;49;283,5;10,5;27
2024;5;Espectaculos;Música;Extremadura;Badajoz;4;7;88;22;1
2024;5;Espectaculos;Música;Illes Balears;Illes Balears;4;7;62,16;15,54;2
2024;5;Actividades;Actividades infantiles;Illes Balears;Illes Balears;164;295;2830,64;17,26;116
2024;5;Actividades;Cursos;Illes Balears;Illes Balears;2;4;10,36;5,18;1
2024;5;Espectaculos;Música;Illes Balears;Illes Balears;116;209;1164,64;10,04;68
2024;5;Espectaculos;Cultura, teatro y danza;Illes Balears;Illes Balears;463;833;4630;10;193
2024;5;Actividades;Cursos;Illes Balears;Illes Balears;17;31;387,6;22,8;9
2024;5;Espectaculos;Cine;Illes Balears;Illes Balears;78;140;1691,04;21,68;39
2024;5;Espectaculos;Música;Illes Balears;Illes Balears;52;94;749,32;14,41;24
2024;5;Actividades;Deportes y aventuras;Illes Balears;Illes Balears;52;94;407,16;7,83;34
2024;5;Espectaculos;Cultura, teatro y danza;Illes Balears;Illes Balears;73;131;2995,19;41,03;30
2024;5;Espectaculos;Música;Illes Balears;Illes Balears;135;243;1890;14;59
2024;5;Actividades;Cursos;Illes Balears;Illes Balears;91;164;6370;70;35
2024;5;Espectaculos;Música;Illes Balears;Illes Balears;1814;3264;34121,34;18,81;981
2024;5;Actividades;Actividades infantiles;Illes Balears;Illes Balears;1465;2636;23659,75;16,15;812
2024;5;Actividades;Gastronomía;Illes Balears;Illes Balears;91;164;6370;70;35
2024;5;Actividades;Cursos;Illes Balears;Illes Balears;63;113;4356,45;69,15;26
2024;5;Espectaculos;Música;Illes Balears;Illes Balears;31;56;197,47;6,37;16
2024;5;Actividades;Gastronomía;Illes Balears;Illes Balears;63;113;4356,45;69,15;26
2024;5;Espectaculos;Música;Illes Balears;Illes Balears;885;1497;13903,35;15,71;534
2024;5;Espectaculos;Música;Illes Balears;Illes Balears;426;767;5359,08;12,58;215
2024;5;Actividades;Actividades infantiles;Illes Balears;Illes Balears;58;104;730,22;12,59;27
2024;5;Espectaculos;Música;Illes Balears;Illes Balears;772;1389;6778,16;8,78;350
2024;5;Espectaculos;Cultura, teatro y danza;Illes Balears;Illes Balears;7;13;36,26;5,18;3
2024;5;Espectaculos;Música;Illes Balears;Illes Balears;5;9;107,55;21,51;3
2024;5;Actividades;Deportes y aventuras;Illes Balears;Illes Balears;166;299;1849,24;11,14;60
2024;5;Espectaculos;Cultura, teatro y danza;Illes Balears;Illes Balears;36;65;111,96;3,11;15
2024;5;Espectaculos;Música;Illes Balears;Illes Balears;42;147;447,72;10,66;20
2024;5;Espectaculos;Cultura, teatro y danza;Illes Balears;Illes Balears;2;4;8,3;4,15;1
2024;5;Espectaculos;Música;Illes Balears;Illes Balears;281;506;3964,91;14,11;148
2024;5;Espectaculos;Música;Illes Balears;Illes Balears;255;459;3304,8;12,96;95
2024;5;Espectaculos;Música;Illes Balears;Illes Balears;392;706;9772,56;24,93;193
2024;5;Espectaculos;Cultura, teatro y danza;Illes Balears;Illes Balears;32;58;338,88;10,59;8
2024;5;Espectaculos;Música;Illes Balears;Illes Balears;83;174;1208,48;14,56;45
2024;5;Espectaculos;Música;Illes Balears;Illes Balears;232;417;5208,4;22,45;96
2024;5;Espectaculos;Música;Illes Balears;Illes Balears;2;4;24,88;12,44;1
2024;5;Actividades;Cursos;Illes Balears;Illes Balears;11;20;1305,7;118,7;11
2024;5;Espectaculos;Música;Illes Balears;Illes Balears;104;187;1563,12;15,03;54
2024;5;Actividades;Cursos;Illes Balears;Illes Balears;1;2;30;30;1
2024;5;Espectaculos;Cine;Illes Balears;Illes Balears;12;22;52,92;4,41;8
2024;5;Espectaculos;Música;Illes Balears;Illes Balears;236;399;3011,36;12,76;102
2024;5;Espectaculos;Cultura, teatro y danza;Illes Balears;Illes Balears;22;40;173,8;7,9;12
2024;5;Espectaculos;Música;Illes Balears;Illes Balears;199;359;2250,69;11,31;82
2024;5;Espectaculos;Música;Illes Balears;Illes Balears;9;16;112,68;12,52;7
2024;5;Actividades;Cursos;Illes Balears;Illes Balears;54;97;3780;70;19
2024;5;Espectaculos;Música;Illes Balears;Illes Balears;247;445;3043,04;12,32;158
2024;5;Actividades;Gastronomía;Illes Balears;Illes Balears;70;126;2774,8;39,64;29
2024;5;Espectaculos;Conferencias;Illes Balears;Illes Balears;115;201;724,5;6,3;92
2024;5;Actividades;Cursos;Illes Balears;Illes Balears;26;47;197,34;7,59;20
2024;5;Espectaculos;Musicales;Illes Balears;Illes Balears;28;50;300,44;10,73;14
2024;5;Espectaculos;Música;Illes Balears;Illes Balears;9671;34695;209715,635;21,685;5432
2024;5;Actividades;Actividades infantiles;Illes Balears;Illes Balears;67;120;2238,47;33,41;34
2024;5;Espectaculos;Cultura, teatro y danza;Illes Balears;Illes Balears;1240;2204;12164,4;9,81;601
2024;5;Espectaculos;Museo y exposiciones;Illes Balears;Illes Balears;2;4;10,36;5,18;1
2024;5;Actividades;Gastronomía;Illes Balears;Illes Balears;74;133;871,72;11,78;43
2024;5;Espectaculos;Música;Illes Balears;Illes Balears;105;690;1031,1;9,82;47
2024;5;Espectaculos;Cultura, teatro y danza;Illes Balears;Illes Balears;2345;4220;14984,55;6,39;678
2024;5;Espectaculos;Música;Illes Balears;Illes Balears;367;661;8606,15;23,45;189
2024;5;Actividades;Actividades infantiles;Illes Balears;Illes Balears;120;216;249,6;2,08;40
2024;5;Espectaculos;Cultura, teatro y danza;Illes Balears;Illes Balears;120;596;249,6;2,08;40
2024;5;Espectaculos;Música;Illes Balears;Illes Balears;2160;3715;68990,4;31,94;1484
2024;5;Espectaculos;Cine;Illes Balears;Illes Balears;17;31;52,87;3,11;9
2024;5;Espectaculos;Música;Illes Balears;Illes Balears;34;259;354,28;10,42;18
2024;5;Espectaculos;Cultura, teatro y danza;Illes Balears;Illes Balears;124;873;771,28;6,22;59
2024;5;Espectaculos;Cultura, teatro y danza;Illes Balears;Illes Balears;28;50;145,04;5,18;14
2024;5;Espectaculos;Museo y exposiciones;Illes Balears;Illes Balears;28;50;145,04;5,18;14
2024;5;Espectaculos;Música;Illes Balears;Illes Balears;130;234;2523,3;19,41;54
2024;5;Espectaculos;Música;Illes Balears;Illes Balears;137;874;915,16;6,68;34
2024;5;Espectaculos;Música;Illes Balears;Illes Balears;102;184;648,72;6,36;49
2024;5;Espectaculos;Cultura, teatro y danza;Illes Balears;Illes Balears;214;385;1356,76;6,34;105
2024;5;Espectaculos;Música;Illes Balears;Illes Balears;2;4;41,46;20,73;1
2024;5;Espectaculos;Música;Illes Balears;Illes Balears;1031;1855;19826,13;19,23;698
2024;5;Actividades;Actividades infantiles;Illes Balears;Illes Balears;196;353;7481,32;38,17;194
2024;5;Espectaculos;Música;Illes Balears;Illes Balears;28;154;426,44;15,23;16
2024;5;Espectaculos;Música;Illes Balears;Illes Balears;105;982;994,35;9,47;47
2024;5;Actividades;Actividades infantiles;Illes Balears;Illes Balears;32;58;164,16;5,13;11
2024;5;Espectaculos;Cultura, teatro y danza;Illes Balears;Illes Balears;16;29;80,16;5,01;5
2024;5;Espectaculos;Música;Illes Balears;Illes Balears;287;516;5688,34;19,82;213
2024;5;Espectaculos;Música;Illes Balears;Illes Balears;48;193;563,52;11,74;22
2024;5;Espectaculos;Música;Illes Balears;Illes Balears;107;193;555,33;5,19;46
2024;5;Espectaculos;Música;Illes Balears;Illes Balears;17;31;572,56;33,68;8
2024;5;Actividades;Actividades infantiles;Illes Balears;Illes Balears;10;18;103,6;10,36;6
2024;5;Espectaculos;Cultura, teatro y danza;Illes Balears;Illes Balears;10;18;103,6;10,36;6
2024;5;Espectaculos;Música;Illes Balears;Illes Balears;523;941;16636,63;31,81;228
2024;5;Actividades;Gastronomía;Illes Balears;Illes Balears;320;576;22790,4;71,22;127
2024;5;Espectaculos;Música;Illes Balears;Illes Balears;44;563;1136,52;25,83;22
2024;5;Espectaculos;Cultura, teatro y danza;Illes Balears;Illes Balears;180;324;1864,8;10,36;67
2024;5;Espectaculos;Música;Cataluña;Barcelona;34;61;357,68;10,52;20
2024;5;Espectaculos;Música;Cataluña;Barcelona;21;38;210;10;9
2024;5;Espectaculos;Música;Cataluña;Barcelona;238;428;3420,06;14,37;147
2024;5;Actividades;Deportes y aventuras;Cataluña;Barcelona;11;20;55;5;11
2024;5;Espectaculos;Conferencias;Cataluña;Barcelona;22;40;263,78;11,99;20
2024;5;Actividades;Cursos;Cataluña;Barcelona;607;2315;46229,12;76,16;378
2024;5;Espectaculos;Cine;Cataluña;Barcelona;281;644;2155,27;7,67;196
2024;5;Espectaculos;Musicales;Cataluña;Barcelona;1707;3072;18042,99;10,57;741
2024;5;Espectaculos;Música;Cataluña;Barcelona;26457;44977;364577,46;13,78;15777
2024;5;Actividades;Deportes y aventuras;Cataluña;Barcelona;2558;4381;33791,18;13,21;1851
2024;5;Actividades;Actividades infantiles;Cataluña;Barcelona;1900;3419;25916;13,64;879
2024;5;Espectaculos;Cultura, teatro y danza;Cataluña;Barcelona;6611;12073;100817,75;15,25;3212
2024;5;Espectaculos;Museo y exposiciones;Cataluña;Barcelona;59;106;787,06;13,34;24
2024;5;Actividades;Gastronomía;Cataluña;Barcelona;255;459;8111,55;31,81;154
2024;5;Espectaculos;Música;Cataluña;Barcelona;28;50;399,84;14,28;12
2024;5;Actividades;Gastronomía;Cataluña;Barcelona;28;50;399,84;14,28;12
2024;5;Actividades;Actividades infantiles;Cataluña;Barcelona;38;68;147,82;3,89;30
2024;5;Espectaculos;Cultura, teatro y danza;Cataluña;Barcelona;207;372;1014,3;4,9;54
2024;5;Espectaculos;Musicales;Cataluña;Barcelona;71;128;462,21;6,51;26
2024;5;Actividades;Actividades infantiles;Cataluña;Barcelona;71;128;462,21;6,51;26
2024;5;Espectaculos;Cultura, teatro y danza;Cataluña;Barcelona;130;234;904,8;6,96;51
2024;5;Actividades;Deportes y aventuras;Cataluña;Barcelona;41;74;615,82;15,02;26
2024;5;Espectaculos;Música;Cataluña;Barcelona;4;7;20;5;2
2024;5;Actividades;Deportes y aventuras;Cataluña;Barcelona;66;119;157,08;2,38;55
2024;5;Espectaculos;Cultura, teatro y danza;Cataluña;Barcelona;7;13;70;10;2
2024;5;Espectaculos;Musicales;Cataluña;Barcelona;6;11;92,4;15,4;2
2024;5;Actividades;Deportes y aventuras;Cataluña;Barcelona;77;139;377,3;4,9;60
2024;5;Actividades;Actividades infantiles;Cataluña;Barcelona;77;139;377,3;4,9;60
2024;5;Espectaculos;Cultura, teatro y danza;Cataluña;Barcelona;6;11;92,4;15,4;2
2024;5;Espectaculos;Música;Cataluña;Barcelona;8;14;108,4;13,55;2
2024;5;Actividades;Actividades infantiles;Cataluña;Barcelona;8;14;108,4;13,55;2
2024;5;Espectaculos;Música;Cataluña;Barcelona;16;29;962,24;60,14;9
2024;5;Espectaculos;Música;Cataluña;Barcelona;267;480;3380,22;12,66;104
2024;5;Actividades;Deportes y aventuras;Cataluña;Barcelona;94;169;883,6;9,4;51
2024;5;Actividades;Actividades infantiles;Cataluña;Barcelona;85;153;510;6;30
2024;5;Espectaculos;Cultura, teatro y danza;Cataluña;Barcelona;167;301;1269,2;7,6;74
2024;5;Espectaculos;Música;Cataluña;Barcelona;535;962;7901,95;14,77;344
2024;5;Espectaculos;Cultura, teatro y danza;Cataluña;Barcelona;159;287;2232,36;14,04;102
2024;5;Espectaculos;Música;Cataluña;Barcelona;84;151;731,64;8,71;57
2024;5;Espectaculos;Música;Cataluña;Barcelona;143;257;1528,67;10,69;80
2024;5;Actividades;Gastronomía;Cataluña;Barcelona;55;99;666,05;12,11;21
2024;5;Espectaculos;Musicales;Cataluña;Barcelona;43;77;344;8;22
2024;5;Espectaculos;Música;Cataluña;Barcelona;108;194;1571,4;14,55;72
2024;5;Espectaculos;Cultura, teatro y danza;Cataluña;Barcelona;43;77;344;8;22
2024;5;Espectaculos;Música;Cataluña;Barcelona;66;119;1636,14;24,79;28
2024;5;Espectaculos;Cultura, teatro y danza;Cataluña;Barcelona;5;9;25;5;4
2024;5;Espectaculos;Música;Cataluña;Barcelona;13;23;164,19;12,63;6
2024;5;Actividades;Actividades infantiles;Cataluña;Barcelona;13;23;164,19;12,63;6
2024;5;Actividades;Actividades infantiles;Cataluña;Barcelona;1032;1857;8101,2;7,85;284
2024;5;Espectaculos;Música;Cataluña;Barcelona;20;36;124;6,2;8
2024;5;Espectaculos;Música;Cataluña;Barcelona;216;389;7054,56;32,66;110
2024;5;Espectaculos;Cultura, teatro y danza;Cataluña;Barcelona;23;41;116,38;5,06;18
2024;5;Espectaculos;Música;Cataluña;Barcelona;61;110;1057,74;17,34;27
2024;5;Actividades;Actividades infantiles;Cataluña;Barcelona;44;79;783,2;17,8;19
2024;5;Actividades;Gastronomía;Cataluña;Barcelona;44;79;783,2;17,8;19
2024;5;Espectaculos;Música;Cataluña;Barcelona;111;200;2224,44;20,04;50
2024;5;Espectaculos;Cultura, teatro y danza;Cataluña;Barcelona;271;488;2720,84;10,04;108
2024;5;Espectaculos;Música;Cataluña;Barcelona;49;88;153,86;3,14;32
2024;5;Espectaculos;Música;Cataluña;Barcelona;516;929;4840,08;9,38;244
2024;5;Espectaculos;Cultura, teatro y danza;Cataluña;Barcelona;12;22;171;14,25;6
2024;5;Espectaculos;Música;Cataluña;Barcelona;12;22;120,6;10,05;7
2024;5;Espectaculos;Música;Cataluña;Barcelona;107;193;1611,42;15,06;55
2024;5;Actividades;Cursos;Cataluña;Barcelona;30;54;1039,8;34,66;30
2024;5;Espectaculos;Música;Cataluña;Barcelona;34;61;711,62;20,93;30
2024;5;Actividades;Deportes y aventuras;Cataluña;Barcelona;115;207;2055,05;17,87;68
2024;5;Actividades;Actividades infantiles;Cataluña;Barcelona;10;18;293,6;29,36;10
2024;5;Espectaculos;Música;Cataluña;Barcelona;100;180;1086;10,86;62
2024;5;Espectaculos;Cultura, teatro y danza;Cataluña;Barcelona;35;63;422,45;12,07;19
2024;5;Espectaculos;Música;Cataluña;Barcelona;132;238;2403,72;18,21;75
2024;5;Espectaculos;Cultura, teatro y danza;Cataluña;Barcelona;31;56;155,62;5,02;20
2024;5;Espectaculos;Música;Cataluña;Barcelona;50;90;294;5,88;13
2024;5;Espectaculos;Música;Cataluña;Barcelona;180;324;2091,6;11,62;100
2024;5;Espectaculos;Cultura, teatro y danza;Cataluña;Barcelona;18;32;90;5;9
2024;5;Espectaculos;Cine;Cataluña;Barcelona;38;68;114;3;15
2024;5;Espectaculos;Música;Cataluña;Barcelona;92;166;1214,4;13,2;28
2024;5;Espectaculos;Cultura, teatro y danza;Cataluña;Barcelona;29;53;384,54;13,26;16
2024;5;Espectaculos;Música;Cataluña;Barcelona;308;554;2882,88;9,36;174
2024;5;Actividades;Actividades infantiles;Cataluña;Barcelona;116;225;1392;12;42
2024;5;Espectaculos;Cultura, teatro y danza;Cataluña;Barcelona;43;98;210,7;4,9;18
2024;5;Espectaculos;Música;Cataluña;Barcelona;105;189;1335,6;12,72;57
2024;5;Actividades;Gastronomía;Cataluña;Barcelona;12;22;308,04;25,67;12
2024;5;Espectaculos;Musicales;Cataluña;Barcelona;50;90;525;10,5;20
2024;5;Espectaculos;Música;Cataluña;Barcelona;2;4;70;35;2
2024;5;Actividades;Actividades infantiles;Cataluña;Barcelona;50;90;525;10,5;20
2024;5;Espectaculos;Cultura, teatro y danza;Cataluña;Barcelona;207;372;3022,2;14,6;79
2024;5;Espectaculos;Música;Cataluña;Barcelona;21;38;315;15;11
2024;5;Espectaculos;Cultura, teatro y danza;Cataluña;Barcelona;46;83;451,26;9,81;20
2024;5;Espectaculos;Música;Cataluña;Barcelona;3;5;33;11;2
2024;5;Espectaculos;Musicales;Cataluña;Barcelona;482;867;4713,96;9,78;223
2024;5;Espectaculos;Cultura, teatro y danza;Cataluña;Barcelona;1059;1906;10526,46;9,94;488
2024;5;Espectaculos;Musicales;Cataluña;Barcelona;21;38;212,94;10,14;7
2024;5;Espectaculos;Música;Cataluña;Barcelona;326;543;3113,3;9,55;163
2024;5;Espectaculos;Cultura, teatro y danza;Cataluña;Barcelona;58;104;452,98;7,81;25
2024;5;Actividades;Gastronomía;Cataluña;Barcelona;42;76;447,72;10,66;19
2024;5;Espectaculos;Música;Cataluña;Barcelona;26;47;1016,6;39,1;16
2024;5;Espectaculos;Música;Cataluña;Barcelona;220;396;572;2,6;72
2024;5;Actividades;Actividades infantiles;Cataluña;Barcelona;220;396;572;2,6;72
2024;5;Actividades;Cursos;Cataluña;Barcelona;56;100;753,76;13,46;41
2024;5;Espectaculos;Música;Cataluña;Barcelona;505;881;3080,5;6,1;325
2024;5;Actividades;Actividades infantiles;Cataluña;Barcelona;77;139;739,2;9,6;43
2024;5;Espectaculos;Cultura, teatro y danza;Cataluña;Barcelona;137;246;1408,36;10,28;75
2024;5;Espectaculos;Música;Cataluña;Barcelona;54;97;1024,92;18,98;15
2024;5;Espectaculos;Música;Cataluña;Barcelona;3;5;30;10;2
2024;5;Espectaculos;Música;Cataluña;Barcelona;69;124;1361,37;19,73;55
2024;5;Espectaculos;Música;Cataluña;Barcelona;128;230;912,64;7,13;78
2024;5;Espectaculos;Música;Castilla y León;Burgos;17;31;85;5;7
2024;5;Espectaculos;Música;Castilla y León;Burgos;63;113;623,7;9,9;37
2024;5;Espectaculos;Música;Castilla y León;Burgos;30;54;448,8;14,96;21
2024;5;Espectaculos;Música;Castilla y León;Burgos;61;110;1291,37;21,17;27
2024;5;Espectaculos;Musicales;Extremadura;Cáceres;59;106;1038,4;17,6;18
2024;5;Espectaculos;Música;Extremadura;Cáceres;20;136;192,2;9,61;10
2024;5;Actividades;Actividades infantiles;Extremadura;Cáceres;59;106;1038,4;17,6;18
2024;5;Espectaculos;Cultura, teatro y danza;Extremadura;Cáceres;80;144;904;11,3;27
2024;5;Espectaculos;Musicales;Extremadura;Cáceres;11;20;33;3;6
2024;5;Espectaculos;Música;Extremadura;Cáceres;2;4;36;18;1
2024;5;Espectaculos;Cultura, teatro y danza;Extremadura;Cáceres;11;20;33;3;6
2024;5;Actividades;Deportes y aventuras;Extremadura;Cáceres;187;416;1812,03;9,69;168
2024;5;Espectaculos;Música;Extremadura;Cáceres;18;32;149,94;8,33;7
2024;5;Espectaculos;Musicales;Extremadura;Cáceres;8;14;140,8;17,6;3
2024;5;Actividades;Actividades infantiles;Extremadura;Cáceres;8;14;140,8;17,6;3
2024;5;Espectaculos;Cultura, teatro y danza;Extremadura;Cáceres;8;14;140,8;17,6;3
2024;5;Espectaculos;Cultura, teatro y danza;Extremadura;Cáceres;11;20;107,91;9,81;4
2024;5;Espectaculos;Música;Andalucía;Cádiz;41;74;528,9;12,9;27
2024;5;Actividades;Cursos;Andalucía;Cádiz;5;9;262,95;52,59;4
2024;5;Espectaculos;Musicales;Andalucía;Cádiz;8;14;82,56;10,32;3
2024;5;Espectaculos;Música;Andalucía;Cádiz;655;1179;10807,5;16,5;293
2024;5;Espectaculos;Cultura, teatro y danza;Andalucía;Cádiz;105;189;1193,85;11,37;41
2024;5;Actividades;Gastronomía;Andalucía;Cádiz;7;13;102,69;14,67;4
2024;5;Espectaculos;Música;Andalucía;Cádiz;248;446;4116,8;16,6;160
2024;5;Espectaculos;Música;Andalucía;Cádiz;376;677;16246,96;43,21;188
2024;5;Espectaculos;Cultura, teatro y danza;Andalucía;Cádiz;10;18;61;6,1;6
2024;5;Actividades;Gastronomía;Andalucía;Cádiz;63;113;4135,32;65,64;23
2024;5;Espectaculos;Música;Andalucía;Cádiz;67;351;582,23;8,69;45
2024;5;Espectaculos;Música;Andalucía;Cádiz;7;13;73,5;10,5;6
2024;5;Actividades;Actividades infantiles;Andalucía;Cádiz;1;2;18,65;18,65;1
2024;5;Espectaculos;Cultura, teatro y danza;Andalucía;Cádiz;10;18;166,8;16,68;4
2024;5;Espectaculos;Música;Andalucía;Cádiz;3;5;19,44;6,48;2
2024;5;Espectaculos;Cultura, teatro y danza;Andalucía;Cádiz;16;29;160;10;8
2024;5;Espectaculos;Musicales;Andalucía;Cádiz;103;185;1666,54;16,18;35
2024;5;Actividades;Actividades infantiles;Andalucía;Cádiz;103;185;1666,54;16,18;35
2024;5;Espectaculos;Cultura, teatro y danza;Andalucía;Cádiz;103;185;1666,54;16,18;35
2024;5;Espectaculos;Cine;Andalucía;Cádiz;360;822;1098;3,05;199
2024;5;Espectaculos;Música;Andalucía;Cádiz;77;139;770;10;46
2024;5;Actividades;Actividades infantiles;Andalucía;Cádiz;40;107;118;2,95;22
2024;5;Espectaculos;Cultura, teatro y danza;Andalucía;Cádiz;4;7;28;7;2
2024;5;Espectaculos;Música;Andalucía;Cádiz;22;40;242;11;8
2024;5;Espectaculos;Cultura, teatro y danza;Comunitat Valenciana;Castellón/Castelló;82;148;756,86;9,23;32
2024;5;Espectaculos;Música;Comunitat Valenciana;Castellón/Castelló;570;1026;7167,75;12,575;340
2024;5;Actividades;Actividades infantiles;Comunitat Valenciana;Castellón/Castelló;16;29;195,52;12,22;11
2024;5;Espectaculos;Cultura, teatro y danza;Comunitat Valenciana;Castellón/Castelló;18;32;136,98;7,61;12
2024;5;Espectaculos;Música;Comunitat Valenciana;Castellón/Castelló;1;2;7,4;7,4;1
2024;5;Espectaculos;Música;Comunitat Valenciana;Castellón/Castelló;29;52;511,85;17,65;10
2024;5;Espectaculos;Música;Comunitat Valenciana;Castellón/Castelló;193;347;4298,11;22,27;107
2024;5;Actividades;Deportes y aventuras;Comunitat Valenciana;Castellón/Castelló;51;92;761,94;14,94;31
2024;5;Espectaculos;Música;Comunitat Valenciana;Castellón/Castelló;34;61;378,42;11,13;17
2024;5;Espectaculos;Música;Castilla - La Mancha;Ciudad Real;5;9;130,2;26,04;4
2024;5;Espectaculos;Música;Castilla - La Mancha;Ciudad Real;240;432;2582,4;10,76;99
2024;5;Espectaculos;Música;Castilla - La Mancha;Ciudad Real;5;9;65;13;2
2024;5;Actividades;Actividades infantiles;Castilla - La Mancha;Ciudad Real;5;9;65;13;2
2024;5;Espectaculos;Música;Castilla - La Mancha;Ciudad Real;36;65;555,48;15,43;17
2024;5;Espectaculos;Música;Castilla - La Mancha;Ciudad Real;12;22;119,64;9,97;7
2024;5;Espectaculos;Conferencias;Andalucía;Córdoba;332;597;1826;5,5;102
2024;5;Espectaculos;Música;Andalucía;Córdoba;175;315;2084,25;11,91;106
2024;5;Espectaculos;Cultura, teatro y danza;Andalucía;Córdoba;35;63;479,5;13,7;15
2024;5;Espectaculos;Musicales;Andalucía;Córdoba;119;214;954,38;8,02;38
2024;5;Actividades;Actividades infantiles;Andalucía;Córdoba;119;214;954,38;8,02;38
2024;5;Espectaculos;Cultura, teatro y danza;Andalucía;Córdoba;119;214;954,38;8,02;38
2024;5;Espectaculos;Música;Galicia;A Coruña;15;27;91,35;6,09;11
2024;5;Espectaculos;Música;Galicia;A Coruña;7;13;56;8;6
2024;5;Espectaculos;Música;Galicia;A Coruña;1098;1976;15547,68;14,16;867
2024;5;Actividades;Actividades infantiles;Galicia;A Coruña;120;216;757,2;6,31;41
2024;5;Espectaculos;Cultura, teatro y danza;Galicia;A Coruña;106;191;721,86;6,81;35
2024;5;Espectaculos;Música;Galicia;A Coruña;12;22;248,64;20,72;8
2024;5;Espectaculos;Música;Galicia;A Coruña;37;67;300,81;8,13;19
2024;5;Espectaculos;Música;Galicia;A Coruña;329;592;2803,08;8,52;233
2024;5;Espectaculos;Música;Galicia;A Coruña;532;958;7671,44;14,42;258
2024;5;Espectaculos;Música;Galicia;A Coruña;283;509;4222,36;14,92;132
2024;5;Espectaculos;Música;Castilla - La Mancha;Cuenca;547;984;13264,75;24,25;285
2024;5;Espectaculos;Cultura, teatro y danza;Castilla - La Mancha;Cuenca;39;70;514,8;13,2;20
2024;5;Espectaculos;Cultura, teatro y danza;Castilla - La Mancha;Cuenca;40;72;563,2;14,08;16
2024;5;Espectaculos;Música;Castilla - La Mancha;Cuenca;3;5;11,34;3,78;3
2024;5;Espectaculos;Cine;Cataluña;Girona;3;5;12;4;3
2024;5;Espectaculos;Música;Cataluña;Girona;16;29;235,52;14,72;8
2024;5;Espectaculos;Música;Cataluña;Girona;6;11;60;10;3
2024;5;Espectaculos;Música;Cataluña;Girona;195;351;3673,8;18,84;88
2024;5;Actividades;Actividades infantiles;Cataluña;Girona;4;7;100;25;2
2024;5;Actividades;Gastronomía;Cataluña;Girona;77;139;1349,04;17,52;33
2024;5;Espectaculos;Música;Cataluña;Girona;368;662;3882,4;10,55;139
2024;5;Espectaculos;Música;Cataluña;Girona;127;228;1452,88;11,44;49
2024;5;Actividades;Actividades infantiles;Cataluña;Girona;193;347;1933,86;10,02;56
2024;5;Espectaculos;Cultura, teatro y danza;Cataluña;Girona;884;1591;4959,24;5,61;218
2024;5;Espectaculos;Música;Cataluña;Girona;231;416;3564,33;15,43;100
2024;5;Actividades;Deportes y aventuras;Cataluña;Girona;311;560;1244;4;161
2024;5;Espectaculos;Cultura, teatro y danza;Cataluña;Girona;210;730;1505,7;7,17;166
2024;5;Espectaculos;Música;Cataluña;Girona;74;133;3644,5;49,25;58
2024;5;Espectaculos;Música;Cataluña;Girona;80;879;1576,8;19,71;28
2024;5;Actividades;Actividades infantiles;Cataluña;Girona;80;144;1576,8;19,71;28
2024;5;Espectaculos;Música;Cataluña;Girona;76;137;1223,6;16,1;38
2024;5;Espectaculos;Música;Cataluña;Girona;169;304;3205,93;18,97;88
2024;5;Espectaculos;Cultura, teatro y danza;Cataluña;Girona;71;128;852;12;29
2024;5;Espectaculos;Música;Cataluña;Girona;26;47;392,08;15,08;15
2024;5;Espectaculos;Cultura, teatro y danza;Cataluña;Girona;82;148;730,62;8,91;41
2024;5;Actividades;Gastronomía;Cataluña;Girona;82;148;730,62;8,91;41
2024;5;Espectaculos;Música;Cataluña;Girona;5;9;40;8;2
2024;5;Espectaculos;Música;Cataluña;Girona;53;95;1537;29;31
2024;5;Espectaculos;Música;Cataluña;Girona;50;90;722;14,44;46
2024;5;Actividades;Cursos;Cataluña;Girona;3;5;45;15;3
2024;5;Espectaculos;Música;Cataluña;Girona;21;38;105,63;5,03;10
2024;5;Espectaculos;Cultura, teatro y danza;Cataluña;Girona;7;13;94,99;13,57;4
2024;5;Espectaculos;Música;Cataluña;Girona;25;45;650;26;16
2024;5;Espectaculos;Musicales;Andalucía;Granada;17;31;163,2;9,6;10
2024;5;Espectaculos;Música;Andalucía;Granada;119;214;1742,16;14,64;56
2024;5;Actividades;Actividades infantiles;Andalucía;Granada;67;121;737;11;30
2024;5;Espectaculos;Cultura, teatro y danza;Andalucía;Granada;27;49;291,6;10,8;17
2024;5;Espectaculos;Museo y exposiciones;Andalucía;Granada;10;18;120;12;7
2024;5;Espectaculos;Música;Andalucía;Granada;49;88;519,89;10,61;31
2024;5;Espectaculos;Música;Andalucía;Granada;314;565;6342,8;20,2;166
2024;5;Espectaculos;Música;Andalucía;Granada;8;14;80;10;6
2024;5;Espectaculos;Música;Andalucía;Granada;1999;3679;23788,1;11,9;1288
2024;5;Actividades;Actividades infantiles;Andalucía;Granada;31;56;228,16;7,36;7
2024;5;Espectaculos;Cultura, teatro y danza;Andalucía;Granada;451;765;3508,78;7,78;221
2024;5;Espectaculos;Música;Andalucía;Granada;24;43;358,56;14,94;17
2024;5;Espectaculos;Música;Andalucía;Granada;19;34;493,43;25,97;10
2024;5;Actividades;Actividades infantiles;Andalucía;Granada;19;34;493,43;25,97;10
2024;5;Actividades;Deportes y aventuras;Castilla - La Mancha;Guadalajara;50;90;125;2,5;21
2024;5;Espectaculos;Música;País Vasco;Gipuzkoa;214;385;3278,48;15,32;104
2024;5;Actividades;Cursos;País Vasco;Gipuzkoa;1;2;75;75;1
2024;5;Espectaculos;Cine;País Vasco;Gipuzkoa;47;85;235,47;5,01;26
2024;5;Espectaculos;Música;País Vasco;Gipuzkoa;327;559;3417,15;10,45;135
2024;5;Espectaculos;Cultura, teatro y danza;País Vasco;Gipuzkoa;78;295;1215,24;15,58;35
2024;5;Espectaculos;Música;País Vasco;Gipuzkoa;351;632;4489,29;12,79;120
2024;5;Actividades;Actividades infantiles;País Vasco;Gipuzkoa;90;162;720;8;90
2024;5;Espectaculos;Cultura, teatro y danza;País Vasco;Gipuzkoa;420;756;3360;8;420
2024;5;Espectaculos;Música;País Vasco;Gipuzkoa;27;49;141,48;5,24;13
2024;5;Espectaculos;Cultura, teatro y danza;País Vasco;Gipuzkoa;68;243;534,48;7,86;34
2024;5;Espectaculos;Música;País Vasco;Gipuzkoa;34;61;408;12;21
2024;5;Espectaculos;Cine;País Vasco;Gipuzkoa;16;29;48,96;3,06;8
2024;5;Espectaculos;Música;País Vasco;Gipuzkoa;84;151;672;8;38
2024;5;Espectaculos;Cultura, teatro y danza;País Vasco;Gipuzkoa;8;14;28;3,5;3
2024;5;Actividades;Deportes y aventuras;País Vasco;Gipuzkoa;191;344;7957,06;41,66;76
2024;5;Espectaculos;Cine;País Vasco;Gipuzkoa;11;20;23,98;2,18;7
2024;5;Espectaculos;Cultura, teatro y danza;País Vasco;Gipuzkoa;55;99;112,2;2,04;25
2024;5;Espectaculos;Música;País Vasco;Gipuzkoa;10;18;101;10,1;6
2024;5;Espectaculos;Cine;País Vasco;Gipuzkoa;53;95;311,64;5,88;34
2024;5;Espectaculos;Música;País Vasco;Gipuzkoa;128;231;1364,48;10,66;62
2024;5;Actividades;Actividades infantiles;País Vasco;Gipuzkoa;8;14;125,52;15,69;3
2024;5;Espectaculos;Cultura, teatro y danza;País Vasco;Gipuzkoa;50;90;419,5;8,39;33
2024;5;Espectaculos;Música;País Vasco;Gipuzkoa;74;133;780,7;10,55;48
2024;5;Espectaculos;Música;País Vasco;Gipuzkoa;43;77;632,96;14,72;12
2024;5;Actividades;Deportes y aventuras;País Vasco;Gipuzkoa;11;20;173,25;15,75;5
2024;5;Espectaculos;Música;Andalucía;Huelva;126;227;2307,06;18,31;62
2024;5;Espectaculos;Música;Aragón;Huesca;240;432;2664;11,1;213
2024;5;Espectaculos;Musicales;Aragón;Huesca;705;1269;3870,45;5,49;213
2024;5;Espectaculos;Cultura, teatro y danza;Aragón;Huesca;705;1269;3870,45;5,49;213
2024;5;Espectaculos;Música;Aragón;Huesca;109;196;1127,06;10,34;51
2024;5;Espectaculos;Música;Andalucía;Jaén;6;11;79,2;13,2;2
2024;5;Espectaculos;Música;Andalucía;Jaén;2;4;55;27,5;1
2024;5;Espectaculos;Música;Andalucía;Jaén;341;614;4102,23;12,03;215
2024;5;Espectaculos;Cultura, teatro y danza;Andalucía;Jaén;26;47;346,58;13,33;12
2024;5;Espectaculos;Música;Andalucía;Jaén;42;76;906,36;21,58;14
2024;5;Espectaculos;Música;Andalucía;Jaén;356;641;4692,08;13,18;133
2024;5;Espectaculos;Música;Andalucía;Jaén;2;4;41,2;20,6;1
2024;5;Espectaculos;Música;Andalucía;Jaén;14;25;125,86;8,99;10
2024;5;Espectaculos;Música;Andalucía;Jaén;3;5;122,61;40,87;2
2024;5;Actividades;Actividades infantiles;Andalucía;Jaén;3;5;122,61;40,87;2
2024;5;Espectaculos;Musicales;Castilla y León;León;2;4;44;22;1
2024;5;Espectaculos;Música;Castilla y León;León;89;160;915,81;10,29;42
2024;5;Actividades;Actividades infantiles;Castilla y León;León;74;133;663,04;8,96;30
2024;5;Espectaculos;Cultura, teatro y danza;Castilla y León;León;2;4;44;22;1
2024;5;Espectaculos;Música;Castilla y León;León;47;85;664,58;14,14;24
2024;5;Espectaculos;Música;Cataluña;Lleida;31;56;633,02;20,42;21
2024;5;Espectaculos;Música;Cataluña;Lleida;8;0;144;18;2
2024;5;Espectaculos;Música;Cataluña;Lleida;120;216;956,4;7,97;59
2024;5;Espectaculos;Música;Cataluña;Lleida;2;4;22;11;2
2024;5;Espectaculos;Música;Cataluña;Lleida;43;77;301;7;21
2024;5;Espectaculos;Música;Cataluña;Lleida;451;811;5867,51;13,01;255
2024;5;Espectaculos;Música;Cataluña;Lleida;23;41;161;7;12
2024;5;Espectaculos;Música;Cataluña;Lleida;48;86;1067,04;22,23;31
2024;5;Actividades;Actividades infantiles;Cataluña;Lleida;48;86;1067,04;22,23;31
2024;5;Actividades;Actividades infantiles;Cataluña;Lleida;129;232;387;3;36
2024;5;Espectaculos;Cultura, teatro y danza;Cataluña;Lleida;221;419;663;3;62
2024;5;Espectaculos;Cultura, teatro y danza;Cataluña;Lleida;2;4;24;12;1
2024;5;Espectaculos;Música;La Rioja;La Rioja;77;139;869,33;11,29;63
2024;5;Espectaculos;Cultura, teatro y danza;La Rioja;La Rioja;68;122;1729,92;25,44;29
2024;5;Actividades;Cursos;La Rioja;La Rioja;12;22;361,44;30,12;9
2024;5;Espectaculos;Música;La Rioja;La Rioja;49;88;550,76;11,24;28
2024;5;Espectaculos;Cultura, teatro y danza;La Rioja;La Rioja;84;151;2892,12;34,43;40
2024;5;Actividades;Gastronomía;La Rioja;La Rioja;12;22;361,44;30,12;9
2024;5;Actividades;Actividades infantiles;La Rioja;La Rioja;5;9;125;25;2
2024;5;Espectaculos;Cultura, teatro y danza;La Rioja;La Rioja;5;9;125;25;2
2024;5;Espectaculos;Música;La Rioja;La Rioja;19;34;243,96;12,84;8
2024;5;Actividades;Deportes y aventuras;La Rioja;La Rioja;143;257;1512,94;10,58;112
2024;5;Espectaculos;Música;La Rioja;La Rioja;131;233;4160,56;31,76;63
2024;5;Espectaculos;Música;Galicia;Lugo;17;31;182,75;10,75;8
2024;5;Actividades;Cursos;Galicia;Lugo;3;5;24,75;8,25;1
2024;5;Espectaculos;Musicales;Galicia;Lugo;31;56;545,6;17,6;12
2024;5;Actividades;Actividades infantiles;Galicia;Lugo;31;56;545,6;17,6;12
2024;5;Espectaculos;Cultura, teatro y danza;Galicia;Lugo;31;56;545,6;17,6;12
2024;5;Espectaculos;Música;Galicia;Lugo;17;31;121,72;7,16;12
2024;5;Espectaculos;Cultura, teatro y danza;Galicia;Lugo;2;4;500;250;2
2024;5;Espectaculos;Música;Galicia;Lugo;41;74;660,92;16,12;27
2024;5;Espectaculos;Música;Galicia;Lugo;30;54;232,5;7,75;19
2024;5;Espectaculos;Música;Galicia;Lugo;29;52;708,47;24,43;14
2024;5;Actividades;Actividades infantiles;Comunidad de Madrid;Madrid;1569;2823;9555,21;6,09;457
2024;5;Espectaculos;Cultura, teatro y danza;Comunidad de Madrid;Madrid;1569;2823;9555,21;6,09;457
2024;5;Espectaculos;Musicales;Comunidad de Madrid;Madrid;3;5;27;9;1
2024;5;Espectaculos;Música;Comunidad de Madrid;Madrid;650;1069;6032;9,28;484
2024;5;Actividades;Actividades infantiles;Comunidad de Madrid;Madrid;24;43;160,08;6,67;9
2024;5;Espectaculos;Cultura, teatro y danza;Comunidad de Madrid;Madrid;39;70;460,59;11,81;18
2024;5;Espectaculos;Música;Comunidad de Madrid;Madrid;16;29;193,6;12,1;10
2024;5;Espectaculos;Cultura, teatro y danza;Comunidad de Madrid;Madrid;42;76;226,8;5,4;14
2024;5;Actividades;Cursos;Comunidad de Madrid;Madrid;36;65;720;20;31
2024;5;Espectaculos;Música;Comunidad de Madrid;Madrid;35;63;332,85;9,51;13
2024;5;Espectaculos;Música;Comunidad de Madrid;Madrid;46;83;759;16,5;27
2024;5;Espectaculos;Música;Comunidad de Madrid;Madrid;95;183;940,5;9,9;56
2024;5;Actividades;Deportes y aventuras;Comunidad de Madrid;Madrid;1;2;93,3;93,3;1
2024;5;Actividades;Actividades infantiles;Comunidad de Madrid;Madrid;1;2;93,3;93,3;1
2024;5;Espectaculos;Música;Comunidad de Madrid;Madrid;17;31;255;15;13
2024;5;Espectaculos;Música;Comunidad de Madrid;Madrid;14;981;140;10;8
2024;5;Actividades;Actividades infantiles;Comunidad de Madrid;Madrid;5;444;25;5;5
2024;5;Actividades;Deportes y aventuras;Comunidad de Madrid;Madrid;24;43;144;6;7
2024;5;Espectaculos;Música;Comunidad de Madrid;Madrid;3010;5416;24802,4;8,24;1078
2024;5;Espectaculos;Música;Comunidad de Madrid;Madrid;3836;6903;140474,32;36,62;2510
2024;5;Actividades;Deportes y aventuras;Comunidad de Madrid;Madrid;6;11;118,8;19,8;6
2024;5;Espectaculos;Conferencias;Comunidad de Madrid;Madrid;51;835;2174,64;42,64;39
2024;5;Actividades;Cursos;Comunidad de Madrid;Madrid;146;1011;17347,72;118,82;139
2024;5;Espectaculos;Cine;Comunidad de Madrid;Madrid;201;555;1242,18;6,18;120
2024;5;Espectaculos;Musicales;Comunidad de Madrid;Madrid;2148;3865;22317,72;10,39;933
2024;5;Espectaculos;Ferias;Comunidad de Madrid;Madrid;51;506;2174,64;42,64;39
2024;5;Espectaculos;Música;Comunidad de Madrid;Madrid;27031;47007;358431,06;13,26;15150
2024;5;Actividades;Deportes y aventuras;Comunidad de Madrid;Madrid;1391;2277;17582,24;12,64;678
2024;5;Actividades;Actividades infantiles;Comunidad de Madrid;Madrid;895;2017;10650,5;11,9;442
2024;5;Espectaculos;Cultura, teatro y danza;Comunidad de Madrid;Madrid;8115;13842;155889,15;19,21;4475
2024;5;Actividades;Gastronomía;Comunidad de Madrid;Madrid;72;130;1488,96;20,68;34
2024;5;Espectaculos;Música;Comunidad de Madrid;Madrid;54;97;631,8;11,7;28
2024;5;Espectaculos;Cultura, teatro y danza;Comunidad de Madrid;Madrid;27;49;326,7;12,1;14
2024;5;Espectaculos;Música;Comunidad de Madrid;Madrid;74;133;570,54;7,71;36
2024;5;Espectaculos;Música;Comunidad de Madrid;Madrid;10;18;121,2;12,12;4
2024;5;Espectaculos;Música;Comunidad de Madrid;Madrid;1;2;8;8;1
2024;5;Espectaculos;Música;Comunidad de Madrid;Madrid;16;29;241,44;15,09;6
2024;5;Espectaculos;Música;Comunidad de Madrid;Madrid;11;20;192,5;17,5;8
2024;5;Espectaculos;Música;Comunidad de Madrid;Madrid;105;189;1446,9;13,78;74
2024;5;Espectaculos;Musicales;Comunidad de Madrid;Madrid;129;232;1271,94;9,86;53
2024;5;Espectaculos;Cultura, teatro y danza;Comunidad de Madrid;Madrid;129;219;1271,94;9,86;53
2024;5;Actividades;Cursos;Comunidad de Madrid;Madrid;38;68;3182,5;83,75;37
2024;5;Espectaculos;Musicales;Comunidad de Madrid;Madrid;225;405;675;3;66
2024;5;Actividades;Actividades infantiles;Comunidad de Madrid;Madrid;225;405;675;3;66
2024;5;Espectaculos;Cultura, teatro y danza;Comunidad de Madrid;Madrid;469;844;2030,77;4,33;170
2024;5;Espectaculos;Música;Comunidad de Madrid;Madrid;73;131;895,71;12,27;33
2024;5;Espectaculos;Música;Comunidad de Madrid;Madrid;11;20;132;12;9
2024;5;Actividades;Deportes y aventuras;Comunidad de Madrid;Madrid;11;20;132;12;9
2024;5;Espectaculos;Música;Comunidad de Madrid;Madrid;197;355;811,64;4,12;92
2024;5;Actividades;Actividades infantiles;Comunidad de Madrid;Madrid;197;355;811,64;4,12;92
2024;5;Actividades;Actividades infantiles;Comunidad de Madrid;Madrid;2;4;6;3;1
2024;5;Actividades;Deportes y aventuras;Andalucía;Málaga;647;1164;8831,55;13,65;321
2024;5;Actividades;Actividades infantiles;Andalucía;Málaga;647;1164;8831,55;13,65;321
2024;5;Espectaculos;Cultura, teatro y danza;Andalucía;Málaga;31;56;248;8;15
2024;5;Actividades;Deportes y aventuras;Andalucía;Málaga;1;2;22,68;22,68;1
2024;5;Espectaculos;Música;Andalucía;Málaga;116;209;1202,92;10,37;58
2024;5;Espectaculos;Conferencias;Andalucía;Málaga;302;543;3068,32;10,16;196
2024;5;Actividades;Cursos;Andalucía;Málaga;74;288;2140,08;28,92;50
2024;5;Espectaculos;Musicales;Andalucía;Málaga;20;452;114;5,7;15
2024;5;Espectaculos;Música;Andalucía;Málaga;4006;6740;44326,39;11,065;2353
2024;5;Actividades;Actividades infantiles;Andalucía;Málaga;47;496;406,08;8,64;25
2024;5;Espectaculos;Cultura, teatro y danza;Andalucía;Málaga;305;939;28596,8;93,76;155
2024;5;Actividades;Gastronomía;Andalucía;Málaga;20;36;114;5,7;15
2024;5;Espectaculos;Música;Andalucía;Málaga;37;67;771,45;20,85;15
2024;5;Espectaculos;Música;Andalucía;Málaga;6;11;250,68;41,78;3
2024;5;Espectaculos;Cultura, teatro y danza;Andalucía;Málaga;53;95;267,12;5,04;28
2024;5;Espectaculos;Cultura, teatro y danza;Andalucía;Málaga;2;4;70;35;1
2024;5;Espectaculos;Música;Andalucía;Málaga;42;76;129,78;3,09;22
2024;5;Espectaculos;Música;Andalucía;Málaga;199;358;2917,34;14,66;74
2024;5;Actividades;Gastronomía;Andalucía;Málaga;199;358;2917,34;14,66;74
2024;5;Espectaculos;Música;Andalucía;Málaga;1077;1938;27689,67;25,71;565
2024;5;Espectaculos;Musicales;Región de Murcia;Murcia;3;5;32,01;10,67;1
2024;5;Espectaculos;Música;Región de Murcia;Murcia;88;158;1711,6;19,45;52
2024;5;Espectaculos;Cultura, teatro y danza;Región de Murcia;Murcia;24;43;249,6;10,4;10
2024;5;Espectaculos;Música;Región de Murcia;Murcia;9;16;75,96;8,44;5
2024;5;Actividades;Cursos;Región de Murcia;Murcia;43;77;13222,5;307,5;41
2024;5;Espectaculos;Música;Región de Murcia;Murcia;4;7;52;13;2
2024;5;Espectaculos;Musicales;Región de Murcia;Murcia;410;738;4423,9;10,79;110
2024;5;Espectaculos;Música;Región de Murcia;Murcia;1005;1728;14130,3;14,06;577
2024;5;Actividades;Actividades infantiles;Región de Murcia;Murcia;392;705;4037,6;10,3;98
2024;5;Espectaculos;Cultura, teatro y danza;Región de Murcia;Murcia;585;1053;5288,4;9,04;200
2024;5;Espectaculos;Cultura, teatro y danza;Región de Murcia;Murcia;1;2;24,54;24,54;1
2024;5;Espectaculos;Cultura, teatro y danza;Región de Murcia;Murcia;47;85;629,33;13,39;13
2024;5;Espectaculos;Música;Comunidad Foral de Navarra;Navarra;2;4;20,6;10,3;1
2024;5;Actividades;Actividades infantiles;Comunidad Foral de Navarra;Navarra;2;4;20,6;10,3;1
2024;5;Espectaculos;Música;Comunidad Foral de Navarra;Navarra;406;731;11778,06;29,01;178
2024;5;Actividades;Actividades infantiles;Comunidad Foral de Navarra;Navarra;295;531;10575,75;35,85;129
2024;5;Espectaculos;Música;Comunidad Foral de Navarra;Navarra;55;99;810,15;14,73;42
2024;5;Actividades;Deportes y aventuras;Comunidad Foral de Navarra;Navarra;267;480;4247,97;15,91;89
2024;5;Actividades;Cursos;Comunidad Foral de Navarra;Navarra;2;4;30;15;2
2024;5;Espectaculos;Música;Comunidad Foral de Navarra;Navarra;3704;6665;101711,84;27,46;2477
2024;5;Actividades;Deportes y aventuras;Comunidad Foral de Navarra;Navarra;103;185;3638,99;35,33;38
2024;5;Espectaculos;Cultura, teatro y danza;Comunidad Foral de Navarra;Navarra;73;131;1031,49;14,13;37
2024;5;Espectaculos;Música;Comunidad Foral de Navarra;Navarra;93;167;1677,72;18,04;52
2024;5;Espectaculos;Música;Galicia;Ourense;55;135;719,95;13,09;28
2024;5;Espectaculos;Música;Principado de Asturias;Asturias;88;158;1136,08;12,91;46
2024;5;Espectaculos;Conferencias;Principado de Asturias;Asturias;32;55;320;10;19
2024;5;Actividades;Cursos;Principado de Asturias;Asturias;2;4;80;40;2
2024;5;Espectaculos;Música;Principado de Asturias;Asturias;213;384;3041,64;14,28;115
2024;5;Actividades;Deportes y aventuras;Principado de Asturias;Asturias;2;20745;186,64;93,32;2
2024;5;Espectaculos;Cultura, teatro y danza;Principado de Asturias;Asturias;31;56;465;15;21
2024;5;Espectaculos;Música;Principado de Asturias;Asturias;12;22;299,76;24,98;9
2024;5;Espectaculos;Música;Principado de Asturias;Asturias;76;137;1223,6;16,1;38
2024;5;Espectaculos;Cine;Principado de Asturias;Asturias;6;11;58,2;9,7;2
2024;5;Espectaculos;Música;Principado de Asturias;Asturias;599;1078;7661,21;12,79;360
2024;5;Espectaculos;Música;Principado de Asturias;Asturias;301;542;3630,06;12,06;156
2024;5;Espectaculos;Música;Principado de Asturias;Asturias;4;7;27,44;6,86;3
2024;5;Espectaculos;Música;Castilla y León;Palencia;16;29;296;18,5;5
2024;5;Espectaculos;Música;Castilla y León;Palencia;30;54;398,1;13,27;16
2024;5;Espectaculos;Cultura, teatro y danza;Castilla y León;Palencia;32;58;404,8;12,65;19
2024;5;Espectaculos;Música;Canarias;Las Palmas;124;335;5261,32;42,43;78
2024;5;Espectaculos;Música;Canarias;Las Palmas;5;0;140;28;4
2024;5;Espectaculos;Música;Canarias;Las Palmas;140;412;770;5,5;80
2024;5;Espectaculos;Cultura, teatro y danza;Canarias;Las Palmas;329;592;6714,89;20,41;157
2024;5;Espectaculos;Cultura, teatro y danza;Canarias;Las Palmas;39;70;514,8;13,2;20
2024;5;Espectaculos;Conferencias;Canarias;Las Palmas;343;2392;3344,25;9,75;214
2024;5;Actividades;Cursos;Canarias;Las Palmas;88;185;3433,76;39,02;81
2024;5;Espectaculos;Musicales;Canarias;Las Palmas;563;1013;4993,81;8,87;333
2024;5;Espectaculos;Música;Canarias;Las Palmas;1427;2477;20163,51;14,13;766
2024;5;Actividades;Actividades infantiles;Canarias;Las Palmas;284;511;2220,88;7,82;131
2024;5;Espectaculos;Cultura, teatro y danza;Canarias;Las Palmas;1081;2082;9912,77;9,17;585
2024;5;Actividades;Gastronomía;Canarias;Las Palmas;184;331;1646,8;8,95;99
2024;5;Espectaculos;Cultura, teatro y danza;Canarias;Las Palmas;71;128;1405,8;19,8;34
2024;5;Espectaculos;Música;Canarias;Las Palmas;115;207;4751,8;41,32;70
2024;5;Espectaculos;Cultura, teatro y danza;Canarias;Las Palmas;20;515;268,8;13,44;10
2024;5;Espectaculos;Música;Canarias;Las Palmas;30;54;378,9;12,63;16
2024;5;Espectaculos;Musicales;Canarias;Las Palmas;143;257;429;3;67
2024;5;Espectaculos;Música;Canarias;Las Palmas;109;196;1090;10;60
2024;5;Espectaculos;Cultura, teatro y danza;Canarias;Las Palmas;143;257;429;3;67
2024;5;Espectaculos;Conferencias;Canarias;Las Palmas;30;54;786;26,2;17
2024;5;Espectaculos;Música;Canarias;Las Palmas;1409;2535;28306,81;20,09;1064
2024;5;Actividades;Actividades infantiles;Canarias;Las Palmas;105;189;703,5;6,7;34
2024;5;Espectaculos;Cultura, teatro y danza;Canarias;Las Palmas;403;725;4545,84;11,28;180
2024;5;Espectaculos;Música;Canarias;Las Palmas;218;1178;2005,6;9,2;97
2024;5;Actividades;Actividades infantiles;Canarias;Las Palmas;103;185;638,6;6,2;32
2024;5;Espectaculos;Cultura, teatro y danza;Canarias;Las Palmas;391;704;3362,6;8,6;165
2024;5;Espectaculos;Música;Canarias;Las Palmas;33;59;237,6;7,2;12
2024;5;Espectaculos;Cultura, teatro y danza;Canarias;Las Palmas;51;92;367,2;7,2;26
2024;5;Espectaculos;Música;Galicia;Pontevedra;31;56;262,26;8,46;20
2024;5;Espectaculos;Música;Galicia;Pontevedra;10;18;51;5,1;2
2024;5;Espectaculos;Cine;Galicia;Pontevedra;3;5;80,01;26,67;3
2024;5;Espectaculos;Música;Galicia;Pontevedra;10;18;63,7;6,37;5
2024;5;Actividades;Deportes y aventuras;Galicia;Pontevedra;2;4;50;25;2
2024;5;Espectaculos;Música;Galicia;Pontevedra;1051;1769;10720,2;10,2;622
2024;5;Espectaculos;Cultura, teatro y danza;Galicia;Pontevedra;349;628;3385,3;9,7;178
2024;5;Espectaculos;Cultura, teatro y danza;Castilla y León;Salamanca;237;426;668,34;2,82;111
2024;5;Espectaculos;Musicales;Castilla y León;Salamanca;105;189;1395,45;13,29;43
2024;5;Espectaculos;Música;Castilla y León;Salamanca;323;581;3352,74;10,38;221
2024;5;Espectaculos;Cultura, teatro y danza;Castilla y León;Salamanca;156;281;1430,52;9,17;70
2024;5;Espectaculos;Música;Castilla y León;Salamanca;84;151;868,56;10,34;50
2024;5;Espectaculos;Cultura, teatro y danza;Castilla y León;Salamanca;484;871;1340,68;2,77;90
2024;5;Espectaculos;Museo y exposiciones;Castilla y León;Salamanca;484;871;1340,68;2,77;90
2024;5;Espectaculos;Música;Canarias;Santa Cruz de Tenerife;38;68;530,1;13,95;22
2024;5;Espectaculos;Música;Canarias;Santa Cruz de Tenerife;30;54;2007,9;66,93;16
2024;5;Espectaculos;Música;Canarias;Santa Cruz de Tenerife;28;50;315;11,25;22
2024;5;Espectaculos;Música;Canarias;Santa Cruz de Tenerife;364;1450;1092;3;178
2024;5;Actividades;Actividades infantiles;Canarias;Santa Cruz de Tenerife;102;249;306;3;35
2024;5;Espectaculos;Cultura, teatro y danza;Canarias;Santa Cruz de Tenerife;216;389;650,16;3,01;94
2024;5;Actividades;Cursos;Canarias;Santa Cruz de Tenerife;1;2;59;59;1
2024;5;Espectaculos;Música;Canarias;Santa Cruz de Tenerife;558;1678;9692,46;17,37;362
2024;5;Espectaculos;Cultura, teatro y danza;Canarias;Santa Cruz de Tenerife;108;194;901,8;8,35;55
2024;5;Espectaculos;Cultura, teatro y danza;Canarias;Santa Cruz de Tenerife;308;703;3517,36;11,42;204
2024;5;Espectaculos;Música;Canarias;Santa Cruz de Tenerife;606;1090;12756,3;21,05;558
2024;5;Espectaculos;Música;Canarias;Santa Cruz de Tenerife;163;293;3841,91;23,57;82
2024;5;Espectaculos;Cultura, teatro y danza;Canarias;Santa Cruz de Tenerife;34;61;997,22;29,33;16
2024;5;Actividades;Cursos;Canarias;Santa Cruz de Tenerife;2;4;43,6;21,8;2
2024;5;Espectaculos;Musicales;Canarias;Santa Cruz de Tenerife;44;79;333,08;7,57;19
2024;5;Espectaculos;Música;Canarias;Santa Cruz de Tenerife;910;1567;13431,6;14,76;702
2024;5;Actividades;Actividades infantiles;Canarias;Santa Cruz de Tenerife;6;11;39,24;6,54;1
2024;5;Espectaculos;Cultura, teatro y danza;Canarias;Santa Cruz de Tenerife;158;284;1227,66;7,77;79
2024;5;Actividades;Gastronomía;Canarias;Santa Cruz de Tenerife;114;205;1755,6;15,4;59
2024;5;Espectaculos;Música;Canarias;Santa Cruz de Tenerife;46;83;428,72;9,32;23
2024;5;Espectaculos;Cultura, teatro y danza;Canarias;Santa Cruz de Tenerife;689;1127;7413,64;10,76;300
2024;5;Espectaculos;Música;Cantabria;Cantabria;70;126;840;12;31
2024;5;Espectaculos;Música;Cantabria;Cantabria;885;1593;10314,675;11,655;450
2024;5;Espectaculos;Cultura, teatro y danza;Cantabria;Cantabria;176;317;2015,2;11,45;85
2024;5;Espectaculos;Música;Cantabria;Cantabria;42;76;425,04;10,12;29
2024;5;Espectaculos;Música;Castilla y León;Segovia;16;29;112,64;7,04;8
2024;5;Espectaculos;Música;Castilla y León;Segovia;134;241;1333,3;9,95;56
2024;5;Espectaculos;Música;Andalucía;Sevilla;295;531;2315,75;7,85;112
2024;5;Espectaculos;Cultura, teatro y danza;Andalucía;Sevilla;49;88;294;6;16
2024;5;Espectaculos;Música;Andalucía;Sevilla;2;4;24;12;1
2024;5;Espectaculos;Música;Andalucía;Sevilla;46;83;708,86;15,41;23
2024;5;Espectaculos;Cultura, teatro y danza;Andalucía;Sevilla;6;11;78;13;3
2024;5;Espectaculos;Museo y exposiciones;Andalucía;Sevilla;6;11;78;13;3
2024;5;Espectaculos;Conferencias;Andalucía;Sevilla;24;454;1485,6;61,9;19
2024;5;Actividades;Cursos;Andalucía;Sevilla;14;358;437,08;31,22;14
2024;5;Espectaculos;Cine;Andalucía;Sevilla;188;814;1128;6;62
2024;5;Espectaculos;Musicales;Andalucía;Sevilla;142;256;715,68;5,04;63
2024;5;Espectaculos;Música;Andalucía;Sevilla;4024;7025;43499,44;10,81;2259
2024;5;Actividades;Actividades infantiles;Andalucía;Sevilla;188;338;2778,64;14,78;61
2024;5;Espectaculos;Cultura, teatro y danza;Andalucía;Sevilla;1745;3864;25145,45;14,41;841
2024;5;Espectaculos;Museo y exposiciones;Andalucía;Sevilla;24;543;306;12,75;11
2024;5;Actividades;Gastronomía;Andalucía;Sevilla;136;245;1550,4;11,4;80
2024;5;Espectaculos;Música;Andalucía;Sevilla;109;196;1607,75;14,75;49
2024;5;Espectaculos;Música;Castilla y León;Soria;60;108;775,8;12,93;30
2024;5;Espectaculos;Música;Cataluña;Tarragona;77;139;667,59;8,67;37
2024;5;Actividades;Actividades infantiles;Cataluña;Tarragona;77;139;667,59;8,67;37
2024;5;Actividades;Cursos;Cataluña;Tarragona;3;5;103,11;34,37;3
2024;5;Espectaculos;Música;Cataluña;Tarragona;35;63;1116,85;31,91;24
2024;5;Espectaculos;Conferencias;Cataluña;Tarragona;16;29;640;40;9
2024;5;Actividades;Deportes y aventuras;Cataluña;Tarragona;86;155;430;5;52
2024;5;Actividades;Actividades infantiles;Cataluña;Tarragona;61;154;944,28;15,48;19
2024;5;Espectaculos;Cultura, teatro y danza;Cataluña;Tarragona;61;110;944,28;15,48;19
2024;5;Espectaculos;Museo y exposiciones;Cataluña;Tarragona;61;110;944,28;15,48;19
2024;5;Espectaculos;Música;Cataluña;Tarragona;2;4;10;5;1
2024;5;Espectaculos;Cultura, teatro y danza;Cataluña;Tarragona;53;139;442,55;8,35;20
2024;5;Espectaculos;Cultura, teatro y danza;Cataluña;Tarragona;13;23;195;15;7
2024;5;Espectaculos;Música;Cataluña;Tarragona;91;164;1036,49;11,39;54
2024;5;Espectaculos;Música;Cataluña;Tarragona;56;101;1377,6;24,6;55
2024;5;Espectaculos;Música;Cataluña;Tarragona;112;202;1779,68;15,89;47
2024;5;Espectaculos;Música;Cataluña;Tarragona;176;317;5447,2;30,95;109
2024;5;Espectaculos;Cultura, teatro y danza;Cataluña;Tarragona;124;223;2134,04;17,21;53
2024;5;Espectaculos;Música;Cataluña;Tarragona;217;390;4949,77;22,81;123
2024;5;Espectaculos;Musicales;Cataluña;Tarragona;324;583;6198,12;19,13;98
2024;5;Espectaculos;Música;Cataluña;Tarragona;159;589;1790,34;11,26;72
2024;5;Actividades;Actividades infantiles;Cataluña;Tarragona;324;583;6198,12;19,13;98
2024;5;Espectaculos;Cultura, teatro y danza;Cataluña;Tarragona;362;651;4528,62;12,51;119
2024;5;Espectaculos;Música;Cataluña;Tarragona;3;5;234;78;2
2024;5;Espectaculos;Música;Cataluña;Tarragona;307;552;4439,22;14,46;144
2024;5;Actividades;Actividades infantiles;Cataluña;Tarragona;305;549;1674,45;5,49;143
2024;5;Espectaculos;Música;Cataluña;Tarragona;178;320;2155,58;12,11;56
2024;5;Espectaculos;Cultura, teatro y danza;Cataluña;Tarragona;21;38;408,24;19,44;10
2024;5;Espectaculos;Música;Cataluña;Tarragona;240;432;4324,8;18,02;216
2024;5;Espectaculos;Música;Cataluña;Tarragona;110;198;909,7;8,27;72
2024;5;Espectaculos;Música;Aragón;Teruel;112;202;2306,08;20,59;74
2024;5;Espectaculos;Música;Aragón;Teruel;8;14;122,08;15,26;4
2024;5;Espectaculos;Música;Aragón;Teruel;8;14;210;26,25;3
2024;5;Espectaculos;Cultura, teatro y danza;Castilla - La Mancha;Toledo;6;11;76,98;12,83;1
2024;5;Espectaculos;Música;Castilla - La Mancha;Toledo;26;47;1738,88;66,88;23
2024;5;Espectaculos;Música;Castilla - La Mancha;Toledo;90;162;2718,9;30,21;51
2024;5;Actividades;Actividades infantiles;Castilla - La Mancha;Toledo;90;162;2718,9;30,21;51
2024;5;Espectaculos;Música;Castilla - La Mancha;Toledo;12;22;172,92;14,41;7
2024;5;Espectaculos;Cultura, teatro y danza;Castilla - La Mancha;Toledo;18;32;90;5;7
2024;5;Actividades;Actividades infantiles;Castilla - La Mancha;Toledo;166;299;1221,76;7,36;42
2024;5;Espectaculos;Cultura, teatro y danza;Castilla - La Mancha;Toledo;166;299;1221,76;7,36;42
2024;5;Espectaculos;Museo y exposiciones;Castilla - La Mancha;Toledo;166;299;1221,76;7,36;42
2024;5;Espectaculos;Música;Comunitat Valenciana;Valencia/València;52;94;839,8;16,15;30
2024;5;Actividades;Actividades infantiles;Comunitat Valenciana;Valencia/València;64;115;412,8;6,45;35
2024;5;Espectaculos;Cultura, teatro y danza;Comunitat Valenciana;Valencia/València;64;115;412,8;6,45;35
2024;5;Actividades;Gastronomía;Comunitat Valenciana;Valencia/València;64;115;412,8;6,45;35
2024;5;Espectaculos;Música;Comunitat Valenciana;Valencia/València;29;52;550,13;18,97;15
2024;5;Espectaculos;Música;Comunitat Valenciana;Valencia/València;183;329;3143,94;17,18;89
2024;5;Actividades;Actividades infantiles;Comunitat Valenciana;Valencia/València;829;1492;3266,26;3,94;243
2024;5;Espectaculos;Cultura, teatro y danza;Comunitat Valenciana;Valencia/València;968;1742;6592,08;6,81;365
2024;5;Espectaculos;Música;Comunitat Valenciana;Valencia/València;52;94;1160,64;22,32;35
2024;5;Espectaculos;Música;Comunitat Valenciana;Valencia/València;198;356;4013,46;20,27;188
2024;5;Espectaculos;Música;Comunitat Valenciana;Valencia/València;1;2;50;50;1
2024;5;Espectaculos;Música;Comunitat Valenciana;Valencia/València;36;65;578,52;16,07;21
2024;5;Espectaculos;Música;Comunitat Valenciana;Valencia/València;44;79;683,76;15,54;26
2024;5;Espectaculos;Música;Comunitat Valenciana;Valencia/València;735;1222;5512,5;7,5;372
2024;5;Espectaculos;Cultura, teatro y danza;Comunitat Valenciana;Valencia/València;67;121;538,01;8,03;29
2024;5;Actividades;Gastronomía;Comunitat Valenciana;Valencia/València;362;651;2725,86;7,53;151
2024;5;Espectaculos;Música;Comunitat Valenciana;Valencia/València;341;614;12265,77;35,97;149
2024;5;Espectaculos;Cultura, teatro y danza;Comunitat Valenciana;Valencia/València;40;72;323,6;8,09;11
2024;5;Espectaculos;Música;Comunitat Valenciana;Valencia/València;3;5;162,03;54,01;2
2024;5;Actividades;Deportes y aventuras;Comunitat Valenciana;Valencia/València;36;65;216;6;21
2024;5;Espectaculos;Música;Comunitat Valenciana;Valencia/València;33;59;478,5;14,5;18
2024;5;Espectaculos;Música;Comunitat Valenciana;Valencia/València;6;20;354;59;5
2024;5;Espectaculos;Música;Comunitat Valenciana;Valencia/València;5;9;40;8;2
2024;5;Espectaculos;Música;Comunitat Valenciana;Valencia/València;50;90;722;14,44;46
2024;5;Espectaculos;Conferencias;Comunitat Valenciana;Valencia/València;267;480;6520,14;24,42;167
2024;5;Actividades;Cursos;Comunitat Valenciana;Valencia/València;124;223;22316,28;179,97;120
2024;5;Espectaculos;Musicales;Comunitat Valenciana;Valencia/València;186;335;1900,92;10,22;61
2024;5;Espectaculos;Ferias;Comunitat Valenciana;Valencia/València;96;173;3995,52;41,62;96
2024;5;Espectaculos;Música;Comunitat Valenciana;Valencia/València;2218;4533;27924,62;12,59;1355
2024;5;Actividades;Actividades infantiles;Comunitat Valenciana;Valencia/València;2732;4916;26664,32;9,76;878
2024;5;Espectaculos;Cultura, teatro y danza;Comunitat Valenciana;Valencia/València;3944;7097;40504,88;10,27;1445
2024;5;Espectaculos;Museo y exposiciones;Comunitat Valenciana;Valencia/València;1;2;10;10;1
2024;5;Actividades;Gastronomía;Comunitat Valenciana;Valencia/València;2;202;39,6;19,8;1
2024;5;Espectaculos;Cultura, teatro y danza;Castilla y León;Valladolid;63;113;301,77;4,79;22
2024;5;Espectaculos;Musicales;Castilla y León;Valladolid;14;25;140;10;6
2024;5;Espectaculos;Cultura, teatro y danza;Castilla y León;Valladolid;14;25;140;10;6
2024;5;Espectaculos;Música;Castilla y León;Valladolid;13;23;109,98;8,46;6
2024;5;Espectaculos;Música;Castilla y León;Valladolid;22;40;269,94;12,27;11
2024;5;Espectaculos;Cultura, teatro y danza;Castilla y León;Valladolid;13;23;65;5;4
2024;5;Espectaculos;Música;Castilla y León;Valladolid;41;74;413,69;10,09;26
2024;5;Espectaculos;Música;Castilla y León;Valladolid;16;29;96;6;7
2024;5;Espectaculos;Cultura, teatro y danza;Castilla y León;Valladolid;19;34;422,18;22,22;15
2024;5;Espectaculos;Música;Castilla y León;Valladolid;11;20;167,64;15,24;7
2024;5;Espectaculos;Música;Castilla y León;Valladolid;718;1265;9154,5;12,75;376
2024;5;Actividades;Deportes y aventuras;Castilla y León;Valladolid;2;4;49;24,5;2
2024;5;Actividades;Actividades infantiles;Castilla y León;Valladolid;263;473;3287,5;12,5;102
2024;5;Espectaculos;Cultura, teatro y danza;Castilla y León;Valladolid;889;1600;6383,02;7,18;486
2024;5;Espectaculos;Música;Castilla y León;Valladolid;169;304;2619,5;15,5;80
2024;5;Actividades;Actividades infantiles;Castilla y León;Valladolid;169;304;2619,5;15,5;80
2024;5;Espectaculos;Música;País Vasco;Bizkaia;36;65;1080;30;24
2024;5;Actividades;Cursos;País Vasco;Bizkaia;5;9;75;15;5
2024;5;Espectaculos;Música;País Vasco;Bizkaia;2933;4949;43232,42;14,74;1490
2024;5;Actividades;Deportes y aventuras;País Vasco;Bizkaia;2424;4362;56309,52;23,23;2424
2024;5;Actividades;Actividades infantiles;País Vasco;Bizkaia;5;9;30;6;4
2024;5;Espectaculos;Cultura, teatro y danza;País Vasco;Bizkaia;186;335;1759,56;9,46;89
2024;5;Actividades;Actividades infantiles;País Vasco;Bizkaia;371;668;14717,57;39,67;106
2024;5;Espectaculos;Cultura, teatro y danza;País Vasco;Bizkaia;370;666;3459,5;9,35;105
2024;5;Espectaculos;Museo y exposiciones;País Vasco;Bizkaia;370;666;3459,5;9,35;105
2024;5;Espectaculos;Música;País Vasco;Bizkaia;99;178;2078,01;20,99;58
2024;5;Actividades;Cursos;País Vasco;Bizkaia;61;110;3165,29;51,89;42
2024;5;Espectaculos;Música;País Vasco;Bizkaia;89;160;672,84;7,56;43
2024;5;Espectaculos;Cultura, teatro y danza;País Vasco;Bizkaia;50;90;546;10,92;27
2024;5;Espectaculos;Música;País Vasco;Bizkaia;57;103;591,09;10,37;27
2024;5;Actividades;Actividades infantiles;País Vasco;Bizkaia;117;211;881,01;7,53;35
2024;5;Espectaculos;Cultura, teatro y danza;País Vasco;Bizkaia;117;211;881,01;7,53;35
2024;5;Espectaculos;Música;País Vasco;Bizkaia;6;11;60;10;2
2024;5;Espectaculos;Música;País Vasco;Bizkaia;110;198;1095,6;9,96;46
2024;5;Actividades;Deportes y aventuras;País Vasco;Bizkaia;14;25;98;7;9
2024;5;Actividades;Actividades infantiles;País Vasco;Bizkaia;14;25;98;7;9
2024;5;Espectaculos;Música;País Vasco;Bizkaia;127;229;2103,12;16,56;78
2024;5;Actividades;Deportes y aventuras;País Vasco;Bizkaia;8;14;80;10;8
2024;5;Actividades;Actividades infantiles;País Vasco;Bizkaia;50;176;7151;143,02;46
2024;5;Espectaculos;Música;Castilla y León;Zamora;29;52;363,08;12,52;14
2024;5;Espectaculos;Música;Castilla y León;Zamora;25;45;308;12,32;15
2024;5;Espectaculos;Música;Castilla y León;Zamora;371;668;4685,73;12,63;151
2024;5;Actividades;Actividades infantiles;Castilla y León;Zamora;485;873;14423,9;29,74;246
2024;5;Espectaculos;Cultura, teatro y danza;Castilla y León;Zamora;88;158;2418,24;27,48;75
2024;5;Espectaculos;Música;Aragón;Zaragoza;137;247;685;5;74
2024;5;Espectaculos;Música;Aragón;Zaragoza;267;480;3230,7;12,1;146
2024;5;Actividades;Deportes y aventuras;Aragón;Zaragoza;56;101;663,04;11,84;25
2024;5;Espectaculos;Cultura, teatro y danza;Aragón;Zaragoza;16;29;243,04;15,19;8
2024;5;Espectaculos;Música;Aragón;Zaragoza;6;11;77,7;12,95;2
2024;5;Espectaculos;Conferencias;Aragón;Zaragoza;29;299;969,47;33,43;17
2024;5;Actividades;Cursos;Aragón;Zaragoza;78;140;4421,82;56,69;56
2024;5;Espectaculos;Musicales;Aragón;Zaragoza;583;1060;5462,71;9,37;225
2024;5;Espectaculos;Ferias;Aragón;Zaragoza;21;249;967,68;46,08;11
2024;5;Espectaculos;Música;Aragón;Zaragoza;4325;7227;56138,5;12,98;2508
2024;5;Actividades;Actividades infantiles;Aragón;Zaragoza;1035;1862;5971,95;5,77;316
2024;5;Espectaculos;Cultura, teatro y danza;Aragón;Zaragoza;2507;4439;28905,71;11,53;1035
2024;5;Espectaculos;Museo y exposiciones;Aragón;Zaragoza;267;480;929,16;3,48;83
2024;5;Actividades;Gastronomía;Aragón;Zaragoza;175;315;1137,5;6,5;52
2024;5;Espectaculos;Música;Ceuta;Ceuta;12;22;155,64;12,97;4
2024;5;Espectaculos;Cultura, teatro y danza;Ceuta;Ceuta;126;227;1010,52;8,02;46
2024;5;Espectaculos;Conferencias;Total Nacional;Total Nacional;1563;5979;36768,3246;23,5242;911
2024;5;Actividades;Cursos;Total Nacional;Total Nacional;1699;5543;95654,2097;56,3003;1215
2024;5;Espectaculos;Cine;Total Nacional;Total Nacional;1342;3396;9675,0148;7,2094;744
2024;5;Espectaculos;Musicales;Total Nacional;Total Nacional;9485;17494;102294,7765;10,7849;3832
2024;5;Espectaculos;Ferias;Total Nacional;Total Nacional;168;928;7299,0456;43,4467;146
2024;5;Espectaculos;Música;Total Nacional;Total Nacional;150596;290477;2412186,49;16,0176;87401
2024;5;Actividades;Deportes y aventuras;Total Nacional;Total Nacional;9314;37137;176908,2532;18,9938;6560
2024;5;Actividades;Actividades infantiles;Total Nacional;Total Nacional;20103;37672;322667,2221;16,0507;7975
2024;5;Espectaculos;Cultura, teatro y danza;Total Nacional;Total Nacional;51138;94786;682697,4138;13,3501;22673
2024;5;Espectaculos;Museo y exposiciones;Total Nacional;Total Nacional;1478;3160;13534,785;9,1575;400
2024;5;Actividades;Gastronomía;Total Nacional;Total Nacional;2742;5134;63236,2782;23,0621;1257
2024;6;Espectaculos;Cultura, teatro y danza;País Vasco;Araba/Álava;42;69;354,48;8,44;17
2024;6;Actividades;Cursos;País Vasco;Araba/Álava;12;20;70,56;5,88;10
2024;6;Actividades;Deportes y aventuras;País Vasco;Araba/Álava;113;184;539,01;4,77;62
2024;6;Espectaculos;Música;País Vasco;Araba/Álava;51;83;553,35;10,85;19
2024;6;Actividades;Actividades infantiles;País Vasco;Araba/Álava;51;83;553,35;10,85;19
2024;6;Actividades;Gastronomía;País Vasco;Araba/Álava;51;83;553,35;10,85;19
2024;6;Espectaculos;Música;País Vasco;Araba/Álava;70;174;601,3;8,59;47
2024;6;Actividades;Actividades infantiles;País Vasco;Araba/Álava;18;29;81;4,5;4
2024;6;Espectaculos;Cultura, teatro y danza;País Vasco;Araba/Álava;253;473;2261,82;8,94;113
2024;6;Actividades;Actividades infantiles;País Vasco;Araba/Álava;9;15;27;3;8
2024;6;Espectaculos;Musicales;Castilla - La Mancha;Albacete;11;18;193,6;17,6;4
2024;6;Espectaculos;Música;Castilla - La Mancha;Albacete;144;234;1824,48;12,67;89
2024;6;Actividades;Actividades infantiles;Castilla - La Mancha;Albacete;11;18;193,6;17,6;4
2024;6;Espectaculos;Cultura, teatro y danza;Castilla - La Mancha;Albacete;36;59;409,32;11,37;15
2024;6;Espectaculos;Música;Castilla - La Mancha;Albacete;601;980;6010;10;601
2024;6;Actividades;Actividades infantiles;Castilla - La Mancha;Albacete;601;980;6010;10;601
2024;6;Espectaculos;Música;Castilla - La Mancha;Albacete;47;77;2400,29;51,07;23
2024;6;Espectaculos;Musicales;Comunitat Valenciana;Alicante/Alacant;14;23;98,56;7,04;6
2024;6;Espectaculos;Música;Comunitat Valenciana;Alicante/Alacant;18;29;357,48;19,86;8
2024;6;Actividades;Actividades infantiles;Comunitat Valenciana;Alicante/Alacant;14;23;98,56;7,04;6
2024;6;Espectaculos;Cultura, teatro y danza;Comunitat Valenciana;Alicante/Alacant;43;70;280,575;6,525;21
2024;6;Espectaculos;Música;Comunitat Valenciana;Alicante/Alacant;1195;2159;25632,75;21,45;725
2024;6;Espectaculos;Cultura, teatro y danza;Comunitat Valenciana;Alicante/Alacant;326;561;9897,36;30,36;169
2024;6;Actividades;Gastronomía;Comunitat Valenciana;Alicante/Alacant;29;47;261,87;9,03;12
2024;6;Actividades;Actividades infantiles;Comunitat Valenciana;Alicante/Alacant;2;3;68,38;34,19;2
2024;6;Espectaculos;Música;Comunitat Valenciana;Alicante/Alacant;109;178;1051,85;9,65;52
2024;6;Espectaculos;Música;Comunitat Valenciana;Alicante/Alacant;496;808;4171,36;8,41;301
2024;6;Espectaculos;Cultura, teatro y danza;Comunitat Valenciana;Alicante/Alacant;7;11;119,91;17,13;3
2024;6;Espectaculos;Música;Comunitat Valenciana;Alicante/Alacant;35;57;534,45;15,27;18
2024;6;Espectaculos;Cine;Comunitat Valenciana;Alicante/Alacant;3;5;15;5;2
2024;6;Espectaculos;Musicales;Comunitat Valenciana;Alicante/Alacant;177;289;1239;7;65
2024;6;Espectaculos;Música;Comunitat Valenciana;Alicante/Alacant;993;1841;14229,69;14,33;462
2024;6;Actividades;Actividades infantiles;Comunitat Valenciana;Alicante/Alacant;20;33;161,6;8,08;7
2024;6;Espectaculos;Cultura, teatro y danza;Comunitat Valenciana;Alicante/Alacant;739;1205;5217,34;7,06;283
2024;6;Espectaculos;Música;Comunitat Valenciana;Alicante/Alacant;464;756;11066,4;23,85;293
2024;6;Espectaculos;Cultura, teatro y danza;Comunitat Valenciana;Alicante/Alacant;39;64;532,35;13,65;12
2024;6;Espectaculos;Música;Comunitat Valenciana;Alicante/Alacant;21;34;366,66;17,46;11
2024;6;Espectaculos;Música;Comunitat Valenciana;Alicante/Alacant;94;153;767,04;8,16;37
2024;6;Espectaculos;Música;Comunitat Valenciana;Alicante/Alacant;23;37;374,67;16,29;12
2024;6;Espectaculos;Música;Comunitat Valenciana;Alicante/Alacant;51;83;959,82;18,82;26
2024;6;Espectaculos;Cultura, teatro y danza;Comunitat Valenciana;Alicante/Alacant;23;37;396,06;17,22;9
2024;6;Espectaculos;Cine;Comunitat Valenciana;Alicante/Alacant;19;31;294,5;15,5;10
2024;6;Espectaculos;Música;Comunitat Valenciana;Alicante/Alacant;198;323;7133,94;36,03;104
2024;6;Espectaculos;Música;Comunitat Valenciana;Alicante/Alacant;91;148;1539,72;16,92;44
2024;6;Espectaculos;Cine;Andalucía;Almería;58;95;343,36;5,92;18
2024;6;Actividades;Actividades infantiles;Andalucía;Almería;38;62;235,98;6,21;12
2024;6;Espectaculos;Musicales;Andalucía;Almería;2;3;24;12;1
2024;6;Espectaculos;Música;Andalucía;Almería;146;420;2822,18;19,33;64
2024;6;Espectaculos;Cultura, teatro y danza;Andalucía;Almería;185;302;2031,3;10,98;85
2024;6;Actividades;Actividades infantiles;Andalucía;Almería;12;20;348;29;3
2024;6;Espectaculos;Cultura, teatro y danza;Andalucía;Almería;16;26;544;34;4
2024;6;Espectaculos;Museo y exposiciones;Andalucía;Almería;4;7;176;44;1
2024;6;Espectaculos;Música;Andalucía;Almería;11;18;617,32;56,12;8
2024;6;Espectaculos;Cultura, teatro y danza;Andalucía;Almería;228;372;5731,92;25,14;80
2024;6;Espectaculos;Música;Andalucía;Almería;14;23;254,52;18,18;8
2024;6;Espectaculos;Cultura, teatro y danza;Andalucía;Almería;139;227;1801,44;12,96;49
2024;6;Espectaculos;Música;Andalucía;Almería;1;2;16,5;16,5;1
2024;6;Actividades;Deportes y aventuras;Castilla y León;Ávila;5;10;371,9;74,38;5
2024;6;Espectaculos;Cultura, teatro y danza;Extremadura;Badajoz;216;352;6117,12;28,32;136
2024;6;Espectaculos;Música;Extremadura;Badajoz;95;155;893,95;9,41;64
2024;6;Espectaculos;Musicales;Extremadura;Badajoz;242;394;4431,02;18,31;91
2024;6;Espectaculos;Cultura, teatro y danza;Extremadura;Badajoz;242;394;4431,02;18,31;91
2024;6;Espectaculos;Cultura, teatro y danza;Extremadura;Badajoz;10;16;85,8;8,58;5
2024;6;Actividades;Deportes y aventuras;Extremadura;Badajoz;9;101;99;11;5
2024;6;Actividades;Deportes y aventuras;Extremadura;Badajoz;106;173;1449,02;13,67;99
2024;6;Espectaculos;Música;Illes Balears;Illes Balears;3;5;51,12;17,04;1
2024;6;Espectaculos;Música;Illes Balears;Illes Balears;18;29;559,62;31,09;9
2024;6;Actividades;Gastronomía;Illes Balears;Illes Balears;18;29;559,62;31,09;9
2024;6;Espectaculos;Música;Illes Balears;Illes Balears;33;54;403,59;12,23;15
2024;6;Espectaculos;Música;Illes Balears;Illes Balears;61;99;954,04;15,64;23
2024;6;Espectaculos;Música;Illes Balears;Illes Balears;208;339;2922,4;14,05;113
2024;6;Espectaculos;Música;Illes Balears;Illes Balears;12;20;62,16;5,18;5
2024;6;Espectaculos;Música;Illes Balears;Illes Balears;2342;3817;45083,5;19,25;1318
2024;6;Espectaculos;Música;Illes Balears;Illes Balears;292;476;1544,68;5,29;202
2024;6;Espectaculos;Música;Illes Balears;Illes Balears;951;1555;42367,05;44,55;530
2024;6;Espectaculos;Música;Illes Balears;Illes Balears;564;920;7140,24;12,66;338
2024;6;Actividades;Actividades infantiles;Illes Balears;Illes Balears;57;93;711,36;12,48;22
2024;6;Espectaculos;Música;Illes Balears;Illes Balears;716;1167;9436,88;13,18;343
2024;6;Espectaculos;Música;Illes Balears;Illes Balears;88;194;1395,68;15,86;51
2024;6;Actividades;Deportes y aventuras;Illes Balears;Illes Balears;4;7;41,44;10,36;1
2024;6;Espectaculos;Música;Illes Balears;Illes Balears;56;91;724,64;12,94;32
2024;6;Espectaculos;Musicales;Illes Balears;Illes Balears;335;546;3102,1;9,26;117
2024;6;Espectaculos;Música;Illes Balears;Illes Balears;528;860;13326,72;25,24;291
2024;6;Actividades;Actividades infantiles;Illes Balears;Illes Balears;335;546;3102,1;9,26;117
2024;6;Espectaculos;Cultura, teatro y danza;Illes Balears;Illes Balears;364;593;5434,52;14,93;127
2024;6;Espectaculos;Música;Illes Balears;Illes Balears;42;68;336,84;8,02;21
2024;6;Espectaculos;Música;Illes Balears;Illes Balears;200;326;4372;21,86;110
2024;6;Espectaculos;Música;Illes Balears;Illes Balears;5;8;62,2;12,44;3
2024;6;Espectaculos;Música;Illes Balears;Illes Balears;233;380;3651,11;15,67;106
2024;6;Espectaculos;Cine;Illes Balears;Illes Balears;81;132;377,46;4,66;45
2024;6;Espectaculos;Música;Illes Balears;Illes Balears;332;514;4508,56;13,58;167
2024;6;Espectaculos;Cultura, teatro y danza;Illes Balears;Illes Balears;2;7;8;4;1
2024;6;Espectaculos;Música;Illes Balears;Illes Balears;220;359;2367,2;10,76;99
2024;6;Actividades;Cursos;Illes Balears;Illes Balears;69;112;4830;70;26
2024;6;Espectaculos;Música;Illes Balears;Illes Balears;593;967;7892,83;13,31;347
2024;6;Actividades;Actividades infantiles;Illes Balears;Illes Balears;28;46;280;10;18
2024;6;Actividades;Gastronomía;Illes Balears;Illes Balears;136;222;4035,12;29,67;67
2024;6;Actividades;Cursos;Illes Balears;Illes Balears;27;44;720,09;26,67;11
2024;6;Espectaculos;Musicales;Illes Balears;Illes Balears;24;39;741,36;30,89;11
2024;6;Espectaculos;Música;Illes Balears;Illes Balears;8122;25880;203618,54;25,07;5078
2024;6;Actividades;Actividades infantiles;Illes Balears;Illes Balears;284;463;8468,88;29,82;206
2024;6;Espectaculos;Cultura, teatro y danza;Illes Balears;Illes Balears;503;820;5095,39;10,13;251
2024;6;Actividades;Gastronomía;Illes Balears;Illes Balears;43;70;1361,81;31,67;17
2024;6;Espectaculos;Música;Illes Balears;Illes Balears;17;303;181,9;10,7;5
2024;6;Espectaculos;Cultura, teatro y danza;Illes Balears;Illes Balears;841;1372;5188,97;6,17;347
2024;6;Espectaculos;Música;Illes Balears;Illes Balears;294;480;7150,08;24,32;138
2024;6;Actividades;Actividades infantiles;Illes Balears;Illes Balears;225;367;699,75;3,11;82
2024;6;Espectaculos;Cultura, teatro y danza;Illes Balears;Illes Balears;225;367;699,75;3,11;82
2024;6;Espectaculos;Música;Illes Balears;Illes Balears;940;1431;30662,8;32,62;524
2024;6;Espectaculos;Música;Illes Balears;Illes Balears;414;698;11451,24;27,66;200
2024;6;Actividades;Actividades infantiles;Illes Balears;Illes Balears;339;1013;2810,31;8,29;152
2024;6;Espectaculos;Parques temáticos;Illes Balears;Illes Balears;77;126;881,65;11,45;55
2024;6;Espectaculos;Música;Illes Balears;Illes Balears;532;867;9323,3;17,525;242
2024;6;Actividades;Deportes y aventuras;Illes Balears;Illes Balears;77;126;881,65;11,45;55
2024;6;Espectaculos;Música;Illes Balears;Illes Balears;282;672;3003,3;10,65;198
2024;6;Actividades;Actividades infantiles;Illes Balears;Illes Balears;182;965;2730;15;161
2024;6;Espectaculos;Música;Illes Balears;Illes Balears;25;41;174;6,96;18
2024;6;Espectaculos;Cultura, teatro y danza;Illes Balears;Illes Balears;101;165;683,77;6,77;44
2024;6;Espectaculos;Música;Illes Balears;Illes Balears;17;28;352,41;20,73;6
2024;6;Espectaculos;Música;Illes Balears;Illes Balears;155;252;2497,05;16,11;80
2024;6;Espectaculos;Cine;Illes Balears;Illes Balears;5;60;11,4;2,28;2
2024;6;Espectaculos;Música;Illes Balears;Illes Balears;206;345;2016,74;9,79;105
2024;6;Actividades;Actividades infantiles;Illes Balears;Illes Balears;29;47;122,09;4,21;10
2024;6;Espectaculos;Cultura, teatro y danza;Illes Balears;Illes Balears;5;8;41,45;8,29;2
2024;6;Espectaculos;Música;Illes Balears;Illes Balears;158;258;3035,18;19,21;120
2024;6;Espectaculos;Música;Illes Balears;Illes Balears;44;72;693;15,75;24
2024;6;Espectaculos;Música;Illes Balears;Illes Balears;220;359;1144;5,2;95
2024;6;Espectaculos;Música;Illes Balears;Illes Balears;35;58;574,35;16,41;18
2024;6;Actividades;Actividades infantiles;Illes Balears;Illes Balears;7;11;108,78;15,54;5
2024;6;Espectaculos;Música;Illes Balears;Illes Balears;485;791;16742,2;34,52;236
2024;6;Espectaculos;Cultura, teatro y danza;Illes Balears;Illes Balears;85;139;1769,7;20,82;39
2024;6;Actividades;Gastronomía;Illes Balears;Illes Balears;208;339;10803,52;51,94;98
2024;6;Espectaculos;Música;Illes Balears;Illes Balears;47;77;1274,17;27,11;23
2024;6;Espectaculos;Música;Illes Balears;Illes Balears;124;1539;3220,28;25,97;58
2024;6;Espectaculos;Música;Cataluña;Barcelona;3;5;30;10;2
2024;6;Espectaculos;Música;Cataluña;Barcelona;5;8;50;10;3
2024;6;Espectaculos;Música;Cataluña;Barcelona;526;858;7348,22;13,97;287
2024;6;Actividades;Actividades infantiles;Cataluña;Barcelona;30;49;294,3;9,81;15
2024;6;Espectaculos;Conferencias;Cataluña;Barcelona;10;16;115,4;11,54;9
2024;6;Actividades;Cursos;Cataluña;Barcelona;432;692;22788;52,75;330
2024;6;Espectaculos;Cine;Cataluña;Barcelona;115;355;679,65;5,91;76
2024;6;Espectaculos;Musicales;Cataluña;Barcelona;742;1209;7145,46;9,63;379
2024;6;Espectaculos;Música;Cataluña;Barcelona;13954;21014;198425,88;14,22;8711
2024;6;Actividades;Deportes y aventuras;Cataluña;Barcelona;1;2;21;21;1
2024;6;Actividades;Actividades infantiles;Cataluña;Barcelona;1413;2231;14666,94;10,38;689
2024;6;Espectaculos;Cultura, teatro y danza;Cataluña;Barcelona;6003;9809;92926,44;15,48;3235
2024;6;Espectaculos;Museo y exposiciones;Cataluña;Barcelona;40;65;512,8;12,82;17
2024;6;Actividades;Gastronomía;Cataluña;Barcelona;297;484;7422,03;24,99;161
2024;6;Espectaculos;Música;Cataluña;Barcelona;446;727;12951,84;29,04;257
2024;6;Actividades;Actividades infantiles;Cataluña;Barcelona;29;47;115,13;3,97;23
2024;6;Espectaculos;Cultura, teatro y danza;Cataluña;Barcelona;209;341;1026,19;4,91;92
2024;6;Espectaculos;Cultura, teatro y danza;Cataluña;Barcelona;20;33;100;5;6
2024;6;Espectaculos;Musicales;Cataluña;Barcelona;180;293;1101,6;6,12;68
2024;6;Espectaculos;Música;Cataluña;Barcelona;4;7;78,12;19,53;1
2024;6;Actividades;Actividades infantiles;Cataluña;Barcelona;184;300;2358,88;12,82;69
2024;6;Espectaculos;Cultura, teatro y danza;Cataluña;Barcelona;208;339;1437,28;6,91;87
2024;6;Espectaculos;Cultura, teatro y danza;Cataluña;Barcelona;71;116;578,65;8,15;32
2024;6;Actividades;Deportes y aventuras;Cataluña;Barcelona;20;33;301;15,05;16
2024;6;Espectaculos;Conferencias;Cataluña;Barcelona;31;51;1550;50;26
2024;6;Espectaculos;Música;Cataluña;Barcelona;1;2;5;5;1
2024;6;Espectaculos;Música;Cataluña;Barcelona;92;150;1417,72;15,41;33
2024;6;Actividades;Actividades infantiles;Cataluña;Barcelona;92;150;1417,72;15,41;33
2024;6;Espectaculos;Música;Cataluña;Barcelona;5;8;299,5;59,9;3
2024;6;Espectaculos;Música;Cataluña;Barcelona;50;81;500;10;24
2024;6;Espectaculos;Música;Cataluña;Barcelona;197;321;2956,97;15,01;62
2024;6;Espectaculos;Cultura, teatro y danza;Cataluña;Barcelona;90;147;720;8;35
2024;6;Actividades;Cursos;Cataluña;Barcelona;3;5;49,11;16,37;3
2024;6;Espectaculos;Cine;Cataluña;Barcelona;24;39;247,44;10,31;5
2024;6;Espectaculos;Música;Cataluña;Barcelona;368;600;5464,8;14,85;207
2024;6;Espectaculos;Cultura, teatro y danza;Cataluña;Barcelona;32;52;320;10;21
2024;6;Espectaculos;Música;Cataluña;Barcelona;113;184;1119,83;9,91;88
2024;6;Espectaculos;Música;Cataluña;Barcelona;110;179;875,6;7,96;74
2024;6;Espectaculos;Música;Cataluña;Barcelona;27;44;364,5;13,5;13
2024;6;Espectaculos;Música;Cataluña;Barcelona;68;111;662,32;9,74;37
2024;6;Actividades;Actividades infantiles;Cataluña;Barcelona;4;7;12,4;3,1;2
2024;6;Espectaculos;Música;Cataluña;Barcelona;614;1001;12672,96;20,64;271
2024;6;Actividades;Actividades infantiles;Cataluña;Barcelona;505;823;11958,4;23,68;204
2024;6;Actividades;Actividades infantiles;Cataluña;Barcelona;569;927;4460,96;7,84;156
2024;6;Espectaculos;Cultura, teatro y danza;Cataluña;Barcelona;319;520;3831,19;12,01;127
2024;6;Espectaculos;Música;Cataluña;Barcelona;79;129;602,77;7,63;32
2024;6;Espectaculos;Música;Cataluña;Barcelona;95;155;1780,3;18,74;23
2024;6;Actividades;Actividades infantiles;Cataluña;Barcelona;95;155;1780,3;18,74;23
2024;6;Espectaculos;Música;Cataluña;Barcelona;219;357;6999,24;31,96;121
2024;6;Espectaculos;Música;Cataluña;Barcelona;169;275;2861,17;16,93;69
2024;6;Actividades;Actividades infantiles;Cataluña;Barcelona;104;170;1752,4;16,85;42
2024;6;Actividades;Gastronomía;Cataluña;Barcelona;104;170;1752,4;16,85;42
2024;6;Espectaculos;Música;Cataluña;Barcelona;41;67;1284,94;31,34;33
2024;6;Espectaculos;Música;Cataluña;Barcelona;102;166;1042,44;10,22;53
2024;6;Espectaculos;Cultura, teatro y danza;Cataluña;Barcelona;18;29;210,96;11,72;13
2024;6;Espectaculos;Música;Cataluña;Barcelona;5;8;50;10;4
2024;6;Espectaculos;Música;Cataluña;Barcelona;1;2;35,65;35,65;1
2024;6;Actividades;Deportes y aventuras;Cataluña;Barcelona;4;7;40;10;3
2024;6;Espectaculos;Música;Cataluña;Barcelona;325;530;2336,75;7,19;138
2024;6;Actividades;Actividades infantiles;Cataluña;Barcelona;158;258;951,16;6,02;52
2024;6;Espectaculos;Música;Cataluña;Barcelona;12;20;168,12;14,01;5
2024;6;Espectaculos;Música;Cataluña;Barcelona;28;46;262,64;9,38;12
2024;6;Espectaculos;Música;Cataluña;Barcelona;359;585;2110,92;5,88;112
2024;6;Espectaculos;Cultura, teatro y danza;Cataluña;Barcelona;100;163;588;5,88;21
2024;6;Espectaculos;Cine;Cataluña;Barcelona;30;49;101,1;3,37;14
2024;6;Espectaculos;Musicales;Cataluña;Barcelona;40;65;120;3;19
2024;6;Espectaculos;Música;Cataluña;Barcelona;352;574;1862,08;5,29;152
2024;6;Espectaculos;Cultura, teatro y danza;Cataluña;Barcelona;816;1368;3190,56;3,91;296
2024;6;Espectaculos;Música;Cataluña;Barcelona;997;1625;9561,23;9,59;534
2024;6;Espectaculos;Música;Cataluña;Barcelona;699;1139;6899,13;9,87;180
2024;6;Actividades;Actividades infantiles;Cataluña;Barcelona;684;1115;4788;7;167
2024;6;Actividades;Gastronomía;Cataluña;Barcelona;4;7;32;8;3
2024;6;Espectaculos;Música;Cataluña;Barcelona;2;3;59;29,5;1
2024;6;Espectaculos;Musicales;Cataluña;Barcelona;5;8;50;10;3
2024;6;Espectaculos;Cultura, teatro y danza;Cataluña;Barcelona;5;8;50;10;3
2024;6;Espectaculos;Musicales;Cataluña;Barcelona;2;3;20;10;2
2024;6;Espectaculos;Música;Cataluña;Barcelona;418;635;3540,46;8,47;200
2024;6;Espectaculos;Cultura, teatro y danza;Cataluña;Barcelona;78;127;1038,96;13,32;37
2024;6;Actividades;Gastronomía;Cataluña;Barcelona;1;2;10;10;1
2024;6;Espectaculos;Música;Cataluña;Barcelona;66;108;2346,3;35,55;39
2024;6;Actividades;Actividades infantiles;Cataluña;Barcelona;44;72;198,88;4,52;16
2024;6;Espectaculos;Cultura, teatro y danza;Cataluña;Barcelona;44;72;198,88;4,52;16
2024;6;Espectaculos;Música;Cataluña;Barcelona;49;80;177,38;3,62;19
2024;6;Actividades;Actividades infantiles;Cataluña;Barcelona;49;80;177,38;3,62;19
2024;6;Actividades;Cursos;Cataluña;Barcelona;5;8;175;35;4
2024;6;Espectaculos;Música;Cataluña;Barcelona;372;606;3429,84;9,22;188
2024;6;Actividades;Actividades infantiles;Cataluña;Barcelona;248;404;2333,68;9,41;139
2024;6;Espectaculos;Cultura, teatro y danza;Cataluña;Barcelona;52;85;398,84;7,67;29
2024;6;Actividades;Gastronomía;Cataluña;Barcelona;3;5;60;20;2
2024;6;Espectaculos;Música;Cataluña;Barcelona;82;134;1536,68;18,74;35
2024;6;Espectaculos;Música;Cataluña;Barcelona;3;5;30;10;1
2024;6;Espectaculos;Cultura, teatro y danza;Cataluña;Barcelona;28;46;336;12;11
2024;6;Espectaculos;Música;Cataluña;Barcelona;102;254;803,76;7,88;58
2024;6;Espectaculos;Cultura, teatro y danza;Cataluña;Barcelona;60;98;1071,6;17,86;32
2024;6;Actividades;Gastronomía;Cataluña;Barcelona;60;98;1071,6;17,86;32
2024;6;Espectaculos;Música;Castilla y León;Burgos;4;7;267,2;66,8;2
2024;6;Espectaculos;Música;Castilla y León;Burgos;33;54;680,46;20,62;15
2024;6;Espectaculos;Musicales;Extremadura;Cáceres;37;60;651,2;17,6;10
2024;6;Espectaculos;Música;Extremadura;Cáceres;207;321;1155,06;5,58;92
2024;6;Actividades;Actividades infantiles;Extremadura;Cáceres;37;60;651,2;17,6;10
2024;6;Espectaculos;Cultura, teatro y danza;Extremadura;Cáceres;103;168;1121,67;10,89;39
2024;6;Actividades;Deportes y aventuras;Extremadura;Cáceres;242;394;3487,22;14,41;210
2024;6;Actividades;Actividades infantiles;Extremadura;Cáceres;10;16;440;44;10
2024;6;Espectaculos;Cultura, teatro y danza;Extremadura;Cáceres;2;3;20;10;1
2024;6;Espectaculos;Musicales;Extremadura;Cáceres;15;24;264;17,6;5
2024;6;Actividades;Actividades infantiles;Extremadura;Cáceres;15;24;264;17,6;5
2024;6;Espectaculos;Cultura, teatro y danza;Extremadura;Cáceres;15;24;264;17,6;5
2024;6;Espectaculos;Cultura, teatro y danza;Extremadura;Cáceres;59;96;584,69;9,91;21
2024;6;Actividades;Cursos;Andalucía;Cádiz;2;3;80;40;2
2024;6;Espectaculos;Música;Andalucía;Cádiz;62;101;753,3;12,15;32
2024;6;Actividades;Actividades infantiles;Andalucía;Cádiz;2;3;80;40;2
2024;6;Espectaculos;Música;Andalucía;Cádiz;1097;1788;22038,73;20,09;471
2024;6;Actividades;Actividades infantiles;Andalucía;Cádiz;31;51;415,4;13,4;14
2024;6;Espectaculos;Cultura, teatro y danza;Andalucía;Cádiz;51;83;1742,67;34,17;19
2024;6;Espectaculos;Música;Andalucía;Cádiz;204;333;3249,72;15,93;119
2024;6;Espectaculos;Música;Andalucía;Cádiz;67;109;2150,7;32,1;25
2024;6;Espectaculos;Música;Andalucía;Cádiz;354;577;18673,5;52,75;173
2024;6;Espectaculos;Cultura, teatro y danza;Andalucía;Cádiz;6;10;99;16,5;3
2024;6;Actividades;Gastronomía;Andalucía;Cádiz;146;238;9650,6;66,1;52
2024;6;Espectaculos;Música;Andalucía;Cádiz;30;49;300;10;23
2024;6;Espectaculos;Cine;Andalucía;Cádiz;8;37;29,36;3,67;5
2024;6;Actividades;Actividades infantiles;Andalucía;Cádiz;2;3;8;4;1
2024;6;Espectaculos;Música;Andalucía;Cádiz;196;320;8643,6;44,1;90
2024;6;Espectaculos;Música;Comunitat Valenciana;Castellón/Castelló;6;10;58,02;9,67;4
2024;6;Actividades;Gastronomía;Comunitat Valenciana;Castellón/Castelló;6;10;58,02;9,67;4
2024;6;Espectaculos;Música;Comunitat Valenciana;Castellón/Castelló;3;5;121,47;40,49;1
2024;6;Espectaculos;Música;Comunitat Valenciana;Castellón/Castelló;197;321;2386,655;12,115;110
2024;6;Espectaculos;Cultura, teatro y danza;Comunitat Valenciana;Castellón/Castelló;9;15;27,9;3,1;4
2024;6;Espectaculos;Música;Comunitat Valenciana;Castellón/Castelló;17;28;263,5;15,5;5
2024;6;Espectaculos;Música;Comunitat Valenciana;Castellón/Castelló;50;81;888,5;17,77;28
2024;6;Espectaculos;Música;Comunitat Valenciana;Castellón/Castelló;17;28;392,19;23,07;13
2024;6;Espectaculos;Música;Castilla - La Mancha;Ciudad Real;14;23;373,8;26,7;5
2024;6;Espectaculos;Música;Castilla - La Mancha;Ciudad Real;262;427;2549,26;9,73;120
2024;6;Espectaculos;Música;Castilla - La Mancha;Ciudad Real;12;20;156;13;9
2024;6;Actividades;Actividades infantiles;Castilla - La Mancha;Ciudad Real;12;20;156;13;9
2024;6;Espectaculos;Conferencias;Andalucía;Córdoba;278;453;1529;5,5;91
2024;6;Espectaculos;Música;Andalucía;Córdoba;41;67;453,05;11,05;25
2024;6;Actividades;Actividades infantiles;Andalucía;Córdoba;50;81;290;5,8;18
2024;6;Espectaculos;Cultura, teatro y danza;Andalucía;Córdoba;227;370;2383,5;10,5;103
2024;6;Espectaculos;Música;Andalucía;Córdoba;11;18;275;25;10
2024;6;Espectaculos;Música;Galicia;A Coruña;22;36;182,38;8,29;16
2024;6;Espectaculos;Música;Galicia;A Coruña;73;119;548,23;7,51;46
2024;6;Espectaculos;Música;Galicia;A Coruña;1;2;13,2;13,2;1
2024;6;Espectaculos;Musicales;Galicia;A Coruña;48;78;207,36;4,32;27
2024;6;Espectaculos;Música;Galicia;A Coruña;613;1000;7604,265;12,405;415
2024;6;Actividades;Actividades infantiles;Galicia;A Coruña;79;171;1225,29;15,51;35
2024;6;Espectaculos;Cultura, teatro y danza;Galicia;A Coruña;72;117;391,68;5,44;39
2024;6;Actividades;Gastronomía;Galicia;A Coruña;15;24;180;12;10
2024;6;Espectaculos;Música;Galicia;A Coruña;75;122;1557,75;20,77;44
2024;6;Espectaculos;Música;Galicia;A Coruña;18;29;163,08;9,06;13
2024;6;Espectaculos;Música;Galicia;A Coruña;939;1531;11155,32;11,88;703
2024;6;Espectaculos;Música;Galicia;A Coruña;826;1346;9598,12;11,62;380
2024;6;Espectaculos;Música;Galicia;A Coruña;105;171;1611,75;15,35;63
2024;6;Espectaculos;Música;Castilla - La Mancha;Cuenca;837;1364;26022,33;31,09;425
2024;6;Actividades;Deportes y aventuras;Castilla - La Mancha;Cuenca;11;18;550;50;11
2024;6;Espectaculos;Música;Castilla - La Mancha;Cuenca;9;15;61,92;6,88;6
2024;6;Espectaculos;Cine;Cataluña;Girona;7;11;34,58;4,94;4
2024;6;Espectaculos;Música;Cataluña;Girona;23;37;230;10;11
2024;6;Espectaculos;Música;Cataluña;Girona;111;181;1575,09;14,19;48
2024;6;Actividades;Gastronomía;Cataluña;Girona;71;116;966,31;13,61;26
2024;6;Espectaculos;Música;Cataluña;Girona;598;975;7277,66;12,17;223
2024;6;Espectaculos;Música;Cataluña;Girona;61;99;922,32;15,12;26
2024;6;Espectaculos;Música;Cataluña;Girona;4;7;44;11;2
2024;6;Espectaculos;Música;Cataluña;Girona;251;409;2939,21;11,71;107
2024;6;Actividades;Actividades infantiles;Cataluña;Girona;124;202;1253,64;10,11;52
2024;6;Espectaculos;Cultura, teatro y danza;Cataluña;Girona;269;438;1622,07;6,03;111
2024;6;Espectaculos;Música;Cataluña;Girona;499;813;8208,55;16,45;227
2024;6;Actividades;Gastronomía;Cataluña;Girona;63;103;2036,79;32,33;22
2024;6;Espectaculos;Música;Cataluña;Girona;4;7;167;41,75;3
2024;6;Espectaculos;Música;Cataluña;Girona;146;238;2573,98;17,63;62
2024;6;Actividades;Actividades infantiles;Cataluña;Girona;61;99;1243,18;20,38;22
2024;6;Espectaculos;Música;Cataluña;Girona;184;300;3492,32;18,98;97
2024;6;Espectaculos;Música;Cataluña;Girona;30;49;531,6;17,72;18
2024;6;Espectaculos;Música;Cataluña;Girona;37;60;749,99;20,27;17
2024;6;Actividades;Gastronomía;Cataluña;Girona;37;60;749,99;20,27;17
2024;6;Espectaculos;Música;Cataluña;Girona;7;12;106,12;15,16;4
2024;6;Actividades;Actividades infantiles;Cataluña;Girona;12;20;180;15;5
2024;6;Espectaculos;Cultura, teatro y danza;Cataluña;Girona;12;20;180;15;5
2024;6;Espectaculos;Música;Cataluña;Girona;62;101;934,96;15,08;28
2024;6;Espectaculos;Música;Cataluña;Girona;127;207;2014,22;15,86;84
2024;6;Espectaculos;Música;Cataluña;Girona;6;10;60;10;3
2024;6;Espectaculos;Música;Cataluña;Girona;16;26;132;8,25;6
2024;6;Espectaculos;Música;Cataluña;Girona;43;70;1229,8;28,6;29
2024;6;Actividades;Deportes y aventuras;Cataluña;Girona;21;34;727,65;34,65;12
2024;6;Espectaculos;Música;Cataluña;Girona;63;103;946,26;15,02;26
2024;6;Actividades;Cursos;Cataluña;Girona;5;8;76,05;15,21;5
2024;6;Espectaculos;Música;Cataluña;Girona;4;7;20;5;2
2024;6;Espectaculos;Música;Cataluña;Girona;120;196;3150;26,25;82
2024;6;Espectaculos;Música;Andalucía;Granada;73;119;1177,49;16,13;41
2024;6;Espectaculos;Cultura, teatro y danza;Andalucía;Granada;247;403;2815,8;11,4;85
2024;6;Espectaculos;Museo y exposiciones;Andalucía;Granada;247;403;2815,8;11,4;85
2024;6;Espectaculos;Música;Andalucía;Granada;16;26;311,52;19,47;11
2024;6;Espectaculos;Música;Andalucía;Granada;439;716;8867,8;20,2;217
2024;6;Espectaculos;Música;Andalucía;Granada;198;323;1999,8;10,1;105
2024;6;Espectaculos;Musicales;Andalucía;Granada;166;320;1175,28;7,08;106
2024;6;Espectaculos;Música;Andalucía;Granada;830;1268;11196,7;13,49;457
2024;6;Actividades;Actividades infantiles;Andalucía;Granada;1;2;7,85;7,85;1
2024;6;Espectaculos;Cultura, teatro y danza;Andalucía;Granada;840;1321;4821,6;5,74;485
2024;6;Espectaculos;Música;Andalucía;Granada;2;3;55;27,5;1
2024;6;Espectaculos;Música;Andalucía;Granada;58;95;857,82;14,79;38
2024;6;Espectaculos;Música;Andalucía;Granada;28;46;754,04;26,93;18
2024;6;Actividades;Actividades infantiles;Andalucía;Granada;28;46;754,04;26,93;18
2024;6;Espectaculos;Conferencias;Andalucía;Granada;81;132;5508;68;65
2024;6;Espectaculos;Música;Castilla - La Mancha;Guadalajara;84;137;504;6;14
2024;6;Espectaculos;Cultura, teatro y danza;Castilla - La Mancha;Guadalajara;125;204;500;4;23
2024;6;Espectaculos;Música;Castilla - La Mancha;Guadalajara;5;8;100;20;5
2024;6;Actividades;Deportes y aventuras;Castilla - La Mancha;Guadalajara;106;173;283,02;2,67;37
2024;6;Espectaculos;Cultura, teatro y danza;Castilla - La Mancha;Guadalajara;508;828;2494,28;4,91;232
2024;6;Espectaculos;Música;Castilla - La Mancha;Guadalajara;50;81;500;10;19
2024;6;Espectaculos;Música;Castilla - La Mancha;Guadalajara;4;7;23,52;5,88;2
2024;6;Espectaculos;Música;País Vasco;Gipuzkoa;193;315;3572,43;18,51;94
2024;6;Espectaculos;Música;País Vasco;Gipuzkoa;246;1895;2280,42;9,27;125
2024;6;Actividades;Actividades infantiles;País Vasco;Gipuzkoa;395;922;2693,9;6,82;104
2024;6;Espectaculos;Cultura, teatro y danza;País Vasco;Gipuzkoa;395;912;2693,9;6,82;104
2024;6;Actividades;Actividades infantiles;País Vasco;Gipuzkoa;6;10;48;8;4
2024;6;Espectaculos;Cultura, teatro y danza;País Vasco;Gipuzkoa;29;47;232;8;19
2024;6;Espectaculos;Música;País Vasco;Gipuzkoa;24;39;124,8;5,2;15
2024;6;Actividades;Actividades infantiles;País Vasco;Gipuzkoa;206;336;1283,38;6,23;67
2024;6;Espectaculos;Cultura, teatro y danza;País Vasco;Gipuzkoa;213;347;1557,03;7,31;72
2024;6;Espectaculos;Música;País Vasco;Gipuzkoa;32;52;395,2;12,35;20
2024;6;Espectaculos;Cine;País Vasco;Gipuzkoa;5;8;15;3;5
2024;6;Actividades;Deportes y aventuras;País Vasco;Gipuzkoa;307;500;12445,78;40,54;144
2024;6;Espectaculos;Cine;País Vasco;Gipuzkoa;18;29;107,1;5,95;12
2024;6;Espectaculos;Música;País Vasco;Gipuzkoa;378;616;3341,52;8,84;99
2024;6;Actividades;Deportes y aventuras;País Vasco;Gipuzkoa;4;7;30,6;7,65;4
2024;6;Espectaculos;Música;País Vasco;Gipuzkoa;25;41;368;14,72;12
2024;6;Espectaculos;Cultura, teatro y danza;País Vasco;Gipuzkoa;218;355;656,18;3,01;61
2024;6;Actividades;Deportes y aventuras;País Vasco;Gipuzkoa;61;99;960,75;15,75;27
2024;6;Espectaculos;Música;Andalucía;Huelva;20;33;361,4;18,07;11
2024;6;Actividades;Deportes y aventuras;Andalucía;Huelva;1;2;20;20;1
2024;6;Actividades;Actividades infantiles;Andalucía;Huelva;2;3;40;20;2
2024;6;Espectaculos;Cine;Aragón;Huesca;10;16;400;40;4
2024;6;Actividades;Actividades infantiles;Aragón;Huesca;10;16;400;40;4
2024;6;Espectaculos;Música;Aragón;Huesca;723;1178;28037,94;38,78;477
2024;6;Espectaculos;Música;Aragón;Huesca;16;26;204,16;12,76;6
2024;6;Actividades;Actividades infantiles;Aragón;Huesca;16;26;204,16;12,76;6
2024;6;Actividades;Gastronomía;Aragón;Huesca;16;26;204,16;12,76;6
2024;6;Espectaculos;Música;Aragón;Huesca;18;29;402,3;22,35;6
2024;6;Espectaculos;Cultura, teatro y danza;Aragón;Huesca;123;200;1655,58;13,46;40
2024;6;Espectaculos;Música;Andalucía;Jaén;265;432;3598,7;13,58;136
2024;6;Espectaculos;Música;Andalucía;Jaén;358;584;5004,84;13,98;145
2024;6;Espectaculos;Música;Andalucía;Jaén;23;37;483,69;21,03;13
2024;6;Espectaculos;Música;Andalucía;Jaén;13;21;128,05;9,85;8
2024;6;Espectaculos;Música;Andalucía;Jaén;18;29;627,84;34,88;11
2024;6;Actividades;Actividades infantiles;Andalucía;Jaén;18;29;627,84;34,88;11
2024;6;Espectaculos;Musicales;Castilla y León;León;25;41;409,75;16,39;9
2024;6;Espectaculos;Música;Castilla y León;León;30;49;357,3;11,91;16
2024;6;Actividades;Actividades infantiles;Castilla y León;León;144;235;514,08;3,57;60
2024;6;Espectaculos;Cultura, teatro y danza;Castilla y León;León;25;41;409,75;16,39;9
2024;6;Espectaculos;Música;Castilla y León;León;11;18;110;10;4
2024;6;Espectaculos;Música;Castilla y León;León;5;8;47,1;9,42;2
2024;6;Actividades;Actividades infantiles;Castilla y León;León;5;8;47,1;9,42;2
2024;6;Actividades;Gastronomía;Castilla y León;León;5;8;47,1;9,42;2
2024;6;Espectaculos;Música;Castilla y León;León;9;15;111,87;12,43;4
2024;6;Actividades;Actividades infantiles;Castilla y León;León;9;15;111,87;12,43;4
2024;6;Actividades;Gastronomía;Castilla y León;León;9;15;111,87;12,43;4
2024;6;Espectaculos;Música;Cataluña;Lleida;9;61;187,11;20,79;7
2024;6;Espectaculos;Música;Cataluña;Lleida;332;541;5139,36;15,48;110
2024;6;Espectaculos;Cultura, teatro y danza;Cataluña;Lleida;28;46;382,48;13,66;16
2024;6;Espectaculos;Música;Cataluña;Lleida;22;36;285,56;12,98;10
2024;6;Espectaculos;Música;Cataluña;Lleida;216;352;1516,32;7,02;128
2024;6;Espectaculos;Música;Cataluña;Lleida;275;448;4028,75;14,65;161
2024;6;Espectaculos;Música;Cataluña;Lleida;2;3;20;10;1
2024;6;Espectaculos;Música;Cataluña;Lleida;51;83;357;7;26
2024;6;Espectaculos;Música;Cataluña;Lleida;104;170;2631,2;25,3;64
2024;6;Actividades;Actividades infantiles;Cataluña;Lleida;104;170;2631,2;25,3;64
2024;6;Actividades;Actividades infantiles;Cataluña;Lleida;165;269;496,65;3,01;54
2024;6;Espectaculos;Cultura, teatro y danza;Cataluña;Lleida;262;460;796,48;3,04;85
2024;6;Espectaculos;Cultura, teatro y danza;Cataluña;Lleida;11;18;108,02;9,82;5
2024;6;Actividades;Actividades infantiles;La Rioja;La Rioja;94;153;752;8;40
2024;6;Espectaculos;Cultura, teatro y danza;La Rioja;La Rioja;256;417;2050,56;8,01;104
2024;6;Espectaculos;Música;La Rioja;La Rioja;128;209;1488,64;11,63;103
2024;6;Espectaculos;Cultura, teatro y danza;La Rioja;La Rioja;29;47;854,34;29,46;19
2024;6;Espectaculos;Cultura, teatro y danza;La Rioja;La Rioja;8;13;200;25;2
2024;6;Espectaculos;Cultura, teatro y danza;La Rioja;La Rioja;1;2;176,78;176,78;1
2024;6;Espectaculos;Música;La Rioja;La Rioja;102;166;1761,54;17,27;55
2024;6;Espectaculos;Cultura, teatro y danza;La Rioja;La Rioja;98;160;3217,34;32,83;50
2024;6;Espectaculos;Música;La Rioja;La Rioja;55;90;1087,9;19,78;28
2024;6;Espectaculos;Música;La Rioja;La Rioja;55;89;1717,65;31,23;30
2024;6;Espectaculos;Música;Galicia;Lugo;498;812;6493,92;13,04;255
2024;6;Actividades;Actividades infantiles;Galicia;Lugo;456;743;5490,24;12,04;148
2024;6;Espectaculos;Cultura, teatro y danza;Galicia;Lugo;3;5;750;250;3
2024;6;Espectaculos;Música;Galicia;Lugo;29;47;517,07;17,83;24
2024;6;Espectaculos;Música;Galicia;Lugo;2039;3324;20390;10;2026
2024;6;Espectaculos;Conferencias;Comunidad de Madrid;Madrid;16;26;107,84;6,74;15
2024;6;Espectaculos;Musicales;Comunidad de Madrid;Madrid;2;3;22,4;11,2;1
2024;6;Espectaculos;Cultura, teatro y danza;Comunidad de Madrid;Madrid;5;8;65,5;13,1;3
2024;6;Espectaculos;Música;Comunidad de Madrid;Madrid;154;251;1749,44;11,36;91
2024;6;Espectaculos;Cultura, teatro y danza;Comunidad de Madrid;Madrid;12;20;65,4;5,45;5
2024;6;Actividades;Cursos;Comunidad de Madrid;Madrid;14;23;280;20;13
2024;6;Espectaculos;Música;Comunidad de Madrid;Madrid;42;68;445,2;10,6;23
2024;6;Actividades;Cursos;Comunidad de Madrid;Madrid;7;11;68,67;9,81;5
2024;6;Espectaculos;Música;Comunidad de Madrid;Madrid;40;74;537,2;13,43;22
2024;6;Actividades;Deportes y aventuras;Comunidad de Madrid;Madrid;48;78;2612,16;54,42;37
2024;6;Actividades;Actividades infantiles;Comunidad de Madrid;Madrid;48;78;2612,16;54,42;37
2024;6;Actividades;Actividades infantiles;Comunidad de Madrid;Madrid;9;400;45;5;9
2024;6;Actividades;Deportes y aventuras;Comunidad de Madrid;Madrid;30;49;180;6;11
2024;6;Espectaculos;Música;Comunidad de Madrid;Madrid;141;230;2119,23;15,03;59
2024;6;Espectaculos;Música;Comunidad de Madrid;Madrid;570;929;20240,7;35,51;343
2024;6;Actividades;Deportes y aventuras;Comunidad de Madrid;Madrid;14;23;258,02;18,43;12
2024;6;Espectaculos;Conferencias;Comunidad de Madrid;Madrid;675;1750;2247,75;3,33;544
2024;6;Actividades;Cursos;Comunidad de Madrid;Madrid;204;322;8237,52;40,38;175
2024;6;Espectaculos;Cine;Comunidad de Madrid;Madrid;216;474;1805,76;8,36;136
2024;6;Espectaculos;Musicales;Comunidad de Madrid;Madrid;145;236;1554,4;10,72;99
2024;6;Espectaculos;Ferias;Comunidad de Madrid;Madrid;675;1565;2247,75;3,33;544
2024;6;Espectaculos;Música;Comunidad de Madrid;Madrid;22646;33991;308212,06;13,61;12352
2024;6;Actividades;Deportes y aventuras;Comunidad de Madrid;Madrid;131;214;1226,16;9,36;69
2024;6;Actividades;Actividades infantiles;Comunidad de Madrid;Madrid;290;473;2282,3;7,87;146
2024;6;Espectaculos;Cultura, teatro y danza;Comunidad de Madrid;Madrid;5090;7890;75026,6;14,74;3227
2024;6;Actividades;Gastronomía;Comunidad de Madrid;Madrid;103;168;2115,62;20,54;58
2024;6;Espectaculos;Cine;Comunidad de Madrid;Madrid;42;68;273;6,5;19
2024;6;Espectaculos;Música;Comunidad de Madrid;Madrid;9;15;141,75;15,75;4
2024;6;Actividades;Actividades infantiles;Comunidad de Madrid;Madrid;42;68;273;6,5;19
2024;6;Espectaculos;Música;Comunidad de Madrid;Madrid;33;54;2700,06;81,82;16
2024;6;Espectaculos;Música;Comunidad de Madrid;Madrid;6;10;48;8;5
2024;6;Espectaculos;Música;Comunidad de Madrid;Madrid;13;21;156;12;10
2024;6;Actividades;Actividades infantiles;Comunidad de Madrid;Madrid;19;31;181,07;9,53;7
2024;6;Espectaculos;Música;Comunidad de Madrid;Madrid;23;37;184,46;8,02;18
2024;6;Espectaculos;Música;Comunidad de Madrid;Madrid;33;54;495;15;17
2024;6;Espectaculos;Musicales;Comunidad de Madrid;Madrid;207;337;1035;5;67
2024;6;Espectaculos;Música;Comunidad de Madrid;Madrid;1001;1632;16556,54;16,54;310
2024;6;Actividades;Actividades infantiles;Comunidad de Madrid;Madrid;1170;1907;15303,6;13,08;359
2024;6;Espectaculos;Cultura, teatro y danza;Comunidad de Madrid;Madrid;207;337;1035;5;67
2024;6;Actividades;Cursos;Comunidad de Madrid;Madrid;3;5;90;30;3
2024;6;Espectaculos;Música;Comunidad de Madrid;Madrid;222;362;2635,14;11,87;102
2024;6;Actividades;Cursos;Comunidad de Madrid;Madrid;152;248;12549,12;82,56;147
2024;6;Espectaculos;Música;Comunidad de Madrid;Madrid;80;130;235,2;2,94;44
2024;6;Espectaculos;Cultura, teatro y danza;Comunidad de Madrid;Madrid;44;71;182,6;4,15;22
2024;6;Espectaculos;Música;Comunidad de Madrid;Madrid;36;59;401,4;11,15;22
2024;6;Espectaculos;Música;Comunidad de Madrid;Madrid;2;3;16;8;1
2024;6;Actividades;Deportes y aventuras;Comunidad de Madrid;Madrid;2;3;16;8;1
2024;6;Actividades;Actividades infantiles;Comunidad de Madrid;Madrid;2;3;16;8;1
2024;6;Actividades;Actividades infantiles;Comunidad de Madrid;Madrid;58;95;306,24;5,28;25
2024;6;Espectaculos;Música;Andalucía;Málaga;19;31;142,5;7,5;9
2024;6;Espectaculos;Cultura, teatro y danza;Andalucía;Málaga;40;65;320,8;8,02;19
2024;6;Espectaculos;Música;Andalucía;Málaga;3;5;30,93;10,31;2
2024;6;Espectaculos;Conferencias;Andalucía;Málaga;2;3;2900;1450;1
2024;6;Actividades;Cursos;Andalucía;Málaga;22;36;6459,2;293,6;17
2024;6;Espectaculos;Música;Andalucía;Málaga;1483;2418;16135,04;10,88;822
2024;6;Actividades;Actividades infantiles;Andalucía;Málaga;81;132;580,77;7,17;23
2024;6;Espectaculos;Cultura, teatro y danza;Andalucía;Málaga;577;940;14886,6;25,8;251
2024;6;Espectaculos;Música;Andalucía;Málaga;6;10;126;21;3
2024;6;Espectaculos;Música;Andalucía;Málaga;6;10;60;10;3
2024;6;Espectaculos;Música;Andalucía;Málaga;7;11;249,76;35,68;4
2024;6;Espectaculos;Cultura, teatro y danza;Andalucía;Málaga;7;11;245;35;4
2024;6;Espectaculos;Música;Andalucía;Málaga;126;205;391,86;3,11;62
2024;6;Espectaculos;Música;Andalucía;Málaga;149;243;2151,56;14,44;47
2024;6;Actividades;Gastronomía;Andalucía;Málaga;149;243;2151,56;14,44;47
2024;6;Espectaculos;Música;Andalucía;Málaga;53;86;698,54;13,18;36
2024;6;Espectaculos;Cultura, teatro y danza;Región de Murcia;Murcia;435;709;5524,5;12,7;151
2024;6;Espectaculos;Música;Región de Murcia;Murcia;230;375;5046,2;21,94;154
2024;6;Espectaculos;Música;Región de Murcia;Murcia;7;11;63,91;9,13;4
2024;6;Actividades;Cursos;Región de Murcia;Murcia;5;8;1579,15;315,83;5
2024;6;Espectaculos;Conferencias;Región de Murcia;Murcia;136;222;1360;10;94
2024;6;Espectaculos;Musicales;Región de Murcia;Murcia;82;134;845,42;10,31;41
2024;6;Espectaculos;Música;Región de Murcia;Murcia;723;1362;9796,65;13,55;454
2024;6;Actividades;Actividades infantiles;Región de Murcia;Murcia;51;83;526,32;10,32;25
2024;6;Espectaculos;Cultura, teatro y danza;Región de Murcia;Murcia;518;844;3885;7,5;244
2024;6;Actividades;Gastronomía;Región de Murcia;Murcia;48;78;238,56;4,97;24
2024;6;Espectaculos;Cultura, teatro y danza;Región de Murcia;Murcia;130;212;1667,9;12,83;39
2024;6;Espectaculos;Música;Comunidad Foral de Navarra;Navarra;2;3;20,6;10,3;1
2024;6;Actividades;Actividades infantiles;Comunidad Foral de Navarra;Navarra;2;3;20,6;10,3;1
2024;6;Espectaculos;Música;Comunidad Foral de Navarra;Navarra;337;549;18066,57;53,61;169
2024;6;Actividades;Actividades infantiles;Comunidad Foral de Navarra;Navarra;337;549;18066,57;53,61;169
2024;6;Espectaculos;Música;Comunidad Foral de Navarra;Navarra;34;55;429,76;12,64;26
2024;6;Espectaculos;Música;Comunidad Foral de Navarra;Navarra;6;10;42;7;5
2024;6;Actividades;Deportes y aventuras;Comunidad Foral de Navarra;Navarra;86;140;1643,46;19,11;32
2024;6;Espectaculos;Música;Comunidad Foral de Navarra;Navarra;1656;2699;53886,24;32,54;1009
2024;6;Actividades;Deportes y aventuras;Comunidad Foral de Navarra;Navarra;71;116;2654,69;37,39;28
2024;6;Actividades;Gastronomía;Comunidad Foral de Navarra;Navarra;2;3;16;8;1
2024;6;Espectaculos;Música;Galicia;Ourense;5;24;37,5;7,5;5
2024;6;Espectaculos;Música;Galicia;Ourense;3;5;35,34;11,78;1
2024;6;Actividades;Actividades infantiles;Galicia;Ourense;3;5;35,34;11,78;1
2024;6;Actividades;Gastronomía;Galicia;Ourense;3;5;35,34;11,78;1
2024;6;Espectaculos;Música;Principado de Asturias;Asturias;93;152;1229,46;13,22;57
2024;6;Actividades;Deportes y aventuras;Principado de Asturias;Asturias;230;375;7665,9;33,33;102
2024;6;Actividades;Actividades infantiles;Principado de Asturias;Asturias;8;13;106;13,25;3
2024;6;Espectaculos;Cultura, teatro y danza;Principado de Asturias;Asturias;6;10;60;10;4
2024;6;Actividades;Gastronomía;Principado de Asturias;Asturias;8;13;106;13,25;3
2024;6;Espectaculos;Música;Principado de Asturias;Asturias;6;10;64,8;10,8;2
2024;6;Actividades;Gastronomía;Principado de Asturias;Asturias;6;10;64,8;10,8;2
2024;6;Espectaculos;Música;Principado de Asturias;Asturias;184;300;3492,32;18,98;97
2024;6;Espectaculos;Música;Principado de Asturias;Asturias;306;499;3962,7;12,95;194
2024;6;Espectaculos;Música;Principado de Asturias;Asturias;168;274;1831,2;10,9;91
2024;6;Espectaculos;Música;Principado de Asturias;Asturias;5;8;34,3;6,86;4
2024;6;Espectaculos;Música;Castilla y León;Palencia;15;24;277,5;18,5;7
2024;6;Espectaculos;Música;Castilla y León;Palencia;31;51;469,03;15,13;18
2024;6;Actividades;Actividades infantiles;Castilla y León;Palencia;64;104;288;4,5;45
2024;6;Espectaculos;Música;Canarias;Las Palmas;111;339;5541,12;49,92;77
2024;6;Espectaculos;Música;Canarias;Las Palmas;114;186;2235,54;19,61;74
2024;6;Espectaculos;Cultura, teatro y danza;Canarias;Las Palmas;145;236;870;6;55
2024;6;Actividades;Cursos;Canarias;Las Palmas;78;118;390;5;78
2024;6;Espectaculos;Cultura, teatro y danza;Canarias;Las Palmas;57;93;1208,4;21,2;27
2024;6;Actividades;Deportes y aventuras;Canarias;Las Palmas;11;18;550;50;11
2024;6;Actividades;Cursos;Canarias;Las Palmas;83;135;1059,91;12,77;77
2024;6;Espectaculos;Musicales;Canarias;Las Palmas;75;122;734,25;9,79;45
2024;6;Espectaculos;Música;Canarias;Las Palmas;989;2347;12426,785;12,565;585
2024;6;Espectaculos;Cultura, teatro y danza;Canarias;Las Palmas;764;1836;14905,64;19,51;409
2024;6;Actividades;Gastronomía;Canarias;Las Palmas;107;174;1063,58;9,94;56
2024;6;Espectaculos;Cultura, teatro y danza;Canarias;Las Palmas;281;458;5563,8;19,8;124
2024;6;Espectaculos;Música;Canarias;Las Palmas;431;655;4831,51;11,21;207
2024;6;Espectaculos;Cultura, teatro y danza;Canarias;Las Palmas;77;233;967,89;12,57;37
2024;6;Espectaculos;Música;Canarias;Las Palmas;11;18;183,04;16,64;7
2024;6;Espectaculos;Conferencias;Canarias;Las Palmas;48;78;1257,6;26,2;28
2024;6;Espectaculos;Música;Canarias;Las Palmas;189;308;3942,54;20,86;98
2024;6;Actividades;Actividades infantiles;Canarias;Las Palmas;115;187;770,5;6,7;38
2024;6;Espectaculos;Cultura, teatro y danza;Canarias;Las Palmas;427;696;3360,49;7,87;150
2024;6;Espectaculos;Música;Canarias;Las Palmas;238;388;2189,6;9,2;109
2024;6;Actividades;Actividades infantiles;Canarias;Las Palmas;35;57;217;6,2;11
2024;6;Espectaculos;Cultura, teatro y danza;Canarias;Las Palmas;99;161;762,3;7,7;39
2024;6;Espectaculos;Música;Canarias;Las Palmas;31;51;223,2;7,2;16
2024;6;Espectaculos;Música;Galicia;Pontevedra;1;2;8;8;1
2024;6;Espectaculos;Música;Galicia;Pontevedra;1689;2753;54723,6;32,4;557
2024;6;Espectaculos;Cultura, teatro y danza;Galicia;Pontevedra;4186;6823;41734,42;9,97;2465
2024;6;Espectaculos;Música;Galicia;Pontevedra;6;10;30;5;3
2024;6;Espectaculos;Cultura, teatro y danza;Galicia;Pontevedra;26;42;2600;100;14
2024;6;Espectaculos;Conferencias;Galicia;Pontevedra;206;336;1297,8;6,3;98
2024;6;Actividades;Cursos;Galicia;Pontevedra;1;2;59;59;1
2024;6;Espectaculos;Musicales;Galicia;Pontevedra;10;16;72,8;7,28;6
2024;6;Espectaculos;Música;Galicia;Pontevedra;659;1017;7782,79;11,81;390
2024;6;Espectaculos;Cultura, teatro y danza;Galicia;Pontevedra;128;208;1926,4;15,05;67
2024;6;Espectaculos;Musicales;Castilla y León;Salamanca;32;52;453,12;14,16;18
2024;6;Espectaculos;Música;Castilla y León;Salamanca;179;292;1082,95;6,05;134
2024;6;Espectaculos;Cultura, teatro y danza;Castilla y León;Salamanca;32;52;453,12;14,16;18
2024;6;Actividades;Deportes y aventuras;Castilla y León;Salamanca;9;101;99;11;5
2024;6;Espectaculos;Música;Castilla y León;Salamanca;14240;23211;143396,8;10,07;13241
2024;6;Espectaculos;Cultura, teatro y danza;Castilla y León;Salamanca;290;473;736,6;2,54;69
2024;6;Espectaculos;Museo y exposiciones;Castilla y León;Salamanca;290;473;736,6;2,54;69
2024;6;Espectaculos;Música;Canarias;Santa Cruz de Tenerife;30;49;495;16,5;17
2024;6;Espectaculos;Música;Canarias;Santa Cruz de Tenerife;36;59;1119,96;31,11;16
2024;6;Espectaculos;Música;Canarias;Santa Cruz de Tenerife;45;73;416,7;9,26;31
2024;6;Espectaculos;Música;Canarias;Santa Cruz de Tenerife;186;362;558;3;92
2024;6;Actividades;Actividades infantiles;Canarias;Santa Cruz de Tenerife;24;106;72;3;9
2024;6;Espectaculos;Cultura, teatro y danza;Canarias;Santa Cruz de Tenerife;103;168;309;3;51
2024;6;Actividades;Deportes y aventuras;Canarias;Santa Cruz de Tenerife;600;978;9000;15;600
2024;6;Espectaculos;Música;Canarias;Santa Cruz de Tenerife;384;626;6071,04;15,81;225
2024;6;Espectaculos;Cultura, teatro y danza;Canarias;Santa Cruz de Tenerife;208;339;1632,8;7,85;119
2024;6;Espectaculos;Cultura, teatro y danza;Canarias;Santa Cruz de Tenerife;75;164;869,25;11,59;39
2024;6;Espectaculos;Música;Canarias;Santa Cruz de Tenerife;174;886;3728,82;21,43;148
2024;6;Espectaculos;Música;Canarias;Santa Cruz de Tenerife;116;189;2596,08;22,38;62
2024;6;Espectaculos;Cultura, teatro y danza;Canarias;Santa Cruz de Tenerife;36;59;1044,36;29,01;18
2024;6;Actividades;Cursos;Canarias;Santa Cruz de Tenerife;3;5;136,26;45,42;2
2024;6;Espectaculos;Música;Canarias;Santa Cruz de Tenerife;409;720;6674,88;16,32;284
2024;6;Espectaculos;Cultura, teatro y danza;Canarias;Santa Cruz de Tenerife;121;197;1126,51;9,31;65
2024;6;Actividades;Gastronomía;Canarias;Santa Cruz de Tenerife;8;13;105,6;13,2;4
2024;6;Espectaculos;Música;Canarias;Santa Cruz de Tenerife;18;29;155,52;8,64;8
2024;6;Espectaculos;Cultura, teatro y danza;Canarias;Santa Cruz de Tenerife;966;1500;4868,64;5,04;248
2024;6;Espectaculos;Música;Canarias;Santa Cruz de Tenerife;114;186;1246,02;10,93;55
2024;6;Espectaculos;Música;Cantabria;Cantabria;2;3;19,64;9,82;1
2024;6;Actividades;Actividades infantiles;Cantabria;Cantabria;2;3;19,64;9,82;1
2024;6;Actividades;Gastronomía;Cantabria;Cantabria;2;3;19,64;9,82;1
2024;6;Espectaculos;Música;Cantabria;Cantabria;215;350;2590,75;12,05;80
2024;6;Espectaculos;Música;Cantabria;Cantabria;143;233;1510,08;10,56;72
2024;6;Espectaculos;Cultura, teatro y danza;Cantabria;Cantabria;73;119;955,57;13,09;33
2024;6;Espectaculos;Música;Castilla y León;Segovia;300;489;1434;4,78;121
2024;6;Espectaculos;Música;Andalucía;Sevilla;199;324;2634,76;13,24;97
2024;6;Espectaculos;Cultura, teatro y danza;Andalucía;Sevilla;58;95;171,68;2,96;27
2024;6;Espectaculos;Cultura, teatro y danza;Andalucía;Sevilla;95;155;570;6;37
2024;6;Espectaculos;Música;Andalucía;Sevilla;267;435;3396,24;12,72;131
2024;6;Espectaculos;Conferencias;Andalucía;Sevilla;17;28;1052,3;61,9;13
2024;6;Espectaculos;Cine;Andalucía;Sevilla;176;2876;1061,28;6,03;74
2024;6;Espectaculos;Musicales;Andalucía;Sevilla;74;121;222;3;35
2024;6;Espectaculos;Música;Andalucía;Sevilla;2316;3819;26217,12;11,32;1282
2024;6;Actividades;Actividades infantiles;Andalucía;Sevilla;101;165;2209,88;21,88;36
2024;6;Espectaculos;Cultura, teatro y danza;Andalucía;Sevilla;1755;3083;23253,75;13,25;932
2024;6;Espectaculos;Museo y exposiciones;Andalucía;Sevilla;21;329;273;13;10
2024;6;Actividades;Gastronomía;Andalucía;Sevilla;10;16;104,1;10,41;8
2024;6;Espectaculos;Música;Castilla y León;Soria;306;499;3678,12;12,02;303
2024;6;Espectaculos;Música;Castilla y León;Soria;10;16;88;8,8;5
2024;6;Espectaculos;Música;Castilla y León;Soria;3;5;35,34;11,78;1
2024;6;Actividades;Actividades infantiles;Castilla y León;Soria;3;5;35,34;11,78;1
2024;6;Actividades;Gastronomía;Castilla y León;Soria;3;5;35,34;11,78;1
2024;6;Espectaculos;Música;Cataluña;Tarragona;2;3;21;10,5;1
2024;6;Actividades;Deportes y aventuras;Cataluña;Tarragona;27;44;810;30;16
2024;6;Espectaculos;Música;Cataluña;Tarragona;25;45;777,25;31,09;15
2024;6;Actividades;Deportes y aventuras;Cataluña;Tarragona;73;119;954,11;13,07;46
2024;6;Actividades;Cursos;Cataluña;Tarragona;1;2;60,89;60,89;1
2024;6;Actividades;Actividades infantiles;Cataluña;Tarragona;33;54;425,7;12,9;8
2024;6;Espectaculos;Cultura, teatro y danza;Cataluña;Tarragona;33;54;425,7;12,9;8
2024;6;Espectaculos;Museo y exposiciones;Cataluña;Tarragona;33;54;425,7;12,9;8
2024;6;Espectaculos;Cultura, teatro y danza;Cataluña;Tarragona;61;99;386,74;6,34;26
2024;6;Espectaculos;Cultura, teatro y danza;Cataluña;Tarragona;2;3;30;15;1
2024;6;Espectaculos;Música;Cataluña;Tarragona;112;183;1433,6;12,8;68
2024;6;Espectaculos;Música;Cataluña;Tarragona;144;235;2306,88;16,02;72
2024;6;Espectaculos;Música;Cataluña;Tarragona;30;49;588,9;19,63;14
2024;6;Espectaculos;Música;Cataluña;Tarragona;349;569;10103,55;28,95;197
2024;6;Actividades;Deportes y aventuras;Cataluña;Tarragona;21;34;206,01;9,81;12
2024;6;Espectaculos;Música;Cataluña;Tarragona;134;218;1242,18;9,27;54
2024;6;Espectaculos;Musicales;Cataluña;Tarragona;40;65;743,6;18,59;17
2024;6;Espectaculos;Música;Cataluña;Tarragona;806;1605;7350,72;9,12;309
2024;6;Actividades;Actividades infantiles;Cataluña;Tarragona;584;952;6091,12;10,43;188
2024;6;Espectaculos;Cultura, teatro y danza;Cataluña;Tarragona;52;85;612,04;11,77;24
2024;6;Espectaculos;Música;Cataluña;Tarragona;14;23;759,78;54,27;14
2024;6;Espectaculos;Música;Cataluña;Tarragona;37;60;1850;50;18
2024;6;Actividades;Gastronomía;Cataluña;Tarragona;37;60;1850;50;18
2024;6;Espectaculos;Música;Cataluña;Tarragona;104;170;1266,72;12,18;41
2024;6;Espectaculos;Música;Cataluña;Tarragona;11;18;129,58;11,78;4
2024;6;Espectaculos;Cultura, teatro y danza;Cataluña;Tarragona;51;83;997,05;19,55;17
2024;6;Espectaculos;Cultura, teatro y danza;Cataluña;Tarragona;2;3;20;10;1
2024;6;Espectaculos;Música;Cataluña;Tarragona;83;135;1508,94;18,18;38
2024;6;Espectaculos;Música;Aragón;Teruel;591;963;15696,96;26,56;460
2024;6;Espectaculos;Música;Aragón;Teruel;17;28;446,25;26,25;7
2024;6;Espectaculos;Cine;Castilla - La Mancha;Toledo;2;3;23,56;11,78;1
2024;6;Actividades;Actividades infantiles;Castilla - La Mancha;Toledo;2;3;23,56;11,78;1
2024;6;Espectaculos;Música;Castilla - La Mancha;Toledo;18;30;180;10;9
2024;6;Espectaculos;Música;Castilla - La Mancha;Toledo;27;44;3306,69;122,47;25
2024;6;Espectaculos;Música;Castilla - La Mancha;Toledo;271;442;6287,2;23,2;134
2024;6;Actividades;Actividades infantiles;Castilla - La Mancha;Toledo;271;442;6287,2;23,2;134
2024;6;Espectaculos;Música;Castilla - La Mancha;Toledo;2;3;24;12;1
2024;6;Actividades;Actividades infantiles;Castilla - La Mancha;Toledo;142;231;2256,38;15,89;30
2024;6;Espectaculos;Cultura, teatro y danza;Castilla - La Mancha;Toledo;142;231;2256,38;15,89;30
2024;6;Espectaculos;Museo y exposiciones;Castilla - La Mancha;Toledo;140;228;950,6;6,79;28
2024;6;Espectaculos;Cultura, teatro y danza;Comunitat Valenciana;Valencia/València;82;134;482,98;5,89;53
2024;6;Actividades;Gastronomía;Comunitat Valenciana;Valencia/València;82;134;482,98;5,89;53
2024;6;Espectaculos;Música;Comunitat Valenciana;Valencia/València;361;588;7454,65;20,65;200
2024;6;Actividades;Actividades infantiles;Comunitat Valenciana;Valencia/València;429;699;1780,35;4,15;167
2024;6;Espectaculos;Música;Comunitat Valenciana;Valencia/València;226;368;4592,32;20,32;200
2024;6;Espectaculos;Música;Comunitat Valenciana;Valencia/València;16;26;800;50;16
2024;6;Espectaculos;Música;Comunitat Valenciana;Valencia/València;12;20;180;15;9
2024;6;Actividades;Cursos;Comunitat Valenciana;Valencia/València;12;20;176,64;14,72;3
2024;6;Espectaculos;Música;Comunitat Valenciana;Valencia/València;120;196;1872;15,6;63
2024;6;Espectaculos;Música;Comunitat Valenciana;Valencia/València;455;742;3872,05;8,51;288
2024;6;Espectaculos;Música;Comunitat Valenciana;Valencia/València;269;438;10243,52;38,08;142
2024;6;Espectaculos;Música;Comunitat Valenciana;Valencia/València;71;116;1655,72;23,32;39
2024;6;Espectaculos;Música;Comunitat Valenciana;Valencia/València;2;5;72,18;36,09;1
2024;6;Espectaculos;Cultura, teatro y danza;Comunitat Valenciana;Valencia/València;26;42;313,3;12,05;10
2024;6;Espectaculos;Música;Comunitat Valenciana;Valencia/València;4;7;34,4;8,6;2
2024;6;Espectaculos;Conferencias;Comunitat Valenciana;Valencia/València;152;248;3681,44;24,22;94
2024;6;Actividades;Cursos;Comunitat Valenciana;Valencia/València;3;5;45;15;3
2024;6;Espectaculos;Musicales;Comunitat Valenciana;Valencia/València;738;1203;6944,58;9,41;286
2024;6;Espectaculos;Ferias;Comunitat Valenciana;Valencia/València;37;60;1525,14;41,22;37
2024;6;Espectaculos;Música;Comunitat Valenciana;Valencia/València;1287;2046;18815,94;14,62;743
2024;6;Actividades;Actividades infantiles;Comunitat Valenciana;Valencia/València;1875;3056;19200;10,24;617
2024;6;Espectaculos;Cultura, teatro y danza;Comunitat Valenciana;Valencia/València;2641;4305;26251,54;9,94;961
2024;6;Actividades;Gastronomía;Comunitat Valenciana;Valencia/València;2;31;38,4;19,2;1
2024;6;Espectaculos;Cultura, teatro y danza;Castilla y León;Valladolid;35;57;162,4;4,64;12
2024;6;Espectaculos;Musicales;Castilla y León;Valladolid;37;60;373,33;10,09;17
2024;6;Espectaculos;Cultura, teatro y danza;Castilla y León;Valladolid;37;60;373,33;10,09;17
2024;6;Espectaculos;Cine;Castilla y León;Valladolid;49;80;300,37;6,13;16
2024;6;Actividades;Actividades infantiles;Castilla y León;Valladolid;49;80;300,37;6,13;16
2024;6;Actividades;Deportes y aventuras;Castilla y León;Valladolid;56;91;3430;61,25;30
2024;6;Actividades;Actividades infantiles;Castilla y León;Valladolid;56;91;3430;61,25;30
2024;6;Espectaculos;Cultura, teatro y danza;Castilla y León;Valladolid;30;49;834,6;27,82;23
2024;6;Espectaculos;Cine;Castilla y León;Valladolid;5;8;250;50;4
2024;6;Espectaculos;Música;Castilla y León;Valladolid;621;1953;10426,59;16,79;437
2024;6;Actividades;Deportes y aventuras;Castilla y León;Valladolid;8;13;600;75;8
2024;6;Actividades;Actividades infantiles;Castilla y León;Valladolid;24;41;72;3;18
2024;6;Espectaculos;Cultura, teatro y danza;Castilla y León;Valladolid;376;613;2534,24;6,74;175
2024;6;Espectaculos;Música;Castilla y León;Valladolid;265;432;5954,55;22,47;138
2024;6;Actividades;Actividades infantiles;Castilla y León;Valladolid;249;406;3854,52;15,48;125
2024;6;Actividades;Deportes y aventuras;País Vasco;Bizkaia;800;1304;12504;15,63;800
2024;6;Espectaculos;Cultura, teatro y danza;País Vasco;Bizkaia;34;55;292,4;8,6;12
2024;6;Actividades;Cursos;País Vasco;Bizkaia;1;2;45;45;1
2024;6;Espectaculos;Música;País Vasco;Bizkaia;966;1499;14354,76;14,86;571
2024;6;Actividades;Actividades infantiles;País Vasco;Bizkaia;22;36;112,42;5,11;12
2024;6;Espectaculos;Cultura, teatro y danza;País Vasco;Bizkaia;4;7;48;12;2
2024;6;Actividades;Actividades infantiles;País Vasco;Bizkaia;378;619;3560,76;9,42;105
2024;6;Espectaculos;Cultura, teatro y danza;País Vasco;Bizkaia;378;616;3560,76;9,42;105
2024;6;Espectaculos;Museo y exposiciones;País Vasco;Bizkaia;378;616;3560,76;9,42;105
2024;6;Espectaculos;Música;País Vasco;Bizkaia;165;269;1067,55;6,47;92
2024;6;Espectaculos;Cultura, teatro y danza;País Vasco;Bizkaia;51;83;586,5;11,5;33
2024;6;Espectaculos;Música;País Vasco;Bizkaia;55;90;573,65;10,43;32
2024;6;Espectaculos;Música;País Vasco;Bizkaia;14;49;82,04;5,86;9
2024;6;Espectaculos;Música;País Vasco;Bizkaia;28;46;495,04;17,68;23
2024;6;Actividades;Cursos;País Vasco;Bizkaia;14;23;274,82;19,63;12
2024;6;Espectaculos;Música;País Vasco;Bizkaia;4;101;9;2,25;1
2024;6;Actividades;Actividades infantiles;País Vasco;Bizkaia;27;134;3745,17;138,71;23
2024;6;Espectaculos;Música;Castilla y León;Zamora;762;1242;11132,82;14,61;347
2024;6;Actividades;Actividades infantiles;Castilla y León;Zamora;34;55;817,7;24,05;20
2024;6;Espectaculos;Cultura, teatro y danza;Castilla y León;Zamora;97;158;2194,14;22,62;66
2024;6;Actividades;Deportes y aventuras;Aragón;Zaragoza;135;213;2824,2;20,92;52
2024;6;Espectaculos;Música;Aragón;Zaragoza;2;3;25,9;12,95;1
2024;6;Espectaculos;Música;Aragón;Zaragoza;1;2;14;14;1
2024;6;Espectaculos;Música;Aragón;Zaragoza;98;160;1470;15;58
2024;6;Espectaculos;Música;Aragón;Zaragoza;1;2;10,95;10,95;1
2024;6;Espectaculos;Música;Aragón;Zaragoza;2;3;20;10;1
2024;6;Espectaculos;Cultura, teatro y danza;Aragón;Zaragoza;23;37;498,41;21,67;9
2024;6;Actividades;Gastronomía;Aragón;Zaragoza;12;20;420;35;5
2024;6;Espectaculos;Música;Aragón;Zaragoza;12;20;155,4;12,95;5
2024;6;Espectaculos;Conferencias;Aragón;Zaragoza;114;359;5579,16;48,94;82
2024;6;Espectaculos;Musicales;Aragón;Zaragoza;385;654;3672,9;9,54;195
2024;6;Espectaculos;Ferias;Aragón;Zaragoza;114;347;5579,16;48,94;82
2024;6;Espectaculos;Música;Aragón;Zaragoza;3104;4722;40972,8;13,2;1959
2024;6;Actividades;Actividades infantiles;Aragón;Zaragoza;235;383;1419,4;6,04;78
2024;6;Espectaculos;Cultura, teatro y danza;Aragón;Zaragoza;979;1599;10132,65;10,35;466
2024;6;Espectaculos;Museo y exposiciones;Aragón;Zaragoza;125;204;455;3,64;38
2024;6;Espectaculos;Música;Ceuta;Ceuta;76;124;972,04;12,79;37
2024;6;Espectaculos;Cultura, teatro y danza;Ceuta;Ceuta;49;80;295,96;6,04;22
2024;6;Espectaculos;Conferencias;Total Nacional;Total Nacional;1766;3702;240810,3472;136,3592;1160
2024;6;Actividades;Cursos;Total Nacional;Total Nacional;1158;1857;64244,4504;55,4788;934
2024;6;Espectaculos;Cine;Total Nacional;Total Nacional;873;4376;9157,77;10,49;452
2024;6;Espectaculos;Musicales;Total Nacional;Total Nacional;3892;6416;43339,366;11,1355;1750
2024;6;Espectaculos;Parques temáticos;Total Nacional;Total Nacional;77;126;881,65;11,45;55
2024;6;Espectaculos;Ferias;Total Nacional;Total Nacional;826;1972;25740,8858;31,1633;663
2024;6;Espectaculos;Música;Total Nacional;Total Nacional;129302;225351;2220399,804;17,1722;78294
2024;6;Actividades;Deportes y aventuras;Total Nacional;Total Nacional;3444;5783;83155,0356;24,1449;2565
2024;6;Actividades;Actividades infantiles;Total Nacional;Total Nacional;15438;27087;231221,1012;14,9774;6398
2024;6;Espectaculos;Cultura, teatro y danza;Total Nacional;Total Nacional;39325;64992;622849,0125;15,8385;18995
2024;6;Espectaculos;Museo y exposiciones;Total Nacional;Total Nacional;1278;2379;16544,4768;12,9456;361
2024;6;Actividades;Gastronomía;Total Nacional;Total Nacional;1904;3132;35998,928;18,907;889
2024;7;Espectaculos;Música;País Vasco;Araba/Álava;69;129;1710,51;24,79;27
2024;7;Espectaculos;Música;País Vasco;Araba/Álava;179;334;1915,3;10,7;65
2024;7;Actividades;Actividades infantiles;País Vasco;Araba/Álava;179;334;1915,3;10,7;65
2024;7;Actividades;Gastronomía;País Vasco;Araba/Álava;179;334;1915,3;10,7;65
2024;7;Espectaculos;Música;País Vasco;Araba/Álava;281;2490;2492,47;8,87;150
2024;7;Actividades;Actividades infantiles;País Vasco;Araba/Álava;110;311;437,8;3,98;51
2024;7;Espectaculos;Cultura, teatro y danza;País Vasco;Araba/Álava;419;782;3377,14;8,06;189
2024;7;Espectaculos;Museo y exposiciones;País Vasco;Araba/Álava;25;47;128;5,12;16
2024;7;Espectaculos;Música;Castilla - La Mancha;Albacete;61;114;1232,2;20,2;48
2024;7;Espectaculos;Música;Castilla - La Mancha;Albacete;51;95;459;9;35
2024;7;Espectaculos;Cultura, teatro y danza;Castilla - La Mancha;Albacete;17;32;172,04;10,12;8
2024;7;Espectaculos;Cultura, teatro y danza;Castilla - La Mancha;Albacete;21;39;170,1;8,1;8
2024;7;Actividades;Deportes y aventuras;Castilla - La Mancha;Albacete;29;54;577,97;19,93;10
2024;7;Espectaculos;Cine;Castilla - La Mancha;Albacete;281;524;1202,68;4,28;84
2024;7;Espectaculos;Música;Castilla - La Mancha;Albacete;14;26;137,34;9,81;9
2024;7;Actividades;Actividades infantiles;Castilla - La Mancha;Albacete;14;26;137,34;9,81;9
2024;7;Espectaculos;Música;Castilla - La Mancha;Albacete;9;17;649,62;72,18;5
2024;7;Espectaculos;Música;Comunitat Valenciana;Alicante/Alacant;875;1633;13343,75;15,25;401
2024;7;Actividades;Deportes y aventuras;Comunitat Valenciana;Alicante/Alacant;2;4;40;20;2
2024;7;Actividades;Actividades infantiles;Comunitat Valenciana;Alicante/Alacant;57;106;1995;35;57
2024;7;Espectaculos;Cultura, teatro y danza;Comunitat Valenciana;Alicante/Alacant;214;398;7682,6;35,9;91
2024;7;Actividades;Gastronomía;Comunitat Valenciana;Alicante/Alacant;137;256;1304,24;9,52;57
2024;7;Espectaculos;Música;Comunitat Valenciana;Alicante/Alacant;110;205;1160,5;10,55;57
2024;7;Espectaculos;Música;Comunitat Valenciana;Alicante/Alacant;1268;2365;16116,28;12,71;680
2024;7;Espectaculos;Cultura, teatro y danza;Comunitat Valenciana;Alicante/Alacant;134;250;1920,22;14,33;37
2024;7;Espectaculos;Música;Comunitat Valenciana;Alicante/Alacant;10;19;230;23;4
2024;7;Espectaculos;Música;Comunitat Valenciana;Alicante/Alacant;657;1226;10774,8;16,4;450
2024;7;Actividades;Actividades infantiles;Comunitat Valenciana;Alicante/Alacant;3;6;26,4;8,8;1
2024;7;Espectaculos;Cultura, teatro y danza;Comunitat Valenciana;Alicante/Alacant;92;172;594,32;6,46;38
2024;7;Espectaculos;Cultura, teatro y danza;Comunitat Valenciana;Alicante/Alacant;135;252;1741,5;12,9;42
2024;7;Espectaculos;Música;Comunitat Valenciana;Alicante/Alacant;73;136;1317,65;18,05;33
2024;7;Espectaculos;Música;Comunitat Valenciana;Alicante/Alacant;29;54;499,09;17,21;16
2024;7;Espectaculos;Música;Comunitat Valenciana;Alicante/Alacant;178;332;1283,38;7,21;78
2024;7;Espectaculos;Cultura, teatro y danza;Comunitat Valenciana;Alicante/Alacant;77;144;5390;70;31
2024;7;Espectaculos;Música;Comunitat Valenciana;Alicante/Alacant;39;73;1225,77;31,43;14
2024;7;Espectaculos;Cine;Comunitat Valenciana;Alicante/Alacant;34;63;612;18;19
2024;7;Espectaculos;Música;Comunitat Valenciana;Alicante/Alacant;325;606;12366,25;38,05;158
2024;7;Espectaculos;Música;Comunitat Valenciana;Alicante/Alacant;67;125;1228,78;18,34;26
2024;7;Espectaculos;Cine;Andalucía;Almería;16;30;100,64;6,29;5
2024;7;Actividades;Actividades infantiles;Andalucía;Almería;16;30;100,64;6,29;5
2024;7;Espectaculos;Musicales;Andalucía;Almería;9;17;108;12;3
2024;7;Espectaculos;Música;Andalucía;Almería;582;1309;9300,36;15,98;279
2024;7;Espectaculos;Cultura, teatro y danza;Andalucía;Almería;221;412;2899,52;13,12;95
2024;7;Espectaculos;Música;Andalucía;Almería;10;19;92;9,2;5
2024;7;Actividades;Actividades infantiles;Andalucía;Almería;10;19;92;9,2;5
2024;7;Espectaculos;Música;Andalucía;Almería;55;103;283,25;5,15;23
2024;7;Espectaculos;Música;Andalucía;Almería;5;9;50;10;3
2024;7;Actividades;Actividades infantiles;Andalucía;Almería;10;19;160;16;4
2024;7;Espectaculos;Cultura, teatro y danza;Andalucía;Almería;12;22;303,96;25,33;5
2024;7;Espectaculos;Museo y exposiciones;Andalucía;Almería;2;4;88;44;1
2024;7;Espectaculos;Música;Andalucía;Almería;146;272;8340,98;57,13;92
2024;7;Espectaculos;Cultura, teatro y danza;Andalucía;Almería;535;998;13589;25,4;183
2024;7;Espectaculos;Música;Andalucía;Almería;163;304;3022,02;18,54;69
2024;7;Actividades;Deportes y aventuras;Castilla y León;Ávila;18;34;785,88;43,66;14
2024;7;Espectaculos;Cultura, teatro y danza;Extremadura;Badajoz;164;306;4050,8;24,7;119
2024;7;Espectaculos;Música;Extremadura;Badajoz;68;127;768,4;11,3;38
2024;7;Espectaculos;Cultura, teatro y danza;Extremadura;Badajoz;6;11;18;3;2
2024;7;Actividades;Deportes y aventuras;Extremadura;Badajoz;28;94;154;5,5;23
2024;7;Actividades;Deportes y aventuras;Extremadura;Badajoz;77;148;808,5;10,5;70
2024;7;Espectaculos;Música;Extremadura;Badajoz;2;4;20;10;1
2024;7;Espectaculos;Música;Illes Balears;Illes Balears;66;123;1026,96;15,56;36
2024;7;Espectaculos;Música;Illes Balears;Illes Balears;17;32;182,24;10,72;8
2024;7;Espectaculos;Música;Illes Balears;Illes Balears;16;30;497,44;31,09;8
2024;7;Actividades;Gastronomía;Illes Balears;Illes Balears;16;30;497,44;31,09;8
2024;7;Espectaculos;Música;Illes Balears;Illes Balears;117;218;1721,07;14,71;59
2024;7;Actividades;Cursos;Illes Balears;Illes Balears;4;7;220;55;3
2024;7;Espectaculos;Música;Illes Balears;Illes Balears;319;595;8577,91;26,89;125
2024;7;Actividades;Gastronomía;Illes Balears;Illes Balears;4;7;220;55;3
2024;7;Espectaculos;Música;Illes Balears;Illes Balears;235;438;3799,95;16,17;117
2024;7;Espectaculos;Conferencias;Illes Balears;Illes Balears;52;97;542,88;10,44;25
2024;7;Espectaculos;Música;Illes Balears;Illes Balears;6355;12239;141780,05;22,31;3964
2024;7;Actividades;Cursos;Illes Balears;Illes Balears;28;54;1643,04;58,68;13
2024;7;Espectaculos;Música;Illes Balears;Illes Balears;712;1328;28515,6;40,05;364
2024;7;Actividades;Gastronomía;Illes Balears;Illes Balears;28;52;1643,04;58,68;13
2024;7;Espectaculos;Música;Illes Balears;Illes Balears;1601;2987;16186,11;10,11;739
2024;7;Espectaculos;Conferencias;Illes Balears;Illes Balears;2;4;230;115;1
2024;7;Espectaculos;Ferias;Illes Balears;Illes Balears;2;4;230;115;1
2024;7;Espectaculos;Música;Illes Balears;Illes Balears;1862;3474;30276,12;16,26;898
2024;7;Espectaculos;Cultura, teatro y danza;Illes Balears;Illes Balears;2;4;10,36;5,18;1
2024;7;Espectaculos;Música;Illes Balears;Illes Balears;129;238;828,18;6,42;69
2024;7;Espectaculos;Cultura, teatro y danza;Illes Balears;Illes Balears;4;7;16,6;4,15;2
2024;7;Espectaculos;Música;Illes Balears;Illes Balears;505;942;14311,7;28,34;249
2024;7;Espectaculos;Cultura, teatro y danza;Illes Balears;Illes Balears;30;56;686,4;22,88;12
2024;7;Espectaculos;Música;Illes Balears;Illes Balears;47;88;356,26;7,58;24
2024;7;Espectaculos;Música;Illes Balears;Illes Balears;31;58;413,54;13,34;16
2024;7;Espectaculos;Música;Illes Balears;Illes Balears;340;634;2556,8;7,52;117
2024;7;Espectaculos;Música;Illes Balears;Illes Balears;217;405;3335,29;15,37;103
2024;7;Actividades;Cursos;Illes Balears;Illes Balears;9;17;171;19;7
2024;7;Espectaculos;Cine;Illes Balears;Illes Balears;56;104;285,04;5,09;26
2024;7;Espectaculos;Música;Illes Balears;Illes Balears;174;457;3840,18;22,07;80
2024;7;Actividades;Actividades infantiles;Illes Balears;Illes Balears;30;56;152,1;5,07;14
2024;7;Espectaculos;Cultura, teatro y danza;Illes Balears;Illes Balears;20;37;121;6,05;9
2024;7;Espectaculos;Cultura, teatro y danza;Illes Balears;Illes Balears;227;423;2817,07;12,41;118
2024;7;Espectaculos;Música;Illes Balears;Illes Balears;411;767;5359,44;13,04;192
2024;7;Espectaculos;Música;Illes Balears;Illes Balears;372;694;5747,4;15,45;245
2024;7;Actividades;Gastronomía;Illes Balears;Illes Balears;57;106;855;15;30
2024;7;Actividades;Cursos;Illes Balears;Illes Balears;60;112;2250;37,5;26
2024;7;Espectaculos;Musicales;Illes Balears;Illes Balears;146;272;2582,74;17,69;63
2024;7;Espectaculos;Música;Illes Balears;Illes Balears;7964;33177;133078,44;16,71;5123
2024;7;Actividades;Actividades infantiles;Illes Balears;Illes Balears;62;116;2743,5;44,25;42
2024;7;Espectaculos;Cultura, teatro y danza;Illes Balears;Illes Balears;738;1287;7903,98;10,71;363
2024;7;Espectaculos;Museo y exposiciones;Illes Balears;Illes Balears;4;7;20,72;5,18;2
2024;7;Actividades;Gastronomía;Illes Balears;Illes Balears;55;103;3850;70;22
2024;7;Espectaculos;Cultura, teatro y danza;Illes Balears;Illes Balears;8;15;128;16;2
2024;7;Actividades;Cursos;Illes Balears;Illes Balears;5;9;72,55;14,51;5
2024;7;Espectaculos;Música;Illes Balears;Illes Balears;957;1786;23092,41;24,13;461
2024;7;Espectaculos;Música;Illes Balears;Illes Balears;1282;2393;34857,58;27,19;764
2024;7;Espectaculos;Música;Illes Balears;Illes Balears;569;1180;10253,38;18,02;289
2024;7;Actividades;Actividades infantiles;Illes Balears;Illes Balears;166;310;1384,44;8,34;57
2024;7;Espectaculos;Música;Illes Balears;Illes Balears;130;243;2600;20;50
2024;7;Espectaculos;Parques temáticos;Illes Balears;Illes Balears;98;183;1318,1;13,45;62
2024;7;Espectaculos;Música;Illes Balears;Illes Balears;1190;2220;20485,85;17,215;567
2024;7;Actividades;Deportes y aventuras;Illes Balears;Illes Balears;98;183;1318,1;13,45;62
2024;7;Espectaculos;Música;Illes Balears;Illes Balears;917;1597;10279,57;11,21;276
2024;7;Actividades;Actividades infantiles;Illes Balears;Illes Balears;10;19;152;15,2;4
2024;7;Espectaculos;Música;Illes Balears;Illes Balears;45;84;944,55;20,99;22
2024;7;Espectaculos;Música;Illes Balears;Illes Balears;46;86;396,98;8,63;32
2024;7;Espectaculos;Música;Illes Balears;Illes Balears;318;735;3262,68;10,26;137
2024;7;Espectaculos;Cultura, teatro y danza;Illes Balears;Illes Balears;19;130;128,25;6,75;11
2024;7;Espectaculos;Música;Illes Balears;Illes Balears;139;259;2778,61;19,99;107
2024;7;Espectaculos;Música;Illes Balears;Illes Balears;193;360;1003,6;5,2;82
2024;7;Espectaculos;Música;Illes Balears;Illes Balears;123;229;2521,5;20,5;56
2024;7;Espectaculos;Cultura, teatro y danza;Illes Balears;Illes Balears;7;13;97,23;13,89;3
2024;7;Espectaculos;Música;Illes Balears;Illes Balears;270;504;5602,5;20,75;152
2024;7;Espectaculos;Música;Illes Balears;Illes Balears;242;451;6444,46;26,63;110
2024;7;Espectaculos;Música;Illes Balears;Illes Balears;544;1015;11962,56;21,99;483
2024;7;Espectaculos;Música;Cataluña;Barcelona;3;6;155,01;51,67;2
2024;7;Espectaculos;Música;Cataluña;Barcelona;254;474;4015,74;15,81;151
2024;7;Actividades;Actividades infantiles;Cataluña;Barcelona;62;116;608,22;9,81;30
2024;7;Espectaculos;Conferencias;Cataluña;Barcelona;4;7;151,92;37,98;3
2024;7;Actividades;Cursos;Cataluña;Barcelona;94;165;3732,74;39,71;80
2024;7;Espectaculos;Cine;Cataluña;Barcelona;44;82;531,52;12,08;32
2024;7;Espectaculos;Musicales;Cataluña;Barcelona;940;1754;10246;10,9;436
2024;7;Espectaculos;Ferias;Cataluña;Barcelona;4;7;151,92;37,98;3
2024;7;Espectaculos;Música;Cataluña;Barcelona;9870;17274;149629,2;15,16;6143
2024;7;Actividades;Deportes y aventuras;Cataluña;Barcelona;36;67;915,48;25,43;27
2024;7;Actividades;Actividades infantiles;Cataluña;Barcelona;163;304;1933,18;11,86;99
2024;7;Espectaculos;Cultura, teatro y danza;Cataluña;Barcelona;2903;5624;49031,67;16,89;1526
2024;7;Espectaculos;Museo y exposiciones;Cataluña;Barcelona;62;116;827,7;13,35;24
2024;7;Actividades;Gastronomía;Cataluña;Barcelona;410;765;9643,2;23,52;257
2024;7;Espectaculos;Música;Cataluña;Barcelona;255;476;3837,75;15,05;109
2024;7;Espectaculos;Música;Cataluña;Barcelona;1;2;7,85;7,85;1
2024;7;Espectaculos;Música;Cataluña;Barcelona;9;17;180,45;20,05;2
2024;7;Actividades;Actividades infantiles;Cataluña;Barcelona;9;17;180,45;20,05;2
2024;7;Espectaculos;Música;Cataluña;Barcelona;148;276;1727,16;11,67;65
2024;7;Espectaculos;Cultura, teatro y danza;Cataluña;Barcelona;126;235;631,26;5,01;60
2024;7;Espectaculos;Música;Cataluña;Barcelona;2;4;37,2;18,6;1
2024;7;Actividades;Actividades infantiles;Cataluña;Barcelona;2;4;37,2;18,6;1
2024;7;Espectaculos;Cultura, teatro y danza;Cataluña;Barcelona;2;4;28;14;1
2024;7;Espectaculos;Conferencias;Cataluña;Barcelona;49;91;2450;50;45
2024;7;Espectaculos;Música;Cataluña;Barcelona;2;4;20;10;1
2024;7;Espectaculos;Música;Cataluña;Barcelona;50;93;412,5;8,25;37
2024;7;Espectaculos;Música;Cataluña;Barcelona;18;34;1090,26;60,57;10
2024;7;Espectaculos;Música;Cataluña;Barcelona;1264;2358;15572,48;12,32;431
2024;7;Espectaculos;Cultura, teatro y danza;Cataluña;Barcelona;170;317;1360;8;68
2024;7;Espectaculos;Música;Cataluña;Barcelona;10;19;132,5;13,25;4
2024;7;Actividades;Deportes y aventuras;Cataluña;Barcelona;2;4;40;20;1
2024;7;Espectaculos;Cine;Cataluña;Barcelona;20;37;206,2;10,31;5
2024;7;Espectaculos;Música;Cataluña;Barcelona;138;258;2205,24;15,98;92
2024;7;Actividades;Deportes y aventuras;Cataluña;Barcelona;10;19;80;8;6
2024;7;Espectaculos;Cultura, teatro y danza;Cataluña;Barcelona;11;21;56,1;5,1;7
2024;7;Espectaculos;Música;Cataluña;Barcelona;27;50;148,77;5,51;17
2024;7;Espectaculos;Música;Cataluña;Barcelona;11;21;165;15;4
2024;7;Espectaculos;Música;Cataluña;Barcelona;437;815;4605,98;10,54;207
2024;7;Actividades;Actividades infantiles;Cataluña;Barcelona;133;248;400,33;3,01;65
2024;7;Espectaculos;Cultura, teatro y danza;Cataluña;Barcelona;1;2;3;3;1
2024;7;Espectaculos;Música;Cataluña;Barcelona;370;690;8165,9;22,07;167
2024;7;Actividades;Actividades infantiles;Cataluña;Barcelona;340;634;7432,4;21,86;151
2024;7;Actividades;Actividades infantiles;Cataluña;Barcelona;368;687;2888,8;7,85;106
2024;7;Espectaculos;Música;Cataluña;Barcelona;150;280;2613;17,42;98
2024;7;Espectaculos;Música;Cataluña;Barcelona;46;86;285,2;6,2;22
2024;7;Espectaculos;Música;Cataluña;Barcelona;89;166;1812,93;20,37;31
2024;7;Actividades;Actividades infantiles;Cataluña;Barcelona;60;112;1158,6;19,31;21
2024;7;Espectaculos;Música;Cataluña;Barcelona;440;821;12971,2;29,48;237
2024;7;Espectaculos;Música;Cataluña;Barcelona;385;718;5420,8;14,08;172
2024;7;Actividades;Actividades infantiles;Cataluña;Barcelona;237;442;3886,8;16,4;105
2024;7;Actividades;Gastronomía;Cataluña;Barcelona;237;442;3886,8;16,4;105
2024;7;Espectaculos;Música;Cataluña;Barcelona;143;267;1268,41;8,87;80
2024;7;Espectaculos;Música;Cataluña;Barcelona;68;127;204,68;3,01;46
2024;7;Espectaculos;Música;Cataluña;Barcelona;32;60;342,72;10,71;16
2024;7;Espectaculos;Música;Cataluña;Barcelona;1;2;25,78;25,78;1
2024;7;Espectaculos;Música;Cataluña;Barcelona;95;177;823,65;8,67;64
2024;7;Actividades;Cursos;Cataluña;Barcelona;2;4;60;30;2
2024;7;Espectaculos;Música;Cataluña;Barcelona;37;69;484,7;13,1;23
2024;7;Espectaculos;Música;Cataluña;Barcelona;31;58;241,49;7,79;17
2024;7;Espectaculos;Música;Cataluña;Barcelona;3;6;30;10;2
2024;7;Espectaculos;Cultura, teatro y danza;Cataluña;Barcelona;16;30;94,08;5,88;6
2024;7;Espectaculos;Cine;Cataluña;Barcelona;12;22;36;3;5
2024;7;Espectaculos;Musicales;Cataluña;Barcelona;43;80;129;3;21
2024;7;Espectaculos;Música;Cataluña;Barcelona;81;160;243;3;42
2024;7;Espectaculos;Cultura, teatro y danza;Cataluña;Barcelona;531;1241;2559,42;4,82;231
2024;7;Espectaculos;Música;Cataluña;Barcelona;1174;2190;11399,54;9,71;741
2024;7;Espectaculos;Música;Cataluña;Barcelona;186;347;1302;7;67
2024;7;Actividades;Actividades infantiles;Cataluña;Barcelona;186;347;1302;7;67
2024;7;Espectaculos;Cultura, teatro y danza;Cataluña;Barcelona;11;21;203,5;18,5;4
2024;7;Espectaculos;Música;Cataluña;Barcelona;20;37;746,8;37,34;10
2024;7;Espectaculos;Música;Cataluña;Barcelona;9;17;99;11;4
2024;7;Espectaculos;Conferencias;Cataluña;Barcelona;1;2;176,78;176,78;1
2024;7;Espectaculos;Cultura, teatro y danza;Cataluña;Barcelona;24;45;1200;50;14
2024;7;Espectaculos;Música;Cataluña;Barcelona;187;336;2595,56;13,88;106
2024;7;Espectaculos;Cultura, teatro y danza;Cataluña;Barcelona;654;1220;8488,92;12,98;272
2024;7;Actividades;Gastronomía;Cataluña;Barcelona;19;35;191,52;10,08;10
2024;7;Actividades;Cursos;Cataluña;Barcelona;15;28;573,75;38,25;12
2024;7;Espectaculos;Música;Cataluña;Barcelona;104;194;1168,96;11,24;57
2024;7;Espectaculos;Cultura, teatro y danza;Cataluña;Barcelona;112;209;876,96;7,83;54
2024;7;Actividades;Gastronomía;Cataluña;Barcelona;4;7;80;20;4
2024;7;Espectaculos;Música;Cataluña;Barcelona;784;1463;12904,64;16,46;482
2024;7;Actividades;Actividades infantiles;Cataluña;Barcelona;539;1006;3773;7;370
2024;7;Espectaculos;Música;Cataluña;Barcelona;2;4;20;10;1
2024;7;Espectaculos;Cultura, teatro y danza;Cataluña;Barcelona;81;151;983,34;12,14;27
2024;7;Espectaculos;Música;Cataluña;Barcelona;91;265;1913,73;21,03;35
2024;7;Espectaculos;Música;Castilla y León;Burgos;2;4;23,56;11,78;1
2024;7;Actividades;Actividades infantiles;Castilla y León;Burgos;2;4;23,56;11,78;1
2024;7;Actividades;Gastronomía;Castilla y León;Burgos;2;4;23,56;11,78;1
2024;7;Espectaculos;Música;Castilla y León;Burgos;9;17;601,2;66,8;4
2024;7;Espectaculos;Música;Castilla y León;Burgos;92;172;2086,56;22,68;46
2024;7;Actividades;Deportes y aventuras;Extremadura;Cáceres;232;433;4254,88;18,34;209
2024;7;Actividades;Actividades infantiles;Extremadura;Cáceres;38;71;1594,86;41,97;38
2024;7;Espectaculos;Musicales;Extremadura;Cáceres;6;11;105,6;17,6;2
2024;7;Actividades;Actividades infantiles;Extremadura;Cáceres;6;11;105,6;17,6;2
2024;7;Espectaculos;Cultura, teatro y danza;Extremadura;Cáceres;6;11;105,6;17,6;2
2024;7;Espectaculos;Música;Extremadura;Cáceres;1;2;15;15;1
2024;7;Espectaculos;Cultura, teatro y danza;Extremadura;Cáceres;80;149;802,4;10,03;39
2024;7;Actividades;Cursos;Andalucía;Cádiz;16;30;754,4;47,15;15
2024;7;Espectaculos;Música;Andalucía;Cádiz;227;499;2301,78;10,14;121
2024;7;Actividades;Actividades infantiles;Andalucía;Cádiz;2;4;80;40;2
2024;7;Espectaculos;Música;Andalucía;Cádiz;1597;2979;31924,03;19,99;714
2024;7;Actividades;Actividades infantiles;Andalucía;Cádiz;33;62;495;15;21
2024;7;Espectaculos;Cultura, teatro y danza;Andalucía;Cádiz;103;192;2015,71;19,57;42
2024;7;Actividades;Gastronomía;Andalucía;Cádiz;38;71;380;10;21
2024;7;Actividades;Deportes y aventuras;Andalucía;Cádiz;1;2;65;65;1
2024;7;Actividades;Actividades infantiles;Andalucía;Cádiz;1;2;65;65;1
2024;7;Espectaculos;Música;Andalucía;Cádiz;265;495;5048,25;19,05;150
2024;7;Espectaculos;Música;Andalucía;Cádiz;258;481;8183,76;31,72;114
2024;7;Espectaculos;Música;Andalucía;Cádiz;147;274;9086,07;61,81;64
2024;7;Espectaculos;Cultura, teatro y danza;Andalucía;Cádiz;23;43;379,5;16,5;8
2024;7;Actividades;Gastronomía;Andalucía;Cádiz;121;226;8025,93;66,33;51
2024;7;Espectaculos;Música;Andalucía;Cádiz;13;24;362,18;27,86;4
2024;7;Actividades;Actividades infantiles;Andalucía;Cádiz;33;62;566,94;17,18;13
2024;7;Espectaculos;Cultura, teatro y danza;Andalucía;Cádiz;33;62;566,94;17,18;13
2024;7;Espectaculos;Música;Andalucía;Cádiz;393;733;12391,29;31,53;221
2024;7;Espectaculos;Música;Andalucía;Cádiz;53;99;599,43;11,31;22
2024;7;Espectaculos;Música;Comunitat Valenciana;Castellón/Castelló;6;11;56,7;9,45;4
2024;7;Espectaculos;Música;Comunitat Valenciana;Castellón/Castelló;66;123;1041,48;15,78;38
2024;7;Espectaculos;Música;Comunitat Valenciana;Castellón/Castelló;65;121;945,75;14,55;32
2024;7;Espectaculos;Música;Comunitat Valenciana;Castellón/Castelló;217;405;3843,07;17,71;109
2024;7;Espectaculos;Música;Comunitat Valenciana;Castellón/Castelló;2;4;46;23;1
2024;7;Espectaculos;Música;Castilla - La Mancha;Ciudad Real;15;28;386,7;25,78;8
2024;7;Espectaculos;Música;Castilla - La Mancha;Ciudad Real;19;35;418;22;8
2024;7;Espectaculos;Música;Castilla - La Mancha;Ciudad Real;201;375;1722,57;8,57;100
2024;7;Actividades;Actividades infantiles;Castilla - La Mancha;Ciudad Real;183;341;1279,17;6,99;87
2024;7;Espectaculos;Cultura, teatro y danza;Castilla - La Mancha;Ciudad Real;3;6;73,5;24,5;2
2024;7;Espectaculos;Música;Castilla - La Mancha;Ciudad Real;20;37;262,6;13,13;11
2024;7;Actividades;Actividades infantiles;Castilla - La Mancha;Ciudad Real;20;37;262,6;13,13;11
2024;7;Espectaculos;Música;Castilla - La Mancha;Ciudad Real;1043;1946;20891,29;20,03;1024
2024;7;Espectaculos;Música;Andalucía;Córdoba;11;21;117,37;10,67;4
2024;7;Actividades;Actividades infantiles;Andalucía;Córdoba;7;13;68,6;9,8;2
2024;7;Espectaculos;Cultura, teatro y danza;Andalucía;Córdoba;90;168;1230,3;13,67;38
2024;7;Espectaculos;Música;Andalucía;Córdoba;43;80;1076,29;25,03;17
2024;7;Espectaculos;Música;Galicia;A Coruña;527;982;6619,12;12,56;414
2024;7;Espectaculos;Música;Galicia;A Coruña;338;631;7689,5;22,75;326
2024;7;Espectaculos;Música;Galicia;A Coruña;118;220;1629,58;13,81;92
2024;7;Espectaculos;Música;Galicia;A Coruña;2;4;24;12;1
2024;7;Espectaculos;Música;Galicia;A Coruña;302;563;4394,1;14,55;157
2024;7;Espectaculos;Música;Castilla - La Mancha;Cuenca;272;507;6998,56;25,73;156
2024;7;Actividades;Gastronomía;Castilla - La Mancha;Cuenca;20;37;202,6;10,13;7
2024;7;Espectaculos;Música;Castilla - La Mancha;Cuenca;1;2;16,35;16,35;1
2024;7;Actividades;Actividades infantiles;Castilla - La Mancha;Cuenca;6;11;48;8;1
2024;7;Espectaculos;Cultura, teatro y danza;Castilla - La Mancha;Cuenca;6;11;48;8;1
2024;7;Espectaculos;Música;Castilla - La Mancha;Cuenca;33;62;192,72;5,84;20
2024;7;Espectaculos;Música;Cataluña;Girona;29;54;290;10;14
2024;7;Espectaculos;Música;Cataluña;Girona;436;813;6173,76;14,16;233
2024;7;Actividades;Gastronomía;Cataluña;Girona;54;101;729;13,5;23
2024;7;Espectaculos;Música;Cataluña;Girona;1655;3087;19049,05;11,51;644
2024;7;Actividades;Deportes y aventuras;Cataluña;Girona;159;297;499,26;3,14;55
2024;7;Espectaculos;Música;Cataluña;Girona;161;300;2419,83;15,03;65
2024;7;Espectaculos;Música;Cataluña;Girona;61;114;628,3;10,3;22
2024;7;Espectaculos;Música;Cataluña;Girona;412;769;4972,84;12,07;187
2024;7;Espectaculos;Cultura, teatro y danza;Cataluña;Girona;242;451;1936;8;57
2024;7;Espectaculos;Música;Cataluña;Girona;362;675;12514,34;34,57;180
2024;7;Actividades;Gastronomía;Cataluña;Girona;93;173;2932,29;31,53;36
2024;7;Espectaculos;Música;Cataluña;Girona;1;2;41,75;41,75;1
2024;7;Espectaculos;Música;Cataluña;Girona;106;198;2357,44;22,24;32
2024;7;Actividades;Actividades infantiles;Cataluña;Girona;102;190;2086,92;20,46;30
2024;7;Espectaculos;Música;Cataluña;Girona;16;30;320;20;12
2024;7;Espectaculos;Música;Cataluña;Girona;43;80;1122,3;26,1;20
2024;7;Actividades;Gastronomía;Cataluña;Girona;42;78;792,96;18,88;19
2024;7;Espectaculos;Música;Cataluña;Girona;90;168;1361,7;15,13;40
2024;7;Espectaculos;Música;Cataluña;Girona;208;388;3172;15,25;77
2024;7;Espectaculos;Cultura, teatro y danza;Cataluña;Girona;2;4;30,9;15,45;1
2024;7;Espectaculos;Música;Cataluña;Girona;15;28;210;14;9
2024;7;Espectaculos;Música;Cataluña;Girona;24;45;240;10;16
2024;7;Espectaculos;Música;Cataluña;Girona;95;177;2605,85;27,43;56
2024;7;Actividades;Deportes y aventuras;Cataluña;Girona;102;190;2715,24;26,62;57
2024;7;Espectaculos;Música;Cataluña;Girona;151;282;2266,51;15,01;55
2024;7;Espectaculos;Cultura, teatro y danza;Cataluña;Girona;6;11;150;25;6
2024;7;Espectaculos;Música;Andalucía;Granada;34;63;482,46;14,19;13
2024;7;Espectaculos;Musicales;Andalucía;Granada;47;88;568,7;12,1;16
2024;7;Espectaculos;Música;Andalucía;Granada;387;722;6037,2;15,6;173
2024;7;Espectaculos;Cultura, teatro y danza;Andalucía;Granada;384;716;4634,88;12,07;139
2024;7;Espectaculos;Museo y exposiciones;Andalucía;Granada;266;496;3035,06;11,41;85
2024;7;Actividades;Gastronomía;Andalucía;Granada;43;80;784,75;18,25;24
2024;7;Espectaculos;Música;Andalucía;Granada;7;13;151,62;21,66;7
2024;7;Espectaculos;Música;Andalucía;Granada;869;1621;17553,8;20,2;470
2024;7;Espectaculos;Música;Andalucía;Granada;142;265;2330,22;16,41;61
2024;7;Espectaculos;Música;Andalucía;Granada;11;21;132;12;5
2024;7;Espectaculos;Música;Andalucía;Granada;2;4;100;50;2
2024;7;Espectaculos;Musicales;Andalucía;Granada;4;7;32;8;1
2024;7;Espectaculos;Cultura, teatro y danza;Andalucía;Granada;4;7;32;8;1
2024;7;Espectaculos;Música;Andalucía;Granada;7;13;192,5;27,5;2
2024;7;Espectaculos;Música;Andalucía;Granada;42;78;800,94;19,07;20
2024;7;Actividades;Actividades infantiles;Andalucía;Granada;42;78;800,94;19,07;20
2024;7;Espectaculos;Cultura, teatro y danza;Andalucía;Granada;50;93;756;15,12;15
2024;7;Espectaculos;Música;Castilla - La Mancha;Guadalajara;615;1147;3253,35;5,29;218
2024;7;Espectaculos;Cultura, teatro y danza;Castilla - La Mancha;Guadalajara;1962;3660;7220,16;3,68;623
2024;7;Espectaculos;Música;Castilla - La Mancha;Guadalajara;82;153;1647,38;20,09;78
2024;7;Actividades;Deportes y aventuras;Castilla - La Mancha;Guadalajara;148;276;463,24;3,13;56
2024;7;Espectaculos;Música;País Vasco;Gipuzkoa;119;222;2194,36;18,44;75
2024;7;Actividades;Cursos;País Vasco;Gipuzkoa;3;6;82,5;27,5;2
2024;7;Espectaculos;Música;País Vasco;Gipuzkoa;96;619;960;10;50
2024;7;Actividades;Actividades infantiles;País Vasco;Gipuzkoa;79;147;550,63;6,97;25
2024;7;Espectaculos;Cultura, teatro y danza;País Vasco;Gipuzkoa;79;147;550,63;6,97;25
2024;7;Actividades;Actividades infantiles;País Vasco;Gipuzkoa;80;149;499,2;6,24;34
2024;7;Espectaculos;Cultura, teatro y danza;País Vasco;Gipuzkoa;80;149;499,2;6,24;34
2024;7;Espectaculos;Música;País Vasco;Gipuzkoa;20;37;235,4;11,77;11
2024;7;Espectaculos;Música;País Vasco;Gipuzkoa;255;476;3758,7;14,74;151
2024;7;Espectaculos;Música;País Vasco;Gipuzkoa;385;718;2098,25;5,45;122
2024;7;Espectaculos;Música;País Vasco;Gipuzkoa;149;278;1817,8;12,2;78
2024;7;Actividades;Deportes y aventuras;País Vasco;Gipuzkoa;29;54;274,34;9,46;14
2024;7;Espectaculos;Música;País Vasco;Gipuzkoa;53;99;390,08;7,36;18
2024;7;Espectaculos;Música;Andalucía;Huelva;64;119;768;12;40
2024;7;Espectaculos;Cine;Aragón;Huesca;57;177;759,81;13,33;29
2024;7;Actividades;Actividades infantiles;Aragón;Huesca;34;64;595;17,5;19
2024;7;Espectaculos;Música;Aragón;Huesca;166;310;11688,06;70,41;119
2024;7;Espectaculos;Música;Aragón;Huesca;25;47;180,5;7,22;9
2024;7;Espectaculos;Música;Aragón;Huesca;70;131;783,3;11,19;31
2024;7;Actividades;Actividades infantiles;Aragón;Huesca;70;131;783,3;11,19;31
2024;7;Actividades;Gastronomía;Aragón;Huesca;70;131;783,3;11,19;31
2024;7;Espectaculos;Música;Aragón;Huesca;33;62;361,35;10,95;15
2024;7;Espectaculos;Cultura, teatro y danza;Aragón;Huesca;476;888;6188;13;186
2024;7;Espectaculos;Música;Andalucía;Jaén;2;4;20;10;1
2024;7;Actividades;Actividades infantiles;Andalucía;Jaén;2;4;20;10;1
2024;7;Espectaculos;Música;Andalucía;Jaén;14;26;157,5;11,25;7
2024;7;Espectaculos;Música;Andalucía;Jaén;110;205;1599,4;14,54;54
2024;7;Espectaculos;Música;Andalucía;Jaén;78;146;1609,92;20,64;46
2024;7;Espectaculos;Música;Andalucía;Jaén;198;369;3601,62;18,19;91
2024;7;Espectaculos;Música;Andalucía;Jaén;117;218;3384,81;28,93;107
2024;7;Actividades;Actividades infantiles;Andalucía;Jaén;17;32;558,62;32,86;7
2024;7;Espectaculos;Música;Castilla y León;León;4;7;60;15;2
2024;7;Espectaculos;Música;Castilla y León;León;14;26;156,66;11,19;5
2024;7;Espectaculos;Música;Castilla y León;León;17;32;189,55;11,15;7
2024;7;Actividades;Actividades infantiles;Castilla y León;León;17;32;189,55;11,15;7
2024;7;Actividades;Gastronomía;Castilla y León;León;17;32;189,55;11,15;7
2024;7;Espectaculos;Música;Castilla y León;León;23;43;226,32;9,84;9
2024;7;Actividades;Actividades infantiles;Castilla y León;León;23;43;226,32;9,84;9
2024;7;Actividades;Gastronomía;Castilla y León;León;23;43;226,32;9,84;9
2024;7;Espectaculos;Música;Cataluña;Lleida;19;92;555,75;29,25;19
2024;7;Espectaculos;Música;Cataluña;Lleida;2;4;14;7;1
2024;7;Espectaculos;Música;Cataluña;Lleida;43;80;676,39;15,73;24
2024;7;Espectaculos;Cultura, teatro y danza;Cataluña;Lleida;10;19;126;12,6;4
2024;7;Espectaculos;Música;Cataluña;Lleida;25;47;225;9;13
2024;7;Espectaculos;Música;Cataluña;Lleida;101;189;1566,51;15,51;40
2024;7;Espectaculos;Música;Cataluña;Lleida;5;9;50;10;3
2024;7;Espectaculos;Música;Cataluña;Lleida;117;218;3982,68;34,04;54
2024;7;Espectaculos;Música;Cataluña;Lleida;11;21;440;40;7
2024;7;Espectaculos;Cultura, teatro y danza;Cataluña;Lleida;31;58;318,06;10,26;19
2024;7;Actividades;Actividades infantiles;La Rioja;La Rioja;252;470;2016;8;105
2024;7;Espectaculos;Cultura, teatro y danza;La Rioja;La Rioja;320;597;2560;8;136
2024;7;Espectaculos;Música;La Rioja;La Rioja;11;21;110;10;8
2024;7;Espectaculos;Cultura, teatro y danza;La Rioja;La Rioja;194;362;1138,78;5,87;88
2024;7;Espectaculos;Cultura, teatro y danza;La Rioja;La Rioja;16;30;160;10;8
2024;7;Espectaculos;Cultura, teatro y danza;La Rioja;La Rioja;21;39;801,57;38,17;12
2024;7;Espectaculos;Música;La Rioja;La Rioja;179;334;2010,17;11,23;57
2024;7;Actividades;Actividades infantiles;La Rioja;La Rioja;179;334;2010,17;11,23;57
2024;7;Actividades;Gastronomía;La Rioja;La Rioja;179;334;2010,17;11,23;57
2024;7;Espectaculos;Música;La Rioja;La Rioja;86;160;1752,68;20,38;44
2024;7;Espectaculos;Cultura, teatro y danza;La Rioja;La Rioja;288;537;2848,32;9,89;86
2024;7;Espectaculos;Música;La Rioja;La Rioja;485;870;9661,2;19,92;254
2024;7;Espectaculos;Música;Galicia;Lugo;309;576;4838,94;15,66;177
2024;7;Espectaculos;Música;Galicia;Lugo;15;28;390;26;12
2024;7;Espectaculos;Música;Galicia;Lugo;357;666;3812,76;10,68;188
2024;7;Espectaculos;Musicales;Comunidad de Madrid;Madrid;4;7;36;9;1
2024;7;Actividades;Actividades infantiles;Comunidad de Madrid;Madrid;4;7;36;9;1
2024;7;Espectaculos;Cultura, teatro y danza;Comunidad de Madrid;Madrid;6;11;60,6;10,1;2
2024;7;Espectaculos;Cultura, teatro y danza;Comunidad de Madrid;Madrid;12;22;42;3,5;5
2024;7;Espectaculos;Música;Comunidad de Madrid;Madrid;6;11;70,14;11,69;3
2024;7;Actividades;Cursos;Comunidad de Madrid;Madrid;10;19;98,1;9,81;8
2024;7;Espectaculos;Música;Comunidad de Madrid;Madrid;42;126;895,86;21,33;33
2024;7;Actividades;Deportes y aventuras;Comunidad de Madrid;Madrid;75;140;2950,5;39,34;44
2024;7;Actividades;Actividades infantiles;Comunidad de Madrid;Madrid;75;140;2950,5;39,34;44
2024;7;Espectaculos;Música;Comunidad de Madrid;Madrid;2;4;30;15;1
2024;7;Espectaculos;Cultura, teatro y danza;Comunidad de Madrid;Madrid;2;4;14;7;1
2024;7;Espectaculos;Música;Comunidad de Madrid;Madrid;223;416;14789,36;66,32;130
2024;7;Actividades;Cursos;Comunidad de Madrid;Madrid;33;62;1380,06;41,82;29
2024;7;Espectaculos;Cine;Comunidad de Madrid;Madrid;161;300;1199,45;7,45;80
2024;7;Espectaculos;Musicales;Comunidad de Madrid;Madrid;13;24;117,78;9,06;13
2024;7;Espectaculos;Música;Comunidad de Madrid;Madrid;15550;27308;224542;14,44;8626
2024;7;Actividades;Actividades infantiles;Comunidad de Madrid;Madrid;126;235;6422,22;50,97;65
2024;7;Espectaculos;Cultura, teatro y danza;Comunidad de Madrid;Madrid;989;1877;19710,77;19,93;599
2024;7;Actividades;Gastronomía;Comunidad de Madrid;Madrid;147;274;2709,21;18,43;72
2024;7;Espectaculos;Música;Comunidad de Madrid;Madrid;27;50;1977,48;73,24;17
2024;7;Espectaculos;Música;Comunidad de Madrid;Madrid;7;13;175,98;25,14;7
2024;7;Actividades;Actividades infantiles;Comunidad de Madrid;Madrid;7;13;175,98;25,14;7
2024;7;Actividades;Cursos;Comunidad de Madrid;Madrid;6;11;180;30;4
2024;7;Espectaculos;Música;Comunidad de Madrid;Madrid;114;213;2071,38;18,17;49
2024;7;Actividades;Cursos;Comunidad de Madrid;Madrid;76;142;6317,88;83,13;73
2024;7;Espectaculos;Conferencias;Comunidad de Madrid;Madrid;18;34;127,44;7,08;17
2024;7;Espectaculos;Música;Comunidad de Madrid;Madrid;3;6;38,28;12,76;1
2024;7;Espectaculos;Música;Comunidad de Madrid;Madrid;40;75;320;8;24
2024;7;Actividades;Deportes y aventuras;Comunidad de Madrid;Madrid;40;75;320;8;24
2024;7;Actividades;Actividades infantiles;Comunidad de Madrid;Madrid;40;75;320;8;24
2024;7;Espectaculos;Música;Andalucía;Málaga;93;174;1282,47;13,79;42
2024;7;Espectaculos;Música;Andalucía;Málaga;6;11;62,88;10,48;3
2024;7;Actividades;Cursos;Andalucía;Málaga;2;4;90;45;1
2024;7;Espectaculos;Música;Andalucía;Málaga;724;1478;12011,16;16,59;404
2024;7;Actividades;Actividades infantiles;Andalucía;Málaga;44;82;353,32;8,03;16
2024;7;Espectaculos;Cultura, teatro y danza;Andalucía;Málaga;2713;5061;37330,88;13,76;1126
2024;7;Espectaculos;Música;Andalucía;Málaga;94;175;1985,28;21,12;36
2024;7;Espectaculos;Música;Andalucía;Málaga;6;11;180;30;3
2024;7;Espectaculos;Música;Andalucía;Málaga;10;19;320;32;6
2024;7;Espectaculos;Música;Andalucía;Málaga;184;343;2605,44;14,16;64
2024;7;Actividades;Gastronomía;Andalucía;Málaga;184;343;2605,44;14,16;64
2024;7;Espectaculos;Música;Andalucía;Málaga;131;244;1537,94;11,74;74
2024;7;Actividades;Deportes y aventuras;Andalucía;Málaga;1;2;5;5;1
2024;7;Espectaculos;Música;Región de Murcia;Murcia;333;621;5397,93;16,21;214
2024;7;Actividades;Cursos;Región de Murcia;Murcia;2;4;490;245;2
2024;7;Espectaculos;Música;Región de Murcia;Murcia;2;4;40;20;2
2024;7;Espectaculos;Música;Región de Murcia;Murcia;202;377;2718,92;13,46;147
2024;7;Actividades;Actividades infantiles;Región de Murcia;Murcia;22;41;272,14;12,37;18
2024;7;Espectaculos;Cultura, teatro y danza;Región de Murcia;Murcia;65;121;327,6;5,04;27
2024;7;Actividades;Gastronomía;Región de Murcia;Murcia;65;121;327,6;5,04;27
2024;7;Espectaculos;Música;Comunidad Foral de Navarra;Navarra;33;62;340,89;10,33;11
2024;7;Actividades;Actividades infantiles;Comunidad Foral de Navarra;Navarra;33;62;340,89;10,33;11
2024;7;Espectaculos;Música;Comunidad Foral de Navarra;Navarra;176;328;9831,36;55,86;83
2024;7;Actividades;Actividades infantiles;Comunidad Foral de Navarra;Navarra;176;328;9831,36;55,86;83
2024;7;Espectaculos;Música;Comunidad Foral de Navarra;Navarra;22;41;280,06;12,73;18
2024;7;Espectaculos;Música;Comunidad Foral de Navarra;Navarra;52;97;375,96;7,23;43
2024;7;Actividades;Deportes y aventuras;Comunidad Foral de Navarra;Navarra;852;1589;12958,92;15,21;324
2024;7;Espectaculos;Música;Comunidad Foral de Navarra;Navarra;109;203;1649,17;15,13;66
2024;7;Actividades;Deportes y aventuras;Comunidad Foral de Navarra;Navarra;70;131;2339,4;33,42;22
2024;7;Espectaculos;Música;Comunidad Foral de Navarra;Navarra;2;4;100;50;2
2024;7;Espectaculos;Música;Galicia;Ourense;23;50;184;8;16
2024;7;Espectaculos;Música;Galicia;Ourense;2;4;21,56;10,78;1
2024;7;Actividades;Actividades infantiles;Galicia;Ourense;2;4;21,56;10,78;1
2024;7;Actividades;Gastronomía;Galicia;Ourense;2;4;21,56;10,78;1
2024;7;Espectaculos;Música;Principado de Asturias;Asturias;12;22;217,2;18,1;9
2024;7;Espectaculos;Música;Principado de Asturias;Asturias;164;306;2632,2;16,05;113
2024;7;Actividades;Deportes y aventuras;Principado de Asturias;Asturias;14;26;1306,48;93,32;11
2024;7;Actividades;Actividades infantiles;Principado de Asturias;Asturias;35;65;380,8;10,88;25
2024;7;Actividades;Gastronomía;Principado de Asturias;Asturias;35;65;380,8;10,88;25
2024;7;Espectaculos;Música;Principado de Asturias;Asturias;22;41;251,24;11,42;8
2024;7;Actividades;Actividades infantiles;Principado de Asturias;Asturias;22;41;251,24;11,42;8
2024;7;Actividades;Gastronomía;Principado de Asturias;Asturias;22;41;251,24;11,42;8
2024;7;Espectaculos;Música;Principado de Asturias;Asturias;27;50;294,3;10,9;10
2024;7;Actividades;Gastronomía;Principado de Asturias;Asturias;27;50;294,3;10,9;10
2024;7;Espectaculos;Música;Principado de Asturias;Asturias;16;30;320;20;12
2024;7;Espectaculos;Música;Principado de Asturias;Asturias;123;230;2430,48;19,76;74
2024;7;Espectaculos;Música;Principado de Asturias;Asturias;74;138;808,82;10,93;40
2024;7;Espectaculos;Música;Castilla y León;Palencia;15;28;277,5;18,5;9
2024;7;Espectaculos;Música;Castilla y León;Palencia;399;744;7816,41;19,59;372
2024;7;Espectaculos;Música;Canarias;Las Palmas;63;118;1047,69;16,63;34
2024;7;Espectaculos;Música;Canarias;Las Palmas;105;196;2312,1;22,02;60
2024;7;Actividades;Cursos;Canarias;Las Palmas;16;30;80;5;16
2024;7;Espectaculos;Cultura, teatro y danza;Canarias;Las Palmas;171;319;1108,08;6,48;66
2024;7;Espectaculos;Musicales;Canarias;Las Palmas;130;243;1436,5;11,05;72
2024;7;Espectaculos;Música;Canarias;Las Palmas;410;4051;7277,5;17,75;265
2024;7;Espectaculos;Cultura, teatro y danza;Canarias;Las Palmas;614;2522;6643,48;10,82;331
2024;7;Actividades;Gastronomía;Canarias;Las Palmas;25;47;244,5;9,78;12
2024;7;Espectaculos;Cultura, teatro y danza;Canarias;Las Palmas;239;446;4732,2;19,8;112
2024;7;Espectaculos;Cultura, teatro y danza;Canarias;Las Palmas;3;6;59,4;19,8;2
2024;7;Espectaculos;Conferencias;Canarias;Las Palmas;61;114;1598,2;26,2;36
2024;7;Espectaculos;Musicales;Canarias;Las Palmas;119;222;1332,8;11,2;41
2024;7;Espectaculos;Cultura, teatro y danza;Canarias;Las Palmas;136;254;1047,2;7,7;48
2024;7;Espectaculos;Música;Galicia;Pontevedra;21;39;175,98;8,38;10
2024;7;Espectaculos;Música;Galicia;Pontevedra;60;112;1944;32,4;22
2024;7;Espectaculos;Cultura, teatro y danza;Galicia;Pontevedra;617;1151;5750,44;9,32;230
2024;7;Espectaculos;Cultura, teatro y danza;Galicia;Pontevedra;18;34;116,64;6,48;8
2024;7;Espectaculos;Música;Galicia;Pontevedra;14;26;294,98;21,07;14
2024;7;Espectaculos;Música;Galicia;Pontevedra;47;88;403,26;8,58;21
2024;7;Espectaculos;Conferencias;Galicia;Pontevedra;30;56;177;5,9;12
2024;7;Espectaculos;Música;Galicia;Pontevedra;170;317;2463,3;14,49;100
2024;7;Espectaculos;Cultura, teatro y danza;Galicia;Pontevedra;52;97;496,08;9,54;26
2024;7;Espectaculos;Cultura, teatro y danza;Castilla y León;Salamanca;104;194;858;8,25;12
2024;7;Espectaculos;Música;Castilla y León;Salamanca;1;2;10;10;1
2024;7;Actividades;Deportes y aventuras;Castilla y León;Salamanca;28;94;154;5,5;23
2024;7;Espectaculos;Cultura, teatro y danza;Castilla y León;Salamanca;6;11;48;8;1
2024;7;Espectaculos;Música;Castilla y León;Salamanca;4136;7716;43303,92;10,47;2352
2024;7;Espectaculos;Cultura, teatro y danza;Castilla y León;Salamanca;663;1237;1889,55;2,85;146
2024;7;Espectaculos;Museo y exposiciones;Castilla y León;Salamanca;663;1237;1889,55;2,85;146
2024;7;Espectaculos;Música;Canarias;Santa Cruz de Tenerife;22;41;341,66;15,53;12
2024;7;Espectaculos;Música;Canarias;Santa Cruz de Tenerife;165;308;3625,05;21,97;146
2024;7;Espectaculos;Música;Canarias;Santa Cruz de Tenerife;79;147;1476,51;18,69;59
2024;7;Espectaculos;Cultura, teatro y danza;Canarias;Santa Cruz de Tenerife;200;373;4176;20,88;92
2024;7;Actividades;Deportes y aventuras;Canarias;Santa Cruz de Tenerife;123;229;1847,46;15,02;53
2024;7;Espectaculos;Música;Canarias;Santa Cruz de Tenerife;1002;1868;14038,02;14,01;622
2024;7;Espectaculos;Cultura, teatro y danza;Canarias;Santa Cruz de Tenerife;5;10;42,5;8,5;2
2024;7;Espectaculos;Cultura, teatro y danza;Canarias;Santa Cruz de Tenerife;4;7;49,56;12,39;2
2024;7;Espectaculos;Música;Canarias;Santa Cruz de Tenerife;25;47;959,25;38,37;15
2024;7;Espectaculos;Música;Canarias;Santa Cruz de Tenerife;251;468;5665,07;22,57;145
2024;7;Espectaculos;Cultura, teatro y danza;Canarias;Santa Cruz de Tenerife;65;121;1236,3;19,02;29
2024;7;Actividades;Cursos;Canarias;Santa Cruz de Tenerife;32;60;1224;38,25;21
2024;7;Espectaculos;Cine;Canarias;Santa Cruz de Tenerife;2;4;10,9;5,45;2
2024;7;Espectaculos;Musicales;Canarias;Santa Cruz de Tenerife;39;73;426,27;10,93;22
2024;7;Espectaculos;Música;Canarias;Santa Cruz de Tenerife;357;666;3669,96;10,28;199
2024;7;Espectaculos;Cultura, teatro y danza;Canarias;Santa Cruz de Tenerife;59;110;713,605;12,095;31
2024;7;Actividades;Gastronomía;Canarias;Santa Cruz de Tenerife;20;37;265,2;13,26;9
2024;7;Espectaculos;Música;Canarias;Santa Cruz de Tenerife;525;979;3969;7,56;196
2024;7;Espectaculos;Cultura, teatro y danza;Canarias;Santa Cruz de Tenerife;53;99;171,72;3,24;20
2024;7;Espectaculos;Música;Canarias;Santa Cruz de Tenerife;76;142;831,44;10,94;41
2024;7;Espectaculos;Música;Cantabria;Cantabria;76;142;773,68;10,18;28
2024;7;Actividades;Actividades infantiles;Cantabria;Cantabria;76;142;773,68;10,18;28
2024;7;Actividades;Gastronomía;Cantabria;Cantabria;76;142;773,68;10,18;28
2024;7;Espectaculos;Música;Cantabria;Cantabria;417;778;5412,66;12,98;180
2024;7;Espectaculos;Musicales;Cantabria;Cantabria;4;7;40;10;3
2024;7;Espectaculos;Música;Cantabria;Cantabria;39;73;442,65;11,35;27
2024;7;Espectaculos;Cultura, teatro y danza;Cantabria;Cantabria;32;60;401,92;12,56;17
2024;7;Espectaculos;Música;Cantabria;Cantabria;16;30;164,8;10,3;6
2024;7;Actividades;Actividades infantiles;Cantabria;Cantabria;16;30;164,8;10,3;6
2024;7;Actividades;Gastronomía;Cantabria;Cantabria;16;30;164,8;10,3;6
2024;7;Espectaculos;Música;Castilla y León;Segovia;3;6;46,95;15,65;2
2024;7;Espectaculos;Música;Castilla y León;Segovia;607;1579;2919,67;4,81;241
2024;7;Actividades;Deportes y aventuras;Castilla y León;Segovia;145;270;2060,45;14,21;56
2024;7;Espectaculos;Música;Andalucía;Sevilla;4;7;45,36;11,34;1
2024;7;Espectaculos;Música;Andalucía;Sevilla;3;6;30,93;10,31;1
2024;7;Actividades;Deportes y aventuras;Andalucía;Sevilla;704;1313;3470,72;4,93;161
2024;7;Espectaculos;Conferencias;Andalucía;Sevilla;19;35;130,91;6,89;13
2024;7;Espectaculos;Cine;Andalucía;Sevilla;236;1788;1257,88;5,33;94
2024;7;Espectaculos;Ferias;Andalucía;Sevilla;19;35;130,91;6,89;13
2024;7;Espectaculos;Música;Andalucía;Sevilla;1435;2863;20506,15;14,29;777
2024;7;Actividades;Actividades infantiles;Andalucía;Sevilla;169;315;1825,2;10,8;70
2024;7;Espectaculos;Cultura, teatro y danza;Andalucía;Sevilla;59;110;665,52;11,28;26
2024;7;Espectaculos;Museo y exposiciones;Andalucía;Sevilla;36;67;426,6;11,85;17
2024;7;Espectaculos;Música;Castilla y León;Soria;736;1373;8324,16;11,31;653
2024;7;Espectaculos;Música;Castilla y León;Soria;2;4;25,52;12,76;1
2024;7;Espectaculos;Música;Castilla y León;Soria;22;41;239,36;10,88;9
2024;7;Actividades;Actividades infantiles;Castilla y León;Soria;22;41;239,36;10,88;9
2024;7;Actividades;Gastronomía;Castilla y León;Soria;22;41;239,36;10,88;9
2024;7;Espectaculos;Música;Cataluña;Tarragona;4;7;42;10,5;1
2024;7;Actividades;Deportes y aventuras;Cataluña;Tarragona;23;43;690;30;12
2024;7;Actividades;Cursos;Cataluña;Tarragona;1;2;34,37;34,37;1
2024;7;Espectaculos;Música;Cataluña;Tarragona;105;196;2721,6;25,92;60
2024;7;Actividades;Cursos;Cataluña;Tarragona;5;9;304,45;60,89;5
2024;7;Espectaculos;Música;Cataluña;Tarragona;2;60;21;10,5;1
2024;7;Actividades;Actividades infantiles;Cataluña;Tarragona;64;119;978,56;15,29;22
2024;7;Espectaculos;Cultura, teatro y danza;Cataluña;Tarragona;64;119;978,56;15,29;22
2024;7;Espectaculos;Museo y exposiciones;Cataluña;Tarragona;64;119;978,56;15,29;22
2024;7;Actividades;Deportes y aventuras;Cataluña;Tarragona;7;13;238;34;6
2024;7;Espectaculos;Musicales;Cataluña;Tarragona;18;34;316,8;17,6;5
2024;7;Espectaculos;Música;Cataluña;Tarragona;1602;2989;8298,36;5,18;749
2024;7;Actividades;Actividades infantiles;Cataluña;Tarragona;18;34;316,8;17,6;5
2024;7;Espectaculos;Cultura, teatro y danza;Cataluña;Tarragona;30;56;339;11,3;12
2024;7;Espectaculos;Cultura, teatro y danza;Cataluña;Tarragona;156;291;1878,24;12,04;61
2024;7;Espectaculos;Música;Cataluña;Tarragona;102;190;1017,96;9,98;52
2024;7;Espectaculos;Música;Cataluña;Tarragona;146;272;2901,02;19,87;69
2024;7;Espectaculos;Música;Cataluña;Tarragona;101;188;1199,88;11,88;50
2024;7;Espectaculos;Música;Cataluña;Tarragona;34;63;277,44;8,16;11
2024;7;Espectaculos;Música;Cataluña;Tarragona;224;418;6478,08;28,92;112
2024;7;Espectaculos;Cultura, teatro y danza;Cataluña;Tarragona;269;502;2213,87;8,23;119
2024;7;Espectaculos;Música;Cataluña;Tarragona;4;7;32;8;3
2024;7;Espectaculos;Música;Cataluña;Tarragona;164;306;1963,08;11,97;104
2024;7;Espectaculos;Música;Cataluña;Tarragona;249;465;2275,86;9,14;104
2024;7;Espectaculos;Música;Cataluña;Tarragona;445;774;2674,45;6,01;192
2024;7;Espectaculos;Música;Cataluña;Tarragona;13;24;771,81;59,37;11
2024;7;Espectaculos;Música;Cataluña;Tarragona;18;34;900;50;10
2024;7;Actividades;Gastronomía;Cataluña;Tarragona;18;34;900;50;10
2024;7;Espectaculos;Música;Cataluña;Tarragona;390;728;14024,4;35,96;153
2024;7;Espectaculos;Música;Cataluña;Tarragona;134;250;1670,98;12,47;55
2024;7;Espectaculos;Música;Cataluña;Tarragona;234;437;2017,08;8,62;105
2024;7;Espectaculos;Música;Aragón;Teruel;3;6;126;42;2
2024;7;Espectaculos;Cultura, teatro y danza;Aragón;Teruel;4;7;63,8;15,95;2
2024;7;Espectaculos;Música;Aragón;Teruel;49;91;694,82;14,18;31
2024;7;Espectaculos;Musicales;Aragón;Teruel;22;41;160,38;7,29;6
2024;7;Espectaculos;Cultura, teatro y danza;Aragón;Teruel;22;41;160,38;7,29;6
2024;7;Espectaculos;Música;Aragón;Teruel;67;125;1997,94;29,82;31
2024;7;Espectaculos;Cultura, teatro y danza;Aragón;Teruel;13;24;207,35;15,95;6
2024;7;Espectaculos;Cine;Castilla - La Mancha;Toledo;773;1442;8982,26;11,62;312
2024;7;Actividades;Actividades infantiles;Castilla - La Mancha;Toledo;773;1442;8982,26;11,62;312
2024;7;Espectaculos;Música;Castilla - La Mancha;Toledo;97;181;970,97;10,01;57
2024;7;Espectaculos;Música;Castilla - La Mancha;Toledo;17;32;1644,92;96,76;14
2024;7;Actividades;Actividades infantiles;Castilla - La Mancha;Toledo;50;93;339,5;6,79;13
2024;7;Espectaculos;Cultura, teatro y danza;Castilla - La Mancha;Toledo;50;93;339,5;6,79;13
2024;7;Espectaculos;Museo y exposiciones;Castilla - La Mancha;Toledo;50;93;339,5;6,79;13
2024;7;Espectaculos;Música;Comunitat Valenciana;Valencia/València;1274;2568;31722,6;24,9;867
2024;7;Espectaculos;Música;Comunitat Valenciana;Valencia/València;28;52;462;16,5;12
2024;7;Espectaculos;Música;Comunitat Valenciana;Valencia/València;7;13;355,6;50,8;7
2024;7;Espectaculos;Música;Comunitat Valenciana;Valencia/València;16;30;240;15;8
2024;7;Actividades;Cursos;Comunitat Valenciana;Valencia/València;29;54;426,88;14,72;14
2024;7;Espectaculos;Música;Comunitat Valenciana;Valencia/València;325;606;3802,5;11,7;133
2024;7;Espectaculos;Música;Comunitat Valenciana;Valencia/València;44;82;335,28;7,62;26
2024;7;Espectaculos;Música;Comunitat Valenciana;Valencia/València;1;2;19,63;19,63;1
2024;7;Espectaculos;Música;Comunitat Valenciana;Valencia/València;106;198;2471,92;23,32;50
2024;7;Espectaculos;Musicales;Comunitat Valenciana;Valencia/València;5;9;46,5;9,3;2
2024;7;Espectaculos;Música;Comunitat Valenciana;Valencia/València;1009;1882;16456,79;16,31;583
2024;7;Actividades;Actividades infantiles;Comunitat Valenciana;Valencia/València;866;1616;13171,86;15,21;294
2024;7;Espectaculos;Cultura, teatro y danza;Comunitat Valenciana;Valencia/València;973;1815;36964,27;37,99;338
2024;7;Actividades;Gastronomía;Comunitat Valenciana;Valencia/València;2;4;106,98;53,49;1
2024;7;Espectaculos;Cultura, teatro y danza;Castilla y León;Valladolid;91;170;437,71;4,81;30
2024;7;Espectaculos;Música;Castilla y León;Valladolid;10;19;110;11;4
2024;7;Espectaculos;Cultura, teatro y danza;Castilla y León;Valladolid;35;65;175;5;7
2024;7;Espectaculos;Cine;Castilla y León;Valladolid;49;91;275,38;5,62;13
2024;7;Actividades;Actividades infantiles;Castilla y León;Valladolid;49;91;275,38;5,62;13
2024;7;Actividades;Deportes y aventuras;Castilla y León;Valladolid;34;63;1360;40;20
2024;7;Actividades;Actividades infantiles;Castilla y León;Valladolid;34;63;1360;40;20
2024;7;Espectaculos;Cultura, teatro y danza;Castilla y León;Valladolid;11;21;215,93;19,63;10
2024;7;Espectaculos;Cultura, teatro y danza;Castilla y León;Valladolid;39;73;232,44;5,96;20
2024;7;Espectaculos;Música;Castilla y León;Valladolid;2835;4924;62143,2;21,92;1610
2024;7;Actividades;Actividades infantiles;Castilla y León;Valladolid;13;24;160,81;12,37;10
2024;7;Espectaculos;Cultura, teatro y danza;Castilla y León;Valladolid;3056;5701;34685,6;11,35;947
2024;7;Espectaculos;Música;Castilla y León;Valladolid;975;1819;21196,5;21,74;513
2024;7;Actividades;Actividades infantiles;Castilla y León;Valladolid;960;1791;13459,2;14,02;498
2024;7;Espectaculos;Música;País Vasco;Bizkaia;15;28;120;8;10
2024;7;Espectaculos;Cultura, teatro y danza;País Vasco;Bizkaia;2101;3919;18761,93;8,93;685
2024;7;Espectaculos;Música;País Vasco;Bizkaia;946;1766;14975,18;15,83;541
2024;7;Actividades;Actividades infantiles;País Vasco;Bizkaia;72;134;627,84;8,72;38
2024;7;Espectaculos;Cultura, teatro y danza;País Vasco;Bizkaia;14;26;174,02;12,43;7
2024;7;Actividades;Actividades infantiles;País Vasco;Bizkaia;1035;1931;9625,5;9,3;278
2024;7;Espectaculos;Cultura, teatro y danza;País Vasco;Bizkaia;1035;1931;9625,5;9,3;278
2024;7;Espectaculos;Museo y exposiciones;País Vasco;Bizkaia;1035;1931;9625,5;9,3;278
2024;7;Espectaculos;Música;País Vasco;Bizkaia;1;2;18;18;1
2024;7;Espectaculos;Música;País Vasco;Bizkaia;212;395;1354,68;6,39;142
2024;7;Espectaculos;Música;País Vasco;Bizkaia;31;58;549,63;17,73;25
2024;7;Actividades;Actividades infantiles;País Vasco;Bizkaia;7;13;2524,48;360,64;7
2024;7;Espectaculos;Cultura, teatro y danza;Castilla y León;Zamora;7;13;57,61;8,23;2
2024;7;Espectaculos;Cultura, teatro y danza;Castilla y León;Zamora;99;185;792,99;8,01;37
2024;7;Espectaculos;Cultura, teatro y danza;Castilla y León;Zamora;16;30;128;8;7
2024;7;Espectaculos;Cultura, teatro y danza;Castilla y León;Zamora;72;134;576;8;29
2024;7;Espectaculos;Cultura, teatro y danza;Castilla y León;Zamora;27;50;216;8;11
2024;7;Espectaculos;Cultura, teatro y danza;Castilla y León;Zamora;10;19;80;8;4
2024;7;Espectaculos;Cultura, teatro y danza;Castilla y León;Zamora;13;24;105,56;8,12;6
2024;7;Espectaculos;Cultura, teatro y danza;Castilla y León;Zamora;32;60;256;8;13
2024;7;Espectaculos;Música;Castilla y León;Zamora;207;386;2047,23;9,89;93
2024;7;Actividades;Deportes y aventuras;Aragón;Zaragoza;92;517;2125,2;23,1;55
2024;7;Espectaculos;Música;Aragón;Zaragoza;42;78;534,24;12,72;22
2024;7;Espectaculos;Música;Aragón;Zaragoza;9;17;98,55;10,95;4
2024;7;Espectaculos;Cultura, teatro y danza;Aragón;Zaragoza;3;6;32,85;10,95;1
2024;7;Espectaculos;Música;Aragón;Zaragoza;25;47;251;10,04;14
2024;7;Espectaculos;Cultura, teatro y danza;Aragón;Zaragoza;108;201;2340,36;21,67;58
2024;7;Actividades;Gastronomía;Aragón;Zaragoza;42;78;1470;35;23
2024;7;Espectaculos;Música;Aragón;Zaragoza;9;17;116,55;12,95;2
2024;7;Actividades;Cursos;Aragón;Zaragoza;28;52;4436,32;158,44;26
2024;7;Espectaculos;Música;Aragón;Zaragoza;1386;2586;19875,24;14,34;925
2024;7;Actividades;Actividades infantiles;Aragón;Zaragoza;3;6;36;12;2
2024;7;Espectaculos;Cultura, teatro y danza;Aragón;Zaragoza;3;6;33;11;2
2024;7;Espectaculos;Cultura, teatro y danza;Ceuta;Ceuta;22;41;133,76;6,08;7
2024;7;Espectaculos;Conferencias;Total Nacional;Total Nacional;236;440;11439,9584;48,4744;153
2024;7;Actividades;Cursos;Total Nacional;Total Nacional;476;881;24529,8032;51,5332;365
2024;7;Espectaculos;Cine;Total Nacional;Total Nacional;1741;4664;14443,6842;8,2962;706
2024;7;Espectaculos;Musicales;Total Nacional;Total Nacional;1549;2889;17108,705;11,045;707
2024;7;Espectaculos;Parques temáticos;Total Nacional;Total Nacional;98;183;1318,1;13,45;62
2024;7;Espectaculos;Ferias;Total Nacional;Total Nacional;25;46;1332,25;53,29;17
2024;7;Espectaculos;Música;Total Nacional;Total Nacional;110682;229376;2016825,268;18,2218;61917
2024;7;Actividades;Deportes y aventuras;Total Nacional;Total Nacional;3179;6364;71605,3855;22,5245;1419
2024;7;Actividades;Actividades infantiles;Total Nacional;Total Nacional;8807;16539;181988,7287;20,6641;3783
2024;7;Espectaculos;Cultura, teatro y danza;Total Nacional;Total Nacional;27515;53200;348769,134;12,6756;10926
2024;7;Espectaculos;Museo y exposiciones;Total Nacional;Total Nacional;2207;4117;27618,398;12,514;604
2024;7;Actividades;Gastronomía;Total Nacional;Total Nacional;2551;4758;54933,7442;21,5342;1165
2024;8;Espectaculos;Cultura, teatro y danza;País Vasco;Araba/Álava;4;8;11,72;2,93;2
2024;8;Espectaculos;Música;País Vasco;Araba/Álava;230;473;2500,1;10,87;92
2024;8;Actividades;Actividades infantiles;País Vasco;Araba/Álava;230;473;2500,1;10,87;92
2024;8;Actividades;Gastronomía;País Vasco;Araba/Álava;230;473;2500,1;10,87;92
2024;8;Espectaculos;Música;País Vasco;Araba/Álava;146;1208;1606;11;83
2024;8;Actividades;Actividades infantiles;País Vasco;Araba/Álava;129;254;581,79;4,51;46
2024;8;Espectaculos;Cultura, teatro y danza;País Vasco;Araba/Álava;457;885;2915,66;6,38;186
2024;8;Espectaculos;Museo y exposiciones;País Vasco;Araba/Álava;15;31;48;3,2;5
2024;8;Espectaculos;Música;Castilla - La Mancha;Albacete;37;76;747,03;20,19;23
2024;8;Espectaculos;Musicales;Castilla - La Mancha;Albacete;43;88;215;5;13
2024;8;Espectaculos;Música;Castilla - La Mancha;Albacete;19;40;223,44;11,76;10
2024;8;Actividades;Deportes y aventuras;Castilla - La Mancha;Albacete;32;66;376,96;11,78;16
2024;8;Espectaculos;Cultura, teatro y danza;Castilla - La Mancha;Albacete;105;216;988,05;9,41;36
2024;8;Actividades;Gastronomía;Castilla - La Mancha;Albacete;4;8;48;12;1
2024;8;Espectaculos;Cultura, teatro y danza;Castilla - La Mancha;Albacete;74;152;685,24;9,26;22
2024;8;Espectaculos;Música;Comunitat Valenciana;Alicante/Alacant;579;1109;9524,55;16,45;280
2024;8;Espectaculos;Cultura, teatro y danza;Comunitat Valenciana;Alicante/Alacant;165;339;2359,5;14,3;66
2024;8;Actividades;Gastronomía;Comunitat Valenciana;Alicante/Alacant;147;302;1803,69;12,27;57
2024;8;Actividades;Actividades infantiles;Comunitat Valenciana;Alicante/Alacant;2;42;83,38;41,69;1
2024;8;Espectaculos;Música;Comunitat Valenciana;Alicante/Alacant;41;84;392,78;9,58;20
2024;8;Espectaculos;Cultura, teatro y danza;Comunitat Valenciana;Alicante/Alacant;60;123;206,4;3,44;27
2024;8;Espectaculos;Música;Comunitat Valenciana;Alicante/Alacant;1462;3006;22046,96;15,08;710
2024;8;Espectaculos;Música;Comunitat Valenciana;Alicante/Alacant;6;12;138;23;3
2024;8;Espectaculos;Música;Comunitat Valenciana;Alicante/Alacant;55;113;953,15;17,33;27
2024;8;Espectaculos;Cultura, teatro y danza;Comunitat Valenciana;Alicante/Alacant;50;103;297;5,94;22
2024;8;Espectaculos;Música;Comunitat Valenciana;Alicante/Alacant;140;288;2506;17,9;65
2024;8;Espectaculos;Música;Comunitat Valenciana;Alicante/Alacant;8;16;97,6;12,2;5
2024;8;Espectaculos;Música;Comunitat Valenciana;Alicante/Alacant;218;448;1314,54;6,03;83
2024;8;Espectaculos;Música;Comunitat Valenciana;Alicante/Alacant;456;938;4785,72;10,495;210
2024;8;Espectaculos;Cultura, teatro y danza;Comunitat Valenciana;Alicante/Alacant;100;206;7011;70,11;32
2024;8;Espectaculos;Música;Comunitat Valenciana;Alicante/Alacant;42;86;1113;26,5;21
2024;8;Espectaculos;Música;Comunitat Valenciana;Alicante/Alacant;91;187;2743,65;30,15;48
2024;8;Espectaculos;Música;Comunitat Valenciana;Alicante/Alacant;69;142;1398,63;20,27;32
2024;8;Espectaculos;Música;Andalucía;Almería;2;4;55;27,5;1
2024;8;Espectaculos;Musicales;Andalucía;Almería;2;4;24;12;1
2024;8;Espectaculos;Música;Andalucía;Almería;1451;2792;21503,82;14,82;757
2024;8;Espectaculos;Cultura, teatro y danza;Andalucía;Almería;203;417;2330,44;11,48;91
2024;8;Espectaculos;Música;Andalucía;Almería;36;74;304,56;8,46;16
2024;8;Espectaculos;Música;Andalucía;Almería;8;16;74,4;9,3;3
2024;8;Actividades;Actividades infantiles;Andalucía;Almería;6;12;56,7;9,45;2
2024;8;Espectaculos;Música;Andalucía;Almería;30;62;165;5,5;13
2024;8;Actividades;Actividades infantiles;Andalucía;Almería;10;21;160;16;4
2024;8;Espectaculos;Cultura, teatro y danza;Andalucía;Almería;13;27;329,29;25,33;5
2024;8;Espectaculos;Museo y exposiciones;Andalucía;Almería;3;6;132;44;1
2024;8;Espectaculos;Cultura, teatro y danza;Andalucía;Almería;1149;2363;28977,78;25,22;358
2024;8;Espectaculos;Música;Andalucía;Almería;198;407;3670,92;18,54;77
2024;8;Espectaculos;Cultura, teatro y danza;Andalucía;Almería;155;319;1957,65;12,63;46
2024;8;Espectaculos;Música;Andalucía;Almería;23;47;381,11;16,57;17
2024;8;Actividades;Deportes y aventuras;Castilla y León;Ávila;2;31;65;32,5;2
2024;8;Espectaculos;Cultura, teatro y danza;Extremadura;Badajoz;79;162;1393,56;17,64;51
2024;8;Espectaculos;Música;Extremadura;Badajoz;65;134;826,15;12,71;27
2024;8;Actividades;Deportes y aventuras;Extremadura;Badajoz;5;10;120;24;4
2024;8;Actividades;Actividades infantiles;Extremadura;Badajoz;3;6;24;8;3
2024;8;Actividades;Gastronomía;Extremadura;Badajoz;3;6;24;8;3
2024;8;Espectaculos;Cultura, teatro y danza;Extremadura;Badajoz;23;47;69;3;9
2024;8;Actividades;Deportes y aventuras;Extremadura;Badajoz;37;76;120,99;3,27;36
2024;8;Actividades;Deportes y aventuras;Extremadura;Badajoz;81;181;850,5;10,5;72
2024;8;Espectaculos;Música;Extremadura;Badajoz;133;273;665;5;83
2024;8;Espectaculos;Musicales;Extremadura;Badajoz;43;88;756,8;17,6;12
2024;8;Actividades;Actividades infantiles;Extremadura;Badajoz;43;88;756,8;17,6;12
2024;8;Espectaculos;Cultura, teatro y danza;Extremadura;Badajoz;43;88;756,8;17,6;12
2024;8;Espectaculos;Música;Illes Balears;Illes Balears;47;96;725,21;15,43;26
2024;8;Espectaculos;Música;Illes Balears;Illes Balears;33;68;347,82;10,54;15
2024;8;Espectaculos;Música;Illes Balears;Illes Balears;51;105;792,54;15,54;22
2024;8;Espectaculos;Música;Illes Balears;Illes Balears;4;8;155,28;38,82;2
2024;8;Espectaculos;Música;Illes Balears;Illes Balears;273;561;5803,98;21,26;135
2024;8;Actividades;Cursos;Illes Balears;Illes Balears;14;29;480,06;34,29;6
2024;8;Espectaculos;Música;Illes Balears;Illes Balears;5069;10424;105435,2;20,8;2782
2024;8;Espectaculos;Música;Illes Balears;Illes Balears;19;39;127,49;6,71;9
2024;8;Espectaculos;Música;Illes Balears;Illes Balears;13;27;211,38;16,26;6
2024;8;Actividades;Cursos;Illes Balears;Illes Balears;76;156;4655;61,25;24
2024;8;Espectaculos;Música;Illes Balears;Illes Balears;918;1827;30954,96;33,72;510
2024;8;Actividades;Gastronomía;Illes Balears;Illes Balears;76;156;4655;61,25;24
2024;8;Espectaculos;Música;Illes Balears;Illes Balears;1601;3292;22798,24;14,24;703
2024;8;Actividades;Actividades infantiles;Illes Balears;Illes Balears;1526;3138;23973,46;15,71;667
2024;8;Espectaculos;Conferencias;Illes Balears;Illes Balears;11;23;1265;115;7
2024;8;Espectaculos;Ferias;Illes Balears;Illes Balears;11;23;1265;115;7
2024;8;Espectaculos;Música;Illes Balears;Illes Balears;2170;4462;36477,7;16,81;968
2024;8;Espectaculos;Cultura, teatro y danza;Illes Balears;Illes Balears;4;8;20,72;5,18;2
2024;8;Espectaculos;Música;Illes Balears;Illes Balears;176;337;2525,6;14,35;91
2024;8;Espectaculos;Cultura, teatro y danza;Illes Balears;Illes Balears;4;8;16,6;4,15;2
2024;8;Espectaculos;Música;Illes Balears;Illes Balears;791;1626;26031,81;32,91;377
2024;8;Espectaculos;Música;Illes Balears;Illes Balears;34;70;190,4;5,6;18
2024;8;Espectaculos;Música;Illes Balears;Illes Balears;27;56;382,86;14,18;17
2024;8;Espectaculos;Música;Illes Balears;Illes Balears;364;749;5576,48;15,32;172
2024;8;Espectaculos;Música;Illes Balears;Illes Balears;148;304;2125,28;14,36;61
2024;8;Actividades;Actividades infantiles;Illes Balears;Illes Balears;15;31;75;5;5
2024;8;Espectaculos;Cultura, teatro y danza;Illes Balears;Illes Balears;26;53;248,04;9,54;10
2024;8;Espectaculos;Música;Illes Balears;Illes Balears;453;932;1843,71;4,07;82
2024;8;Espectaculos;Cultura, teatro y danza;Illes Balears;Illes Balears;158;325;2156,7;13,65;88
2024;8;Espectaculos;Música;Illes Balears;Illes Balears;70;144;1451,1;20,73;33
2024;8;Espectaculos;Música;Illes Balears;Illes Balears;48;99;601,44;12,53;29
2024;8;Actividades;Cursos;Illes Balears;Illes Balears;25;82;1750;70;9
2024;8;Espectaculos;Musicales;Illes Balears;Illes Balears;165;339;3379,2;20,48;61
2024;8;Espectaculos;Música;Illes Balears;Illes Balears;7395;17092;131520,075;17,785;4821
2024;8;Actividades;Actividades infantiles;Illes Balears;Illes Balears;26;53;1762,54;67,79;22
2024;8;Espectaculos;Cultura, teatro y danza;Illes Balears;Illes Balears;751;1478;9042,04;12,04;338
2024;8;Espectaculos;Museo y exposiciones;Illes Balears;Illes Balears;2;4;10,36;5,18;1
2024;8;Actividades;Gastronomía;Illes Balears;Illes Balears;25;51;1750;70;9
2024;8;Espectaculos;Música;Illes Balears;Illes Balears;73;150;1200,85;16,45;23
2024;8;Espectaculos;Cultura, teatro y danza;Illes Balears;Illes Balears;34;70;310,76;9,14;9
2024;8;Actividades;Cursos;Illes Balears;Illes Balears;97;199;1348,3;13,9;78
2024;8;Espectaculos;Música;Illes Balears;Illes Balears;901;1853;22092,52;24,52;389
2024;8;Espectaculos;Cultura, teatro y danza;Illes Balears;Illes Balears;13;27;67,34;5,18;5
2024;8;Espectaculos;Música;Illes Balears;Illes Balears;234;481;4085,64;17,46;107
2024;8;Espectaculos;Música;Illes Balears;Illes Balears;1183;2328;13332,41;11,27;540
2024;8;Actividades;Actividades infantiles;Illes Balears;Illes Balears;471;969;3909,3;8,3;199
2024;8;Espectaculos;Parques temáticos;Illes Balears;Illes Balears;202;415;2583,58;12,79;128
2024;8;Espectaculos;Música;Illes Balears;Illes Balears;317;652;8498,77;26,81;163
2024;8;Actividades;Deportes y aventuras;Illes Balears;Illes Balears;202;415;2583,58;12,79;128
2024;8;Espectaculos;Música;Illes Balears;Illes Balears;65;216;683,15;10,51;27
2024;8;Actividades;Actividades infantiles;Illes Balears;Illes Balears;19;39;285,57;15,03;6
2024;8;Espectaculos;Música;Illes Balears;Illes Balears;11;23;170,5;15,5;5
2024;8;Actividades;Actividades infantiles;Illes Balears;Illes Balears;11;23;170,5;15,5;5
2024;8;Espectaculos;Música;Illes Balears;Illes Balears;102;210;731,34;7,17;35
2024;8;Espectaculos;Cultura, teatro y danza;Illes Balears;Illes Balears;87;179;414,99;4,77;31
2024;8;Espectaculos;Música;Illes Balears;Illes Balears;321;660;3900,15;12,15;216
2024;8;Espectaculos;Música;Illes Balears;Illes Balears;80;165;891,2;11,14;42
2024;8;Actividades;Cursos;Illes Balears;Illes Balears;13;27;129,61;9,97;8
2024;8;Espectaculos;Música;Illes Balears;Illes Balears;107;845;1264,74;11,82;51
2024;8;Actividades;Actividades infantiles;Illes Balears;Illes Balears;4;8;20;5;2
2024;8;Espectaculos;Cultura, teatro y danza;Illes Balears;Illes Balears;58;125;446,6;7,7;29
2024;8;Actividades;Actividades infantiles;Illes Balears;Illes Balears;181;372;3761,18;20,78;139
2024;8;Espectaculos;Cultura, teatro y danza;Illes Balears;Illes Balears;71;146;941,46;13,26;35
2024;8;Espectaculos;Música;Illes Balears;Illes Balears;75;154;1893,75;25,25;35
2024;8;Actividades;Actividades infantiles;Illes Balears;Illes Balears;9;19;37,35;4,15;1
2024;8;Espectaculos;Cultura, teatro y danza;Illes Balears;Illes Balears;19;39;173,09;9,11;7
2024;8;Espectaculos;Música;Illes Balears;Illes Balears;123;253;2551,02;20,74;52
2024;8;Espectaculos;Música;Illes Balears;Illes Balears;1373;2824;30549,25;22,25;944
2024;8;Espectaculos;Música;Cataluña;Barcelona;17;35;844,05;49,65;15
2024;8;Espectaculos;Música;Cataluña;Barcelona;240;494;4569,6;19,04;163
2024;8;Espectaculos;Conferencias;Cataluña;Barcelona;22;45;226,6;10,3;15
2024;8;Actividades;Cursos;Cataluña;Barcelona;66;130;4509,78;68,33;59
2024;8;Espectaculos;Cine;Cataluña;Barcelona;5;10;40,5;8,1;3
2024;8;Espectaculos;Musicales;Cataluña;Barcelona;165;339;1750,65;10,61;57
2024;8;Espectaculos;Música;Cataluña;Barcelona;7118;13852;163820,77;23,015;4298
2024;8;Actividades;Deportes y aventuras;Cataluña;Barcelona;5;10;46,65;9,33;5
2024;8;Actividades;Actividades infantiles;Cataluña;Barcelona;196;403;5491,92;28,02;81
2024;8;Espectaculos;Cultura, teatro y danza;Cataluña;Barcelona;1115;2257;21028,9;18,86;496
2024;8;Espectaculos;Museo y exposiciones;Cataluña;Barcelona;123;253;1161,12;9,44;54
2024;8;Actividades;Gastronomía;Cataluña;Barcelona;193;397;4139,85;21,45;119
2024;8;Espectaculos;Música;Cataluña;Barcelona;13;27;106,99;8,23;8
2024;8;Espectaculos;Música;Cataluña;Barcelona;20;41;376,8;18,84;8
2024;8;Actividades;Actividades infantiles;Cataluña;Barcelona;20;41;376,8;18,84;8
2024;8;Espectaculos;Música;Cataluña;Barcelona;2;4;37,2;18,6;1
2024;8;Actividades;Actividades infantiles;Cataluña;Barcelona;2;4;37,2;18,6;1
2024;8;Espectaculos;Cultura, teatro y danza;Cataluña;Barcelona;288;592;2459,52;8,54;122
2024;8;Espectaculos;Cultura, teatro y danza;Cataluña;Barcelona;41;84;410;10;27
2024;8;Espectaculos;Música;Cataluña;Barcelona;244;502;2447,32;10,03;135
2024;8;Actividades;Actividades infantiles;Cataluña;Barcelona;66;136;462;7;21
2024;8;Espectaculos;Cultura, teatro y danza;Cataluña;Barcelona;66;136;462;7;21
2024;8;Espectaculos;Música;Cataluña;Barcelona;35;72;2036,65;58,19;20
2024;8;Espectaculos;Música;Cataluña;Barcelona;847;1742;8071,91;9,53;331
2024;8;Espectaculos;Cultura, teatro y danza;Cataluña;Barcelona;79;162;790;10;27
2024;8;Espectaculos;Música;Cataluña;Barcelona;13;27;170,95;13,15;4
2024;8;Actividades;Deportes y aventuras;Cataluña;Barcelona;16;33;324;20,25;4
2024;8;Espectaculos;Cine;Cataluña;Barcelona;9;19;72,18;8,02;7
2024;8;Espectaculos;Música;Cataluña;Barcelona;201;414;2674,305;13,305;135
2024;8;Espectaculos;Cultura, teatro y danza;Cataluña;Barcelona;1;2;11;11;1
2024;8;Espectaculos;Música;Cataluña;Barcelona;41;84;403,85;9,85;32
2024;8;Espectaculos;Música;Cataluña;Barcelona;19;39;380;20;9
2024;8;Espectaculos;Cultura, teatro y danza;Cataluña;Barcelona;45;93;544,05;12,09;15
2024;8;Espectaculos;Música;Cataluña;Barcelona;16;33;280;17,5;6
2024;8;Espectaculos;Música;Cataluña;Barcelona;103;212;1858,12;18,04;57
2024;8;Espectaculos;Música;Cataluña;Barcelona;83;171;1684,07;20,29;41
2024;8;Actividades;Actividades infantiles;Cataluña;Barcelona;68;140;2230,4;32,8;33
2024;8;Actividades;Actividades infantiles;Cataluña;Barcelona;71;146;552,38;7,78;23
2024;8;Espectaculos;Música;Cataluña;Barcelona;33;68;671,22;20,34;14
2024;8;Actividades;Actividades infantiles;Cataluña;Barcelona;12;25;236,28;19,69;4
2024;8;Espectaculos;Música;Cataluña;Barcelona;13;27;132,86;10,22;7
2024;8;Espectaculos;Música;Cataluña;Barcelona;7;14;52,5;7,5;6
2024;8;Espectaculos;Cultura, teatro y danza;Cataluña;Barcelona;4;8;40;10;1
2024;8;Actividades;Cursos;Cataluña;Barcelona;7;14;137,41;19,63;4
2024;8;Espectaculos;Música;Cataluña;Barcelona;5;10;141,8;28,36;3
2024;8;Actividades;Cursos;Cataluña;Barcelona;4;8;120;30;4
2024;8;Espectaculos;Música;Cataluña;Barcelona;16;33;203,2;12,7;11
2024;8;Espectaculos;Música;Cataluña;Barcelona;6;12;33;5,5;4
2024;8;Espectaculos;Música;Cataluña;Barcelona;26;53;260;10;15
2024;8;Espectaculos;Cultura, teatro y danza;Cataluña;Barcelona;2;4;11,76;5,88;1
2024;8;Espectaculos;Cine;Cataluña;Barcelona;2;4;8,82;4,41;2
2024;8;Espectaculos;Cultura, teatro y danza;Cataluña;Barcelona;6;12;30;5;2
2024;8;Espectaculos;Música;Cataluña;Barcelona;2;4;48;24;1
2024;8;Espectaculos;Cultura, teatro y danza;Cataluña;Barcelona;4;8;74;18,5;2
2024;8;Espectaculos;Música;Cataluña;Barcelona;102;210;3798,48;37,24;75
2024;8;Espectaculos;Música;Cataluña;Barcelona;21;43;256,62;12,22;12
2024;8;Espectaculos;Conferencias;Cataluña;Barcelona;1;2;284,29;284,29;1
2024;8;Actividades;Deportes y aventuras;Cataluña;Barcelona;13;27;191,36;14,72;7
2024;8;Actividades;Actividades infantiles;Cataluña;Barcelona;13;27;191,36;14,72;7
2024;8;Espectaculos;Música;Cataluña;Barcelona;82;168;1084,86;13,23;40
2024;8;Actividades;Gastronomía;Cataluña;Barcelona;2;4;20;10;1
2024;8;Espectaculos;Música;Cataluña;Barcelona;8;16;239,2;29,9;5
2024;8;Actividades;Deportes y aventuras;Cataluña;Barcelona;4;8;40;10;2
2024;8;Espectaculos;Música;Cataluña;Barcelona;9;19;94,86;10,54;3
2024;8;Espectaculos;Música;Cataluña;Barcelona;265;545;3492,7;13,18;107
2024;8;Espectaculos;Música;Cataluña;Barcelona;60;123;1262,4;21,04;19
2024;8;Espectaculos;Música;Castilla y León;Burgos;24;49;260,64;10,86;11
2024;8;Actividades;Actividades infantiles;Castilla y León;Burgos;24;49;260,64;10,86;11
2024;8;Actividades;Gastronomía;Castilla y León;Burgos;24;49;260,64;10,86;11
2024;8;Espectaculos;Música;Castilla y León;Burgos;9;19;132,57;14,73;4
2024;8;Actividades;Actividades infantiles;Castilla y León;Burgos;60;123;300;5;22
2024;8;Espectaculos;Cultura, teatro y danza;Castilla y León;Burgos;143;321;769,34;5,38;58
2024;8;Espectaculos;Música;Castilla y León;Burgos;2;4;133,6;66,8;2
2024;8;Espectaculos;Música;Castilla y León;Burgos;477;981;9373,05;19,65;265
2024;8;Actividades;Deportes y aventuras;Extremadura;Cáceres;107;220;1456,27;13,61;92
2024;8;Actividades;Actividades infantiles;Extremadura;Cáceres;14;29;362,88;25,92;12
2024;8;Espectaculos;Musicales;Extremadura;Cáceres;9;19;158,4;17,6;3
2024;8;Actividades;Actividades infantiles;Extremadura;Cáceres;9;19;158,4;17,6;3
2024;8;Espectaculos;Cultura, teatro y danza;Extremadura;Cáceres;9;19;158,4;17,6;3
2024;8;Espectaculos;Música;Extremadura;Cáceres;4;8;60;15;2
2024;8;Espectaculos;Música;Andalucía;Cádiz;51;123;556,92;10,92;26
2024;8;Espectaculos;Cultura, teatro y danza;Andalucía;Cádiz;12;25;117,96;9,83;4
2024;8;Espectaculos;Música;Andalucía;Cádiz;1057;2174;18423,51;17,43;475
2024;8;Actividades;Gastronomía;Andalucía;Cádiz;70;144;700;10;37
2024;8;Espectaculos;Música;Andalucía;Cádiz;174;358;2775,3;15,95;103
2024;8;Espectaculos;Música;Andalucía;Cádiz;2;4;38,34;19,17;1
2024;8;Espectaculos;Música;Andalucía;Cádiz;137;282;4574,43;33,39;66
2024;8;Espectaculos;Cultura, teatro y danza;Andalucía;Cádiz;112;230;1699,04;15,17;51
2024;8;Actividades;Gastronomía;Andalucía;Cádiz;31;64;2100,87;67,77;11
2024;8;Espectaculos;Música;Andalucía;Cádiz;47;97;961,15;20,45;23
2024;8;Actividades;Actividades infantiles;Andalucía;Cádiz;10;21;171,8;17,18;3
2024;8;Espectaculos;Cultura, teatro y danza;Andalucía;Cádiz;43;88;752,93;17,51;10
2024;8;Espectaculos;Música;Andalucía;Cádiz;73;150;1494,31;20,47;36
2024;8;Espectaculos;Música;Andalucía;Cádiz;1370;2817;33907,5;24,75;474
2024;8;Espectaculos;Música;Andalucía;Cádiz;65;134;1072,5;16,5;35
2024;8;Espectaculos;Música;Comunitat Valenciana;Castellón/Castelló;2;4;20,26;10,13;1
2024;8;Espectaculos;Música;Comunitat Valenciana;Castellón/Castelló;204;419;2990,64;14,66;115
2024;8;Espectaculos;Música;Comunitat Valenciana;Castellón/Castelló;234;482;3421,08;14,62;107
2024;8;Espectaculos;Música;Castilla - La Mancha;Ciudad Real;27;56;712,26;26,38;14
2024;8;Espectaculos;Música;Castilla - La Mancha;Ciudad Real;17;35;374;22;7
2024;8;Espectaculos;Música;Castilla - La Mancha;Ciudad Real;16;33;174,08;10,88;9
2024;8;Espectaculos;Música;Castilla - La Mancha;Ciudad Real;12;25;96;8;5
2024;8;Espectaculos;Música;Castilla - La Mancha;Ciudad Real;40;82;832;20,8;19
2024;8;Espectaculos;Musicales;Castilla - La Mancha;Ciudad Real;4;8;21;5,25;2
2024;8;Espectaculos;Cultura, teatro y danza;Castilla - La Mancha;Ciudad Real;4;8;21;5,25;2
2024;8;Espectaculos;Música;Andalucía;Córdoba;19;39;227,81;11,99;8
2024;8;Espectaculos;Cultura, teatro y danza;Andalucía;Córdoba;411;845;6539,01;15,91;171
2024;8;Espectaculos;Música;Andalucía;Córdoba;28;58;700;25;16
2024;8;Espectaculos;Música;Galicia;A Coruña;186;357;2496,12;13,42;94
2024;8;Espectaculos;Cultura, teatro y danza;Galicia;A Coruña;1;2;5;5;1
2024;8;Espectaculos;Música;Galicia;A Coruña;74;152;1540,68;20,82;47
2024;8;Espectaculos;Música;Galicia;A Coruña;337;693;3508,17;10,41;337
2024;8;Espectaculos;Música;Galicia;A Coruña;370;761;7141;19,3;279
2024;8;Espectaculos;Música;Galicia;A Coruña;962;1978;12582,96;13,08;502
2024;8;Espectaculos;Música;Castilla - La Mancha;Cuenca;147;302;886,41;6,03;72
2024;8;Actividades;Deportes y aventuras;Castilla - La Mancha;Cuenca;16;33;160;10;16
2024;8;Actividades;Actividades infantiles;Castilla - La Mancha;Cuenca;52;107;418,6;8,05;19
2024;8;Espectaculos;Cultura, teatro y danza;Castilla - La Mancha;Cuenca;52;107;418,6;8,05;19
2024;8;Espectaculos;Música;Cataluña;Girona;46;95;368;8;17
2024;8;Espectaculos;Música;Cataluña;Girona;105;216;1841,7;17,54;54
2024;8;Actividades;Gastronomía;Cataluña;Girona;99;204;1491,93;15,07;52
2024;8;Espectaculos;Música;Cataluña;Girona;1592;3274;21380,56;13,43;632
2024;8;Espectaculos;Música;Cataluña;Girona;1;2;10;10;1
2024;8;Espectaculos;Música;Cataluña;Girona;160;329;2408;15,05;69
2024;8;Espectaculos;Música;Cataluña;Girona;33;68;355,74;10,78;17
2024;8;Espectaculos;Música;Cataluña;Girona;3;6;21;7;2
2024;8;Espectaculos;Música;Cataluña;Girona;48;99;1966,08;40,96;22
2024;8;Espectaculos;Música;Cataluña;Girona;9;19;375,75;41,75;7
2024;8;Espectaculos;Música;Cataluña;Girona;61;125;1218,17;19,97;22
2024;8;Actividades;Actividades infantiles;Cataluña;Girona;61;125;1218,17;19,97;22
2024;8;Espectaculos;Música;Cataluña;Girona;27;56;504,9;18,7;17
2024;8;Espectaculos;Música;Cataluña;Girona;114;234;2131,8;18,7;53
2024;8;Espectaculos;Cultura, teatro y danza;Cataluña;Girona;25;51;300;12;15
2024;8;Actividades;Gastronomía;Cataluña;Girona;96;197;1972,8;20,55;47
2024;8;Espectaculos;Música;Cataluña;Girona;119;245;1798,09;15,11;51
2024;8;Espectaculos;Música;Cataluña;Girona;223;459;3371,76;15,12;91
2024;8;Espectaculos;Cultura, teatro y danza;Cataluña;Girona;7;14;108,15;15,45;1
2024;8;Espectaculos;Música;Cataluña;Girona;146;300;3755,12;25,72;89
2024;8;Espectaculos;Música;Cataluña;Girona;12;25;144;12;5
2024;8;Espectaculos;Cultura, teatro y danza;Cataluña;Girona;4;8;29;7,25;2
2024;8;Espectaculos;Música;Cataluña;Girona;147;302;2210,88;15,04;63
2024;8;Espectaculos;Cultura, teatro y danza;Cataluña;Girona;1;2;20;20;1
2024;8;Espectaculos;Música;Andalucía;Granada;62;127;858,08;13,84;27
2024;8;Espectaculos;Musicales;Andalucía;Granada;114;234;1448,94;12,71;48
2024;8;Espectaculos;Música;Andalucía;Granada;334;687;5250,48;15,72;121
2024;8;Espectaculos;Cultura, teatro y danza;Andalucía;Granada;806;1658;11872,38;14,73;306
2024;8;Espectaculos;Museo y exposiciones;Andalucía;Granada;472;971;5300,56;11,23;144
2024;8;Espectaculos;Música;Andalucía;Granada;47;97;1079,12;22,96;30
2024;8;Espectaculos;Cine;Andalucía;Granada;5;10;31,95;6,39;3
2024;8;Espectaculos;Música;Andalucía;Granada;355;730;5104,9;14,38;211
2024;8;Espectaculos;Cultura, teatro y danza;Andalucía;Granada;8;16;98,96;12,37;2
2024;8;Espectaculos;Música;Andalucía;Granada;400;1280;1456;3,64;127
2024;8;Espectaculos;Música;Andalucía;Granada;24;49;787,92;32,83;18
2024;8;Espectaculos;Musicales;Andalucía;Granada;2;4;16;8;1
2024;8;Espectaculos;Cultura, teatro y danza;Andalucía;Granada;2;4;16;8;1
2024;8;Espectaculos;Música;Andalucía;Granada;113;232;3107,5;27,5;49
2024;8;Espectaculos;Música;Andalucía;Granada;45;93;1197,45;26,61;26
2024;8;Espectaculos;Música;Andalucía;Granada;17;35;323;19;10
2024;8;Actividades;Actividades infantiles;Andalucía;Granada;17;35;323;19;10
2024;8;Espectaculos;Música;Andalucía;Granada;5;10;55;11;2
2024;8;Espectaculos;Música;Castilla - La Mancha;Guadalajara;60;123;2397;39,95;55
2024;8;Actividades;Cursos;País Vasco;Gipuzkoa;8;16;38;4,75;5
2024;8;Espectaculos;Música;País Vasco;Gipuzkoa;300;589;3858;12,86;146
2024;8;Actividades;Actividades infantiles;País Vasco;Gipuzkoa;84;173;630;7,5;27
2024;8;Espectaculos;Cultura, teatro y danza;País Vasco;Gipuzkoa;92;189;549,24;5,97;31
2024;8;Espectaculos;Música;País Vasco;Gipuzkoa;17;35;255;15;9
2024;8;Espectaculos;Música;País Vasco;Gipuzkoa;45;93;663,3;14,74;36
2024;8;Espectaculos;Cine;País Vasco;Gipuzkoa;29;60;170,52;5,88;20
2024;8;Espectaculos;Música;País Vasco;Gipuzkoa;17;35;170;10;6
2024;8;Actividades;Deportes y aventuras;País Vasco;Gipuzkoa;265;545;5734,6;21,64;81
2024;8;Espectaculos;Música;País Vasco;Gipuzkoa;3;6;45;15;2
2024;8;Espectaculos;Música;País Vasco;Gipuzkoa;20;41;202,6;10,13;9
2024;8;Espectaculos;Música;País Vasco;Gipuzkoa;17;35;131,07;7,71;4
2024;8;Espectaculos;Cine;Aragón;Huesca;464;1276;5632,96;12,14;223
2024;8;Actividades;Actividades infantiles;Aragón;Huesca;238;489;4165;17,5;119
2024;8;Espectaculos;Música;Aragón;Huesca;169;348;12276,16;72,64;128
2024;8;Espectaculos;Música;Aragón;Huesca;13;27;91;7;7
2024;8;Espectaculos;Música;Aragón;Huesca;72;148;773,28;10,74;29
2024;8;Actividades;Actividades infantiles;Aragón;Huesca;72;148;773,28;10,74;29
2024;8;Actividades;Gastronomía;Aragón;Huesca;72;148;773,28;10,74;29
2024;8;Espectaculos;Música;Aragón;Huesca;55;113;878,9;15,98;28
2024;8;Espectaculos;Cultura, teatro y danza;Aragón;Huesca;111;228;1213,23;10,93;46
2024;8;Espectaculos;Musicales;Aragón;Huesca;40;82;236,8;5,92;17
2024;8;Espectaculos;Cultura, teatro y danza;Aragón;Huesca;136;280;802,4;5,9;60
2024;8;Espectaculos;Música;Andalucía;Jaén;25;51;202;8,08;12
2024;8;Actividades;Actividades infantiles;Andalucía;Jaén;25;51;202;8,08;12
2024;8;Espectaculos;Música;Andalucía;Jaén;32;66;640;20;22
2024;8;Espectaculos;Música;Andalucía;Jaén;16;33;117,76;7,36;8
2024;8;Espectaculos;Música;Andalucía;Jaén;163;335;1555,02;9,54;61
2024;8;Espectaculos;Música;Andalucía;Jaén;47;97;970,08;20,64;25
2024;8;Espectaculos;Música;Andalucía;Jaén;401;825;7093,69;17,69;186
2024;8;Espectaculos;Cultura, teatro y danza;Andalucía;Jaén;4;8;137,52;34,38;2
2024;8;Espectaculos;Música;Castilla y León;León;158;325;3319,58;21,01;83
2024;8;Espectaculos;Música;Castilla y León;León;8;16;87,12;10,89;4
2024;8;Espectaculos;Música;Castilla y León;León;117;241;1346,67;11,51;46
2024;8;Actividades;Actividades infantiles;Castilla y León;León;117;241;1346,67;11,51;46
2024;8;Actividades;Gastronomía;Castilla y León;León;117;241;1346,67;11,51;46
2024;8;Espectaculos;Música;Castilla y León;León;55;113;660;12;31
2024;8;Espectaculos;Música;Castilla y León;León;175;360;1963,5;11,22;70
2024;8;Actividades;Actividades infantiles;Castilla y León;León;175;360;1963,5;11,22;70
2024;8;Actividades;Gastronomía;Castilla y León;León;175;360;1963,5;11,22;70
2024;8;Espectaculos;Música;Cataluña;Lleida;35;72;468,65;13,39;23
2024;8;Espectaculos;Música;Cataluña;Lleida;18;37;181,26;10,07;10
2024;8;Espectaculos;Música;Cataluña;Lleida;162;333;2715,12;16,76;68
2024;8;Espectaculos;Cultura, teatro y danza;Cataluña;Lleida;2;4;32,4;16,2;1
2024;8;Espectaculos;Música;Cataluña;Lleida;10;21;100,7;10,07;5
2024;8;Espectaculos;Música;Cataluña;Lleida;213;438;6805,35;31,95;102
2024;8;Espectaculos;Música;Cataluña;Lleida;58;119;1286,44;22,18;40
2024;8;Espectaculos;Música;La Rioja;La Rioja;57;117;855;15;24
2024;8;Espectaculos;Música;La Rioja;La Rioja;48;99;493,92;10,29;24
2024;8;Espectaculos;Cultura, teatro y danza;La Rioja;La Rioja;178;366;1060,88;5,96;72
2024;8;Espectaculos;Música;La Rioja;La Rioja;11;23;143;13;3
2024;8;Espectaculos;Cultura, teatro y danza;La Rioja;La Rioja;166;341;3240,32;19,52;56
2024;8;Espectaculos;Música;La Rioja;La Rioja;157;323;1770,96;11,28;65
2024;8;Actividades;Actividades infantiles;La Rioja;La Rioja;157;323;1770,96;11,28;65
2024;8;Actividades;Gastronomía;La Rioja;La Rioja;157;323;1770,96;11,28;65
2024;8;Espectaculos;Cultura, teatro y danza;La Rioja;La Rioja;415;853;4137,55;9,97;153
2024;8;Espectaculos;Música;La Rioja;La Rioja;875;1687;18112,5;20,7;466
2024;8;Espectaculos;Música;Galicia;Lugo;11;23;161,15;14,65;3
2024;8;Espectaculos;Música;Galicia;Lugo;6;12;60;10;4
2024;8;Espectaculos;Música;Comunidad de Madrid;Madrid;19;39;182,21;9,59;13
2024;8;Espectaculos;Música;Comunidad de Madrid;Madrid;1;2;10;10;1
2024;8;Espectaculos;Música;Comunidad de Madrid;Madrid;16;33;452,32;28,27;9
2024;8;Espectaculos;Música;Comunidad de Madrid;Madrid;5;10;67,5;13,5;3
2024;8;Espectaculos;Música;Comunidad de Madrid;Madrid;157;323;2367,56;15,08;84
2024;8;Espectaculos;Cultura, teatro y danza;Comunidad de Madrid;Madrid;13;27;91;7;7
2024;8;Espectaculos;Música;Comunidad de Madrid;Madrid;136;311;9000,48;66,18;79
2024;8;Actividades;Cursos;Comunidad de Madrid;Madrid;516;1061;18209,64;35,29;328
2024;8;Espectaculos;Cine;Comunidad de Madrid;Madrid;32;66;272;8,5;22
2024;8;Espectaculos;Musicales;Comunidad de Madrid;Madrid;8;16;172;21,5;4
2024;8;Espectaculos;Música;Comunidad de Madrid;Madrid;12739;24539;189556,32;14,88;6932
2024;8;Actividades;Deportes y aventuras;Comunidad de Madrid;Madrid;44;86;470,36;10,69;23
2024;8;Actividades;Actividades infantiles;Comunidad de Madrid;Madrid;511;981;6177,99;12,09;226
2024;8;Espectaculos;Cultura, teatro y danza;Comunidad de Madrid;Madrid;440;1020;4694,8;10,67;223
2024;8;Actividades;Gastronomía;Comunidad de Madrid;Madrid;503;1034;10256,17;20,39;220
2024;8;Espectaculos;Música;Comunidad de Madrid;Madrid;11;23;132;12;4
2024;8;Espectaculos;Música;Comunidad de Madrid;Madrid;38;78;3000,1;78,95;20
2024;8;Espectaculos;Cultura, teatro y danza;Comunidad de Madrid;Madrid;8;16;56;7;5
2024;8;Espectaculos;Música;Comunidad de Madrid;Madrid;1;2;25;25;1
2024;8;Espectaculos;Música;Comunidad de Madrid;Madrid;20;41;140;7;11
2024;8;Espectaculos;Música;Comunidad de Madrid;Madrid;14;31;195,02;13,93;4
2024;8;Espectaculos;Música;Comunidad de Madrid;Madrid;7;14;92,61;13,23;3
2024;8;Espectaculos;Música;Andalucía;Málaga;5;10;125;25;3
2024;8;Espectaculos;Cultura, teatro y danza;Andalucía;Málaga;16;33;200;12,5;7
2024;8;Espectaculos;Música;Andalucía;Málaga;28;58;292,04;10,43;16
2024;8;Espectaculos;Música;Andalucía;Málaga;1412;4810;26799,76;18,98;722
2024;8;Actividades;Deportes y aventuras;Andalucía;Málaga;10;44;43,1;4,31;2
2024;8;Espectaculos;Cultura, teatro y danza;Andalucía;Málaga;204;419;5359,08;26,27;89
2024;8;Espectaculos;Música;Andalucía;Málaga;25;51;754,5;30,18;10
2024;8;Espectaculos;Cultura, teatro y danza;Andalucía;Málaga;2;4;80;40;2
2024;8;Espectaculos;Música;Andalucía;Málaga;26;53;751,66;28,91;19
2024;8;Espectaculos;Cultura, teatro y danza;Andalucía;Málaga;7;14;245;35;4
2024;8;Espectaculos;Música;Andalucía;Málaga;35;72;551,95;15,77;9
2024;8;Actividades;Gastronomía;Andalucía;Málaga;35;72;551,95;15,77;9
2024;8;Espectaculos;Música;Andalucía;Málaga;125;257;2213,75;17,71;72
2024;8;Actividades;Deportes y aventuras;Andalucía;Málaga;46;95;219,88;4,78;36
2024;8;Espectaculos;Música;Región de Murcia;Murcia;244;502;4987,36;20,44;91
2024;8;Espectaculos;Cultura, teatro y danza;Región de Murcia;Murcia;12;25;111,36;9,28;3
2024;8;Espectaculos;Música;Región de Murcia;Murcia;12;25;123,96;10,33;8
2024;8;Espectaculos;Cultura, teatro y danza;Región de Murcia;Murcia;163;335;2193,98;13,46;37
2024;8;Espectaculos;Musicales;Región de Murcia;Murcia;55;113;526,35;9,57;27
2024;8;Espectaculos;Música;Región de Murcia;Murcia;438;901;5549,46;12,67;290
2024;8;Actividades;Actividades infantiles;Región de Murcia;Murcia;5;10;61,85;12,37;3
2024;8;Espectaculos;Cultura, teatro y danza;Región de Murcia;Murcia;55;113;526,35;9,57;27
2024;8;Espectaculos;Cultura, teatro y danza;Región de Murcia;Murcia;12;25;577,56;48,13;5
2024;8;Espectaculos;Música;Comunidad Foral de Navarra;Navarra;40;82;417,2;10,43;15
2024;8;Actividades;Actividades infantiles;Comunidad Foral de Navarra;Navarra;40;82;417,2;10,43;15
2024;8;Espectaculos;Música;Comunidad Foral de Navarra;Navarra;283;582;8308,88;29,36;139
2024;8;Actividades;Actividades infantiles;Comunidad Foral de Navarra;Navarra;283;582;8308,88;29,36;139
2024;8;Espectaculos;Música;Comunidad Foral de Navarra;Navarra;47;97;825,79;17,57;39
2024;8;Espectaculos;Música;Comunidad Foral de Navarra;Navarra;488;1003;9769,76;20,02;265
2024;8;Actividades;Deportes y aventuras;Comunidad Foral de Navarra;Navarra;25;51;934,5;37,38;10
2024;8;Espectaculos;Música;Comunidad Foral de Navarra;Navarra;54;111;1277,1;23,65;30
2024;8;Espectaculos;Cultura, teatro y danza;Galicia;Ourense;22;45;2420;110;10
2024;8;Espectaculos;Música;Galicia;Ourense;41;84;428,45;10,45;14
2024;8;Actividades;Actividades infantiles;Galicia;Ourense;41;84;428,45;10,45;14
2024;8;Actividades;Gastronomía;Galicia;Ourense;41;84;428,45;10,45;14
2024;8;Espectaculos;Música;Principado de Asturias;Asturias;10;21;180;18;5
2024;8;Espectaculos;Música;Principado de Asturias;Asturias;115;236;2320,7;20,18;54
2024;8;Espectaculos;Música;Principado de Asturias;Asturias;415;853;6341,2;15,28;243
2024;8;Actividades;Deportes y aventuras;Principado de Asturias;Asturias;6;12;559,92;93,32;6
2024;8;Actividades;Actividades infantiles;Principado de Asturias;Asturias;179;368;2022,7;11,3;85
2024;8;Actividades;Gastronomía;Principado de Asturias;Asturias;179;368;2022,7;11,3;85
2024;8;Espectaculos;Música;Principado de Asturias;Asturias;122;251;1324,92;10,86;50
2024;8;Actividades;Actividades infantiles;Principado de Asturias;Asturias;122;251;1324,92;10,86;50
2024;8;Actividades;Gastronomía;Principado de Asturias;Asturias;122;251;1324,92;10,86;50
2024;8;Espectaculos;Música;Principado de Asturias;Asturias;205;422;2099,2;10,24;72
2024;8;Actividades;Gastronomía;Principado de Asturias;Asturias;205;422;2099,2;10,24;72
2024;8;Espectaculos;Música;Principado de Asturias;Asturias;27;56;504,9;18,7;17
2024;8;Espectaculos;Música;Principado de Asturias;Asturias;245;503;5979,225;24,405;154
2024;8;Espectaculos;Música;Principado de Asturias;Asturias;146;300;1868,8;12,8;72
2024;8;Espectaculos;Música;Castilla y León;Palencia;52;107;962;18,5;35
2024;8;Espectaculos;Música;Castilla y León;Palencia;23;47;501,4;21,8;12
2024;8;Espectaculos;Música;Canarias;Las Palmas;7;14;115,5;16,5;2
2024;8;Espectaculos;Música;Canarias;Las Palmas;135;278;2620,35;19,41;85
2024;8;Actividades;Cursos;Canarias;Las Palmas;2;4;10;5;2
2024;8;Actividades;Deportes y aventuras;Canarias;Las Palmas;16;33;160;10;16
2024;8;Actividades;Cursos;Canarias;Las Palmas;11;23;374;34;10
2024;8;Espectaculos;Musicales;Canarias;Las Palmas;102;210;916,98;8,99;53
2024;8;Espectaculos;Música;Canarias;Las Palmas;162;313;1952,91;12,055;108
2024;8;Actividades;Deportes y aventuras;Canarias;Las Palmas;59;121;708;12;34
2024;8;Actividades;Actividades infantiles;Canarias;Las Palmas;7;14;42;6;3
2024;8;Espectaculos;Cultura, teatro y danza;Canarias;Las Palmas;589;1211;5683,85;9,65;277
2024;8;Actividades;Gastronomía;Canarias;Las Palmas;196;403;2193,24;11,19;86
2024;8;Espectaculos;Cultura, teatro y danza;Canarias;Las Palmas;8;16;158,4;19,8;5
2024;8;Espectaculos;Cultura, teatro y danza;Canarias;Las Palmas;2;4;33;16,5;1
2024;8;Espectaculos;Conferencias;Canarias;Las Palmas;76;156;1991,2;26,2;35
2024;8;Espectaculos;Música;Canarias;Las Palmas;9;19;45,54;5,06;4
2024;8;Actividades;Actividades infantiles;Canarias;Las Palmas;125;257;1316,25;10,53;34
2024;8;Espectaculos;Cultura, teatro y danza;Canarias;Las Palmas;1519;3124;21311,57;14,03;485
2024;8;Espectaculos;Conferencias;Canarias;Las Palmas;48;99;225,12;4,69;32
2024;8;Espectaculos;Ferias;Canarias;Las Palmas;48;99;225,12;4,69;32
2024;8;Espectaculos;Cultura, teatro y danza;Canarias;Las Palmas;2;4;22;11;1
2024;8;Actividades;Gastronomía;Canarias;Las Palmas;2;4;22;11;1
2024;8;Espectaculos;Cultura, teatro y danza;Galicia;Pontevedra;17;35;110,16;6,48;7
2024;8;Espectaculos;Música;Galicia;Pontevedra;44;90;975,04;22,16;36
2024;8;Actividades;Deportes y aventuras;Galicia;Pontevedra;2;4;148;74;1
2024;8;Actividades;Actividades infantiles;Galicia;Pontevedra;2;4;148;74;1
2024;8;Espectaculos;Conferencias;Galicia;Pontevedra;86;177;454,94;5,29;40
2024;8;Espectaculos;Música;Galicia;Pontevedra;153;315;2362,32;15,44;82
2024;8;Espectaculos;Cultura, teatro y danza;Galicia;Pontevedra;18;37;240,3;13,35;8
2024;8;Espectaculos;Cultura, teatro y danza;Castilla y León;Salamanca;6653;13681;58413,34;8,78;1368
2024;8;Espectaculos;Música;Castilla y León;Salamanca;51;105;449,82;8,82;13
2024;8;Espectaculos;Música;Castilla y León;Salamanca;122;251;1076,04;8,82;94
2024;8;Actividades;Deportes y aventuras;Castilla y León;Salamanca;37;76;120,99;3,27;36
2024;8;Espectaculos;Cultura, teatro y danza;Castilla y León;Salamanca;44;90;353,76;8,04;18
2024;8;Espectaculos;Música;Castilla y León;Salamanca;13;27;390;30;8
2024;8;Espectaculos;Cultura, teatro y danza;Castilla y León;Salamanca;640;1316;1984;3,1;148
2024;8;Espectaculos;Museo y exposiciones;Castilla y León;Salamanca;640;1316;1984;3,1;148
2024;8;Espectaculos;Música;Canarias;Santa Cruz de Tenerife;19;39;292,6;15,4;9
2024;8;Espectaculos;Cultura, teatro y danza;Canarias;Santa Cruz de Tenerife;3;6;60,99;20,33;1
2024;8;Espectaculos;Museo y exposiciones;Canarias;Santa Cruz de Tenerife;3;6;60,99;20,33;1
2024;8;Espectaculos;Música;Canarias;Santa Cruz de Tenerife;45;93;1627,65;36,17;26
2024;8;Actividades;Actividades infantiles;Canarias;Santa Cruz de Tenerife;170;350;3189,2;18,76;62
2024;8;Espectaculos;Cultura, teatro y danza;Canarias;Santa Cruz de Tenerife;170;350;3189,2;18,76;62
2024;8;Espectaculos;Música;Canarias;Santa Cruz de Tenerife;542;1115;6200,48;11,44;482
2024;8;Espectaculos;Música;Canarias;Santa Cruz de Tenerife;27;125;81;3;13
2024;8;Actividades;Actividades infantiles;Canarias;Santa Cruz de Tenerife;11;118;33;3;3
2024;8;Espectaculos;Cultura, teatro y danza;Canarias;Santa Cruz de Tenerife;35;86;105;3;14
2024;8;Espectaculos;Música;Canarias;Santa Cruz de Tenerife;14;29;231,14;16,51;7
2024;8;Actividades;Deportes y aventuras;Canarias;Santa Cruz de Tenerife;117;241;1772,55;15,15;54
2024;8;Espectaculos;Música;Canarias;Santa Cruz de Tenerife;541;1112;8136,64;15,04;412
2024;8;Espectaculos;Cultura, teatro y danza;Canarias;Santa Cruz de Tenerife;354;728;2562,96;7,24;167
2024;8;Espectaculos;Cultura, teatro y danza;Canarias;Santa Cruz de Tenerife;25;51;318,25;12,73;13
2024;8;Espectaculos;Música;Canarias;Santa Cruz de Tenerife;52;107;1062,36;20,43;29
2024;8;Espectaculos;Música;Canarias;Santa Cruz de Tenerife;1;2;6;6;1
2024;8;Espectaculos;Música;Canarias;Santa Cruz de Tenerife;412;847;10889,16;26,43;221
2024;8;Espectaculos;Cultura, teatro y danza;Canarias;Santa Cruz de Tenerife;43;88;1079,73;25,11;20
2024;8;Espectaculos;Museo y exposiciones;Canarias;Santa Cruz de Tenerife;20;41;408;20,4;8
2024;8;Espectaculos;Música;Canarias;Santa Cruz de Tenerife;152;313;4111,6;27,05;87
2024;8;Espectaculos;Musicales;Canarias;Santa Cruz de Tenerife;185;380;2031,3;10,98;102
2024;8;Espectaculos;Música;Canarias;Santa Cruz de Tenerife;275;565;3234;11,76;165
2024;8;Actividades;Actividades infantiles;Canarias;Santa Cruz de Tenerife;68;140;750,04;11,03;36
2024;8;Espectaculos;Cultura, teatro y danza;Canarias;Santa Cruz de Tenerife;293;602;3293,32;11,24;151
2024;8;Espectaculos;Música;Canarias;Santa Cruz de Tenerife;139;286;1501,2;10,8;62
2024;8;Espectaculos;Cultura, teatro y danza;Canarias;Santa Cruz de Tenerife;9;19;100,44;11,16;4
2024;8;Espectaculos;Música;Canarias;Santa Cruz de Tenerife;5;10;185;37;3
2024;8;Espectaculos;Música;Cantabria;Cantabria;389;800;4259,55;10,95;155
2024;8;Actividades;Actividades infantiles;Cantabria;Cantabria;389;800;4259,55;10,95;155
2024;8;Actividades;Gastronomía;Cantabria;Cantabria;389;800;4259,55;10,95;155
2024;8;Espectaculos;Música;Cantabria;Cantabria;39;80;460,98;11,82;19
2024;8;Espectaculos;Música;Cantabria;Cantabria;23;47;287,73;12,51;12
2024;8;Espectaculos;Música;Cantabria;Cantabria;184;378;1985,36;10,79;69
2024;8;Actividades;Actividades infantiles;Cantabria;Cantabria;184;378;1985,36;10,79;69
2024;8;Actividades;Gastronomía;Cantabria;Cantabria;184;378;1985,36;10,79;69
2024;8;Espectaculos;Música;Cantabria;Cantabria;20;41;115;5,75;14
2024;8;Espectaculos;Música;Castilla y León;Segovia;34;70;515,44;15,16;22
2024;8;Espectaculos;Música;Castilla y León;Segovia;256;526;824,32;3,22;78
2024;8;Actividades;Cursos;Andalucía;Sevilla;4;8;186,64;46,66;3
2024;8;Espectaculos;Música;Andalucía;Sevilla;3;6;30,93;10,31;2
2024;8;Espectaculos;Conferencias;Andalucía;Sevilla;14;29;99,96;7,14;12
2024;8;Actividades;Cursos;Andalucía;Sevilla;1;2;110;110;1
2024;8;Espectaculos;Cine;Andalucía;Sevilla;345;709;2025,15;5,87;130
2024;8;Espectaculos;Ferias;Andalucía;Sevilla;14;29;99,96;7,14;12
2024;8;Espectaculos;Música;Andalucía;Sevilla;1520;3018;20596;13,55;861
2024;8;Actividades;Actividades infantiles;Andalucía;Sevilla;288;592;3548,16;12,32;101
2024;8;Espectaculos;Cultura, teatro y danza;Andalucía;Sevilla;185;489;2412,4;13,04;81
2024;8;Espectaculos;Museo y exposiciones;Andalucía;Sevilla;20;41;260;13;11
2024;8;Espectaculos;Música;Castilla y León;Soria;776;1596;9288,72;11,97;672
2024;8;Actividades;Deportes y aventuras;Castilla y León;Soria;321;660;2102,55;6,55;195
2024;8;Espectaculos;Música;Castilla y León;Soria;179;368;4827,63;26,97;114
2024;8;Espectaculos;Música;Castilla y León;Soria;3;6;38,28;12,76;1
2024;8;Espectaculos;Música;Castilla y León;Soria;152;313;1592,96;10,48;58
2024;8;Actividades;Actividades infantiles;Castilla y León;Soria;152;313;1592,96;10,48;58
2024;8;Actividades;Gastronomía;Castilla y León;Soria;152;313;1592,96;10,48;58
2024;8;Espectaculos;Música;Cataluña;Tarragona;20;41;121,8;6,09;9
2024;8;Espectaculos;Cultura, teatro y danza;Cataluña;Tarragona;17;35;136;8;7
2024;8;Espectaculos;Música;Cataluña;Tarragona;2;4;24;12;1
2024;8;Actividades;Actividades infantiles;Cataluña;Tarragona;78;160;1427,4;18,3;30
2024;8;Espectaculos;Cultura, teatro y danza;Cataluña;Tarragona;78;160;1427,4;18,3;30
2024;8;Espectaculos;Museo y exposiciones;Cataluña;Tarragona;78;160;1427,4;18,3;30
2024;8;Actividades;Deportes y aventuras;Cataluña;Tarragona;137;282;4658;34;114
2024;8;Espectaculos;Musicales;Cataluña;Tarragona;55;113;968;17,6;15
2024;8;Espectaculos;Música;Cataluña;Tarragona;749;1540;3887,31;5,19;348
2024;8;Actividades;Actividades infantiles;Cataluña;Tarragona;55;113;968;17,6;15
2024;8;Espectaculos;Cultura, teatro y danza;Cataluña;Tarragona;55;113;968;17,6;15
2024;8;Espectaculos;Música;Cataluña;Tarragona;328;674;3906,48;11,91;150
2024;8;Espectaculos;Música;Cataluña;Tarragona;336;691;4549,44;13,54;175
2024;8;Espectaculos;Música;Cataluña;Tarragona;55;113;396;7,2;32
2024;8;Espectaculos;Música;Cataluña;Tarragona;163;335;1532,2;9,4;60
2024;8;Espectaculos;Música;Cataluña;Tarragona;91;187;1104,74;12,14;54
2024;8;Actividades;Actividades infantiles;Cataluña;Tarragona;86;177;807,54;9,39;46
2024;8;Espectaculos;Música;Cataluña;Tarragona;1;2;10;10;1
2024;8;Espectaculos;Música;Cataluña;Tarragona;159;327;4188,06;26,34;63
2024;8;Espectaculos;Música;Cataluña;Tarragona;58;119;726,74;12,53;23
2024;8;Espectaculos;Música;Cataluña;Tarragona;163;335;815;5;72
2024;8;Espectaculos;Música;Cataluña;Tarragona;15;31;210;14;7
2024;8;Espectaculos;Música;Cataluña;Tarragona;3;6;30;10;3
2024;8;Espectaculos;Música;Aragón;Teruel;11;23;318,78;28,98;5
2024;8;Espectaculos;Cultura, teatro y danza;Aragón;Teruel;18;37;279,9;15,55;7
2024;8;Espectaculos;Música;Aragón;Teruel;128;263;2440,96;19,07;107
2024;8;Espectaculos;Música;Aragón;Teruel;49;101;775,67;15,83;29
2024;8;Espectaculos;Música;Aragón;Teruel;49;101;898,17;18,33;20
2024;8;Espectaculos;Musicales;Aragón;Teruel;141;290;1033,53;7,33;64
2024;8;Espectaculos;Cultura, teatro y danza;Aragón;Teruel;141;290;1033,53;7,33;64
2024;8;Espectaculos;Música;Aragón;Teruel;66;136;1956,24;29,64;33
2024;8;Espectaculos;Cultura, teatro y danza;Aragón;Teruel;8;16;127,6;15,95;4
2024;8;Espectaculos;Música;Castilla - La Mancha;Toledo;6;12;569,58;94,93;5
2024;8;Espectaculos;Música;Castilla - La Mancha;Toledo;4;8;60;15;2
2024;8;Actividades;Actividades infantiles;Castilla - La Mancha;Toledo;2;4;24;12;1
2024;8;Actividades;Actividades infantiles;Castilla - La Mancha;Toledo;62;127;990,76;15,98;20
2024;8;Espectaculos;Cultura, teatro y danza;Castilla - La Mancha;Toledo;62;127;990,76;15,98;20
2024;8;Espectaculos;Museo y exposiciones;Castilla - La Mancha;Toledo;50;103;348;6,96;13
2024;8;Espectaculos;Música;Comunitat Valenciana;Valencia/València;29;60;436,45;15,05;16
2024;8;Espectaculos;Cultura, teatro y danza;Comunitat Valenciana;Valencia/València;48;99;840,96;17,52;16
2024;8;Espectaculos;Música;Comunitat Valenciana;Valencia/València;3;6;54;18;2
2024;8;Actividades;Cursos;Comunitat Valenciana;Valencia/València;24;49;353,28;14,72;10
2024;8;Espectaculos;Música;Comunitat Valenciana;Valencia/València;157;673;1752,12;11,16;71
2024;8;Actividades;Actividades infantiles;Comunitat Valenciana;Valencia/València;120;247;1480,8;12,34;53
2024;8;Espectaculos;Música;Comunitat Valenciana;Valencia/València;3;6;58,89;19,63;3
2024;8;Espectaculos;Música;Comunitat Valenciana;Valencia/València;198;407;4722,3;23,85;109
2024;8;Espectaculos;Musicales;Comunitat Valenciana;Valencia/València;19;39;176,7;9,3;7
2024;8;Espectaculos;Música;Comunitat Valenciana;Valencia/València;1023;2103;16674,9;16,3;497
2024;8;Actividades;Actividades infantiles;Comunitat Valenciana;Valencia/València;61;125;567,3;9,3;18
2024;8;Espectaculos;Cultura, teatro y danza;Comunitat Valenciana;Valencia/València;320;658;12326,4;38,52;126
2024;8;Espectaculos;Cultura, teatro y danza;Castilla y León;Valladolid;87;179;421,08;4,84;31
2024;8;Espectaculos;Música;Castilla y León;Valladolid;88;181;706,64;8,03;41
2024;8;Espectaculos;Música;Castilla y León;Valladolid;17;35;102,51;6,03;8
2024;8;Espectaculos;Cultura, teatro y danza;Castilla y León;Valladolid;57;117;285;5;9
2024;8;Espectaculos;Cultura, teatro y danza;Castilla y León;Valladolid;52;107;1108,64;21,32;39
2024;8;Espectaculos;Música;Castilla y León;Valladolid;54;111;322,38;5,97;24
2024;8;Espectaculos;Cultura, teatro y danza;Castilla y León;Valladolid;207;426;1229,58;5,94;80
2024;8;Espectaculos;Música;Castilla y León;Valladolid;445;915;7266,85;16,33;227
2024;8;Actividades;Actividades infantiles;Castilla y León;Valladolid;3;6;37,11;12,37;2
2024;8;Espectaculos;Cultura, teatro y danza;Castilla y León;Valladolid;9474;19482;109140,48;11,52;3185
2024;8;Espectaculos;Cultura, teatro y danza;País Vasco;Bizkaia;1772;3644;15823,96;8,93;601
2024;8;Espectaculos;Música;País Vasco;Bizkaia;657;1350;8816,94;13,42;363
2024;8;Actividades;Deportes y aventuras;País Vasco;Bizkaia;6;12;93,6;15,6;3
2024;8;Actividades;Actividades infantiles;País Vasco;Bizkaia;7;14;72,03;10,29;3
2024;8;Espectaculos;Cultura, teatro y danza;País Vasco;Bizkaia;10;21;123,6;12,36;5
2024;8;Actividades;Gastronomía;País Vasco;Bizkaia;5;10;41,05;8,21;2
2024;8;Actividades;Actividades infantiles;País Vasco;Bizkaia;1476;3035;228292,92;154,67;394
2024;8;Espectaculos;Cultura, teatro y danza;País Vasco;Bizkaia;1475;3033;13776,5;9,34;393
2024;8;Espectaculos;Museo y exposiciones;País Vasco;Bizkaia;1475;3033;13776,5;9,34;393
2024;8;Espectaculos;Música;País Vasco;Bizkaia;1;2;18;18;1
2024;8;Actividades;Deportes y aventuras;País Vasco;Bizkaia;1800;3701;37494;20,83;1800
2024;8;Espectaculos;Música;País Vasco;Bizkaia;65;134;1086,8;16,72;44
2024;8;Actividades;Actividades infantiles;País Vasco;Bizkaia;6;12;1296;216;5
2024;8;Espectaculos;Cultura, teatro y danza;Castilla y León;Zamora;62;127;499,1;8,05;22
2024;8;Espectaculos;Cultura, teatro y danza;Castilla y León;Zamora;1;2;8;8;1
2024;8;Espectaculos;Cultura, teatro y danza;Castilla y León;Zamora;17;35;136;8;9
2024;8;Espectaculos;Cultura, teatro y danza;Castilla y León;Zamora;78;160;628,68;8,06;28
2024;8;Espectaculos;Cultura, teatro y danza;Castilla y León;Zamora;19;39;152;8;7
2024;8;Espectaculos;Cultura, teatro y danza;Castilla y León;Zamora;38;78;304;8;20
2024;8;Espectaculos;Cultura, teatro y danza;Castilla y León;Zamora;116;239;934,96;8,06;50
2024;8;Espectaculos;Cultura, teatro y danza;Castilla y León;Zamora;68;140;545,36;8,02;24
2024;8;Espectaculos;Música;Castilla y León;Zamora;392;806;5754,56;14,68;177
2024;8;Actividades;Deportes y aventuras;Aragón;Zaragoza;5;625;115;23;2
2024;8;Espectaculos;Música;Aragón;Zaragoza;44;90;706,2;16,05;20
2024;8;Espectaculos;Cultura, teatro y danza;Aragón;Zaragoza;29;60;435;15;12
2024;8;Espectaculos;Música;Aragón;Zaragoza;29;60;375,55;12,95;10
2024;8;Espectaculos;Música;Aragón;Zaragoza;8;16;55,36;6,92;7
2024;8;Actividades;Actividades infantiles;Aragón;Zaragoza;8;16;55,36;6,92;7
2024;8;Actividades;Cursos;Aragón;Zaragoza;8;16;1026,32;128,29;8
2024;8;Espectaculos;Música;Aragón;Zaragoza;1949;4008;28396,93;14,57;1205
2024;8;Actividades;Actividades infantiles;Aragón;Zaragoza;90;185;789,3;8,77;36
2024;8;Espectaculos;Cultura, teatro y danza;Aragón;Zaragoza;58;119;615,67;10,615;23
2024;8;Espectaculos;Música;Ceuta;Ceuta;11;23;67,54;6,14;6
2024;8;Espectaculos;Cultura, teatro y danza;Ceuta;Ceuta;12;25;85,8;7,15;6
2024;8;Espectaculos;Conferencias;Total Nacional;Total Nacional;258;531;16692,9612;64,7014;142
2024;8;Actividades;Cursos;Total Nacional;Total Nacional;876;1824;37562,88;42,88;559
2024;8;Espectaculos;Cine;Total Nacional;Total Nacional;891;2154;6605,6958;7,4138;410
2024;8;Espectaculos;Musicales;Total Nacional;Total Nacional;1152;2366;13582,7712;11,7906;487
2024;8;Espectaculos;Parques temáticos;Total Nacional;Total Nacional;202;415;2583,58;12,79;128
2024;8;Espectaculos;Ferias;Total Nacional;Total Nacional;73;151;3086,1991;42,2767;51
2024;8;Espectaculos;Música;Total Nacional;Total Nacional;85896;179769;1479859,236;17,2285;46307
2024;8;Actividades;Deportes y aventuras;Total Nacional;Total Nacional;3416;7698;68230,8424;19,9739;2797
2024;8;Actividades;Actividades infantiles;Total Nacional;Total Nacional;8879;18308;177952,0301;20,0419;3538
2024;8;Espectaculos;Cultura, teatro y danza;Total Nacional;Total Nacional;34242;70519;466194,5574;13,6147;11388
2024;8;Espectaculos;Museo y exposiciones;Total Nacional;Total Nacional;2901;5965;39763,1367;13,7067;809
2024;8;Actividades;Gastronomía;Total Nacional;Total Nacional;3534;7266;62938,0662;17,8093;1495
2024;9;Espectaculos;Cultura, teatro y danza;País Vasco;Araba/Álava;37;84;1054,5;28,5;33
2024;9;Espectaculos;Música;País Vasco;Araba/Álava;206;857;2163;10,5;123
2024;9;Actividades;Actividades infantiles;País Vasco;Araba/Álava;9;57;107,64;11,96;4
2024;9;Espectaculos;Cultura, teatro y danza;País Vasco;Araba/Álava;305;701;2363,75;7,75;130
2024;9;Espectaculos;Museo y exposiciones;País Vasco;Araba/Álava;3;7;73,62;24,54;1
2024;9;Actividades;Actividades infantiles;País Vasco;Araba/Álava;55;125;165;3;36
2024;9;Espectaculos;Música;Castilla - La Mancha;Albacete;47;107;1129,41;24,03;31
2024;9;Espectaculos;Musicales;Castilla - La Mancha;Albacete;330;749;3560,7;10,79;133
2024;9;Espectaculos;Música;Castilla - La Mancha;Albacete;163;370;1727,8;10,6;71
2024;9;Actividades;Actividades infantiles;Castilla - La Mancha;Albacete;80;181;1320;16,5;26
2024;9;Espectaculos;Cultura, teatro y danza;Castilla - La Mancha;Albacete;841;1908;8670,71;10,31;319
2024;9;Actividades;Gastronomía;Castilla - La Mancha;Albacete;15;34;180;12;6
2024;9;Espectaculos;Cultura, teatro y danza;Castilla - La Mancha;Albacete;18;41;178,2;9,9;9
2024;9;Espectaculos;Música;Castilla - La Mancha;Albacete;4;9;54;13,5;2
2024;9;Espectaculos;Musicales;Comunitat Valenciana;Alicante/Alacant;7;16;28,84;4,12;3
2024;9;Actividades;Actividades infantiles;Comunitat Valenciana;Alicante/Alacant;30;118;123,6;4,12;13
2024;9;Espectaculos;Cultura, teatro y danza;Comunitat Valenciana;Alicante/Alacant;137;311;564,44;4,12;63
2024;9;Espectaculos;Cine;Comunitat Valenciana;Alicante/Alacant;69;157;898,38;13,02;29
2024;9;Espectaculos;Música;Comunitat Valenciana;Alicante/Alacant;801;1818;12279,33;15,33;421
2024;9;Actividades;Deportes y aventuras;Comunitat Valenciana;Alicante/Alacant;86;195;2150;25;72
2024;9;Espectaculos;Cultura, teatro y danza;Comunitat Valenciana;Alicante/Alacant;144;326;2626,56;18,24;57
2024;9;Actividades;Gastronomía;Comunitat Valenciana;Alicante/Alacant;77;175;1071,84;13,92;34
2024;9;Actividades;Deportes y aventuras;Comunitat Valenciana;Alicante/Alacant;1;2;108,03;108,03;1
2024;9;Actividades;Actividades infantiles;Comunitat Valenciana;Alicante/Alacant;22;50;1560,68;70,94;21
2024;9;Espectaculos;Música;Comunitat Valenciana;Alicante/Alacant;17;39;623,56;36,68;13
2024;9;Espectaculos;Música;Comunitat Valenciana;Alicante/Alacant;104;236;1504,88;14,47;42
2024;9;Actividades;Gastronomía;Comunitat Valenciana;Alicante/Alacant;58;132;899,58;15,51;25
2024;9;Espectaculos;Música;Comunitat Valenciana;Alicante/Alacant;128;290;1196,8;9,35;51
2024;9;Espectaculos;Música;Comunitat Valenciana;Alicante/Alacant;30;68;696;23,2;17
2024;9;Espectaculos;Cine;Comunitat Valenciana;Alicante/Alacant;9;20;45;5;5
2024;9;Espectaculos;Musicales;Comunitat Valenciana;Alicante/Alacant;3;7;33;11;1
2024;9;Espectaculos;Música;Comunitat Valenciana;Alicante/Alacant;754;1710;12305,28;16,32;537
2024;9;Actividades;Actividades infantiles;Comunitat Valenciana;Alicante/Alacant;3;7;33;11;1
2024;9;Espectaculos;Cultura, teatro y danza;Comunitat Valenciana;Alicante/Alacant;563;1277;4177,46;7,42;207
2024;9;Actividades;Deportes y aventuras;Comunitat Valenciana;Alicante/Alacant;7;16;169,82;24,26;5
2024;9;Actividades;Actividades infantiles;Comunitat Valenciana;Alicante/Alacant;7;16;169,82;24,26;5
2024;9;Espectaculos;Música;Comunitat Valenciana;Alicante/Alacant;686;1556;8039,92;11,72;395
2024;9;Espectaculos;Cine;Comunitat Valenciana;Alicante/Alacant;125;284;1500;12;50
2024;9;Espectaculos;Música;Comunitat Valenciana;Alicante/Alacant;89;202;1165,01;13,09;45
2024;9;Espectaculos;Cultura, teatro y danza;Comunitat Valenciana;Alicante/Alacant;33;75;323,73;9,81;21
2024;9;Espectaculos;Música;Comunitat Valenciana;Alicante/Alacant;61;138;1536,59;25,19;18
2024;9;Espectaculos;Música;Comunitat Valenciana;Alicante/Alacant;129;292;6157,17;47,73;66
2024;9;Espectaculos;Cultura, teatro y danza;Comunitat Valenciana;Alicante/Alacant;49;111;2819,95;57,55;20
2024;9;Actividades;Deportes y aventuras;Comunitat Valenciana;Alicante/Alacant;38;86;574,94;15,13;38
2024;9;Espectaculos;Música;Comunitat Valenciana;Alicante/Alacant;116;263;3532,2;30,45;49
2024;9;Espectaculos;Cine;Comunitat Valenciana;Alicante/Alacant;198;449;2377,98;12,01;84
2024;9;Espectaculos;Música;Comunitat Valenciana;Alicante/Alacant;478;1084;10363,04;21,68;236
2024;9;Espectaculos;Música;Comunitat Valenciana;Alicante/Alacant;129;293;2613,54;20,26;51
2024;9;Espectaculos;Música;Andalucía;Almería;17;39;441,15;25,95;7
2024;9;Espectaculos;Cultura, teatro y danza;Andalucía;Almería;71;161;1091,98;15,38;22
2024;9;Espectaculos;Musicales;Andalucía;Almería;11;25;135,63;12,33;5
2024;9;Espectaculos;Música;Andalucía;Almería;3250;7177;38935;11,98;3149
2024;9;Espectaculos;Cultura, teatro y danza;Andalucía;Almería;360;817;3945,6;10,96;149
2024;9;Espectaculos;Música;Andalucía;Almería;69;157;724,5;10,5;30
2024;9;Actividades;Cursos;Andalucía;Almería;8;18;55,2;6,9;6
2024;9;Espectaculos;Música;Andalucía;Almería;210;476;1982,4;9,44;106
2024;9;Espectaculos;Música;Andalucía;Almería;1;2;6;6;1
2024;9;Espectaculos;Conferencias;Andalucía;Almería;22;50;660;30;18
2024;9;Espectaculos;Ferias;Andalucía;Almería;22;50;660;30;18
2024;9;Actividades;Actividades infantiles;Andalucía;Almería;6;14;96;16;2
2024;9;Espectaculos;Cultura, teatro y danza;Andalucía;Almería;6;14;96;16;2
2024;9;Espectaculos;Cultura, teatro y danza;Andalucía;Almería;353;801;8327,27;23,59;134
2024;9;Espectaculos;Cultura, teatro y danza;Andalucía;Almería;7;16;215,6;30,8;3
2024;9;Actividades;Deportes y aventuras;Castilla y León;Ávila;111;252;2177,82;19,62;54
2024;9;Espectaculos;Música;Extremadura;Badajoz;378;857;4203,36;11,12;181
2024;9;Espectaculos;Cultura, teatro y danza;Extremadura;Badajoz;23;52;69;3;8
2024;9;Espectaculos;Musicales;Extremadura;Badajoz;6;14;105,6;17,6;2
2024;9;Espectaculos;Música;Extremadura;Badajoz;350;794;4938,5;14,11;173
2024;9;Actividades;Actividades infantiles;Extremadura;Badajoz;6;14;105,6;17,6;2
2024;9;Espectaculos;Cultura, teatro y danza;Extremadura;Badajoz;6;14;105,6;17,6;2
2024;9;Actividades;Deportes y aventuras;Extremadura;Badajoz;26;61;87,88;3,38;16
2024;9;Actividades;Deportes y aventuras;Extremadura;Badajoz;56;127;588;10,5;48
2024;9;Espectaculos;Música;Extremadura;Badajoz;11;25;55;5;8
2024;9;Espectaculos;Musicales;Extremadura;Badajoz;35;79;577,5;16,5;9
2024;9;Espectaculos;Cultura, teatro y danza;Extremadura;Badajoz;35;79;577,5;16,5;9
2024;9;Espectaculos;Musicales;Extremadura;Badajoz;42;95;739,2;17,6;13
2024;9;Actividades;Actividades infantiles;Extremadura;Badajoz;42;95;739,2;17,6;13
2024;9;Espectaculos;Cultura, teatro y danza;Extremadura;Badajoz;42;95;739,2;17,6;13
2024;9;Espectaculos;Música;Illes Balears;Illes Balears;47;107;749,18;15,94;25
2024;9;Espectaculos;Música;Illes Balears;Illes Balears;1;2;12,44;12,44;1
2024;9;Espectaculos;Música;Illes Balears;Illes Balears;97;220;1836,21;18,93;68
2024;9;Actividades;Actividades infantiles;Illes Balears;Illes Balears;5;11;95;19;2
2024;9;Espectaculos;Cultura, teatro y danza;Illes Balears;Illes Balears;25;57;129,5;5,18;13
2024;9;Espectaculos;Música;Illes Balears;Illes Balears;3;7;116,76;38,92;2
2024;9;Espectaculos;Cultura, teatro y danza;Illes Balears;Illes Balears;114;259;1374,84;12,06;44
2024;9;Actividades;Cursos;Illes Balears;Illes Balears;26;59;407,16;15,66;14
2024;9;Espectaculos;Música;Illes Balears;Illes Balears;127;288;1318,26;10,38;51
2024;9;Actividades;Cursos;Illes Balears;Illes Balears;186;422;5018,28;26,98;138
2024;9;Espectaculos;Música;Illes Balears;Illes Balears;591;1341;13746,66;23,26;351
2024;9;Actividades;Deportes y aventuras;Illes Balears;Illes Balears;3;7;93,27;31,09;2
2024;9;Espectaculos;Música;Illes Balears;Illes Balears;330;749;2356,2;7,14;195
2024;9;Espectaculos;Música;Illes Balears;Illes Balears;27;61;435,24;16,12;17
2024;9;Actividades;Cursos;Illes Balears;Illes Balears;56;127;3251,92;58,07;16
2024;9;Espectaculos;Música;Illes Balears;Illes Balears;315;846;7153,65;22,71;201
2024;9;Actividades;Gastronomía;Illes Balears;Illes Balears;56;127;3251,92;58,07;16
2024;9;Espectaculos;Música;Illes Balears;Illes Balears;135;306;1811,7;13,42;72
2024;9;Espectaculos;Conferencias;Illes Balears;Illes Balears;20;45;2510;125,5;15
2024;9;Espectaculos;Ferias;Illes Balears;Illes Balears;20;45;2510;125,5;15
2024;9;Espectaculos;Música;Illes Balears;Illes Balears;988;2241;16143,92;16,34;478
2024;9;Espectaculos;Cultura, teatro y danza;Illes Balears;Illes Balears;26;59;134,68;5,18;16
2024;9;Actividades;Gastronomía;Illes Balears;Illes Balears;18;41;99;5,5;8
2024;9;Espectaculos;Música;Illes Balears;Illes Balears;10;23;124,4;12,44;5
2024;9;Espectaculos;Música;Illes Balears;Illes Balears;12;27;186,48;15,54;6
2024;9;Actividades;Actividades infantiles;Illes Balears;Illes Balears;12;27;186,48;15,54;6
2024;9;Espectaculos;Cultura, teatro y danza;Illes Balears;Illes Balears;42;95;130,62;3,11;19
2024;9;Espectaculos;Música;Illes Balears;Illes Balears;539;1223;7864,01;14,59;286
2024;9;Espectaculos;Cultura, teatro y danza;Illes Balears;Illes Balears;7;16;29,05;4,15;4
2024;9;Espectaculos;Música;Illes Balears;Illes Balears;233;529;9657,85;41,45;133
2024;9;Espectaculos;Música;Illes Balears;Illes Balears;37;84;368,15;9,95;20
2024;9;Espectaculos;Música;Illes Balears;Illes Balears;589;1336;14624,87;24,83;318
2024;9;Espectaculos;Música;Illes Balears;Illes Balears;96;218;1373,76;14,31;54
2024;9;Espectaculos;Música;Illes Balears;Illes Balears;191;433;955;5;82
2024;9;Espectaculos;Cultura, teatro y danza;Illes Balears;Illes Balears;161;351;808,22;5,02;66
2024;9;Espectaculos;Música;Illes Balears;Illes Balears;241;547;3417,38;14,18;108
2024;9;Espectaculos;Cultura, teatro y danza;Illes Balears;Illes Balears;2;5;18;9;1
2024;9;Actividades;Cursos;Illes Balears;Illes Balears;12;27;310,92;25,91;5
2024;9;Espectaculos;Música;Illes Balears;Illes Balears;186;454;1389,42;7,47;81
2024;9;Actividades;Actividades infantiles;Illes Balears;Illes Balears;31;70;155,93;5,03;12
2024;9;Espectaculos;Cultura, teatro y danza;Illes Balears;Illes Balears;163;370;1543,61;9,47;84
2024;9;Actividades;Gastronomía;Illes Balears;Illes Balears;12;27;310,92;25,91;5
2024;9;Espectaculos;Música;Illes Balears;Illes Balears;959;2175;4440,17;4,63;254
2024;9;Espectaculos;Música;Illes Balears;Illes Balears;190;431;3953,9;20,81;110
2024;9;Espectaculos;Música;Illes Balears;Illes Balears;121;274;1384,24;11,44;73
2024;9;Actividades;Cursos;Illes Balears;Illes Balears;40;91;3138,4;78,46;34
2024;9;Espectaculos;Musicales;Illes Balears;Illes Balears;64;298;1388,8;21,7;29
2024;9;Espectaculos;Música;Illes Balears;Illes Balears;7853;20053;136720,73;17,41;4876
2024;9;Actividades;Actividades infantiles;Illes Balears;Illes Balears;331;705;7665,96;23,16;162
2024;9;Espectaculos;Cultura, teatro y danza;Illes Balears;Illes Balears;932;3626;11165,36;11,98;469
2024;9;Espectaculos;Museo y exposiciones;Illes Balears;Illes Balears;30;68;155,4;5,18;17
2024;9;Actividades;Gastronomía;Illes Balears;Illes Balears;73;166;1231,51;16,87;44
2024;9;Espectaculos;Música;Illes Balears;Illes Balears;246;558;3286,56;13,36;85
2024;9;Espectaculos;Cultura, teatro y danza;Illes Balears;Illes Balears;216;490;2147,04;9,94;89
2024;9;Espectaculos;Música;Illes Balears;Illes Balears;658;1493;15673,56;23,82;296
2024;9;Espectaculos;Cultura, teatro y danza;Illes Balears;Illes Balears;102;231;725,22;7,11;49
2024;9;Espectaculos;Música;Illes Balears;Illes Balears;74;391;742,96;10,04;35
2024;9;Espectaculos;Música;Illes Balears;Illes Balears;889;2017;10605,77;11,93;532
2024;9;Actividades;Actividades infantiles;Illes Balears;Illes Balears;887;2012;7370,97;8,31;531
2024;9;Espectaculos;Cultura, teatro y danza;Illes Balears;Illes Balears;9;33;93,24;10,36;4
2024;9;Espectaculos;Música;Illes Balears;Illes Balears;4;9;41,44;10,36;3
2024;9;Espectaculos;Música;Illes Balears;Illes Balears;524;1188;4118,64;7,86;114
2024;9;Actividades;Actividades infantiles;Illes Balears;Illes Balears;219;496;1546,14;7,06;64
2024;9;Espectaculos;Cultura, teatro y danza;Illes Balears;Illes Balears;335;785;3323,2;9,92;118
2024;9;Espectaculos;Música;Illes Balears;Illes Balears;89;538;686,19;7,71;43
2024;9;Actividades;Actividades infantiles;Illes Balears;Illes Balears;18;41;282,06;15,67;7
2024;9;Espectaculos;Cultura, teatro y danza;Illes Balears;Illes Balears;47;498;212,91;4,53;18
2024;9;Espectaculos;Música;Illes Balears;Illes Balears;162;367;1198,8;7,4;63
2024;9;Espectaculos;Cultura, teatro y danza;Illes Balears;Illes Balears;76;172;345,04;4,54;27
2024;9;Espectaculos;Música;Illes Balears;Illes Balears;28;64;521,92;18,64;10
2024;9;Actividades;Actividades infantiles;Illes Balears;Illes Balears;28;64;521,92;18,64;10
2024;9;Espectaculos;Música;Illes Balears;Illes Balears;235;533;2601,45;11,07;123
2024;9;Espectaculos;Cine;Illes Balears;Illes Balears;19;43;44,65;2,35;6
2024;9;Espectaculos;Música;Illes Balears;Illes Balears;96;916;1041,6;10,85;47
2024;9;Actividades;Actividades infantiles;Illes Balears;Illes Balears;19;43;44,65;2,35;6
2024;9;Espectaculos;Cultura, teatro y danza;Illes Balears;Illes Balears;29;66;229,1;7,9;16
2024;9;Actividades;Actividades infantiles;Illes Balears;Illes Balears;77;175;1473,78;19,14;62
2024;9;Espectaculos;Música;Illes Balears;Illes Balears;72;163;1203,12;16,71;37
2024;9;Espectaculos;Cultura, teatro y danza;Illes Balears;Illes Balears;567;1286;10676,61;18,83;283
2024;9;Espectaculos;Música;Illes Balears;Illes Balears;154;349;4255,02;27,63;73
2024;9;Espectaculos;Música;Illes Balears;Illes Balears;199;451;3088,48;15,52;65
2024;9;Actividades;Actividades infantiles;Illes Balears;Illes Balears;199;451;3088,48;15,52;65
2024;9;Espectaculos;Música;Illes Balears;Illes Balears;922;2091;16061,24;17,42;484
2024;9;Actividades;Actividades infantiles;Illes Balears;Illes Balears;1739;3945;12555,58;7,22;260
2024;9;Espectaculos;Cultura, teatro y danza;Illes Balears;Illes Balears;1739;3945;12555,58;7,22;260
2024;9;Espectaculos;Música;Illes Balears;Illes Balears;233;529;9657,85;41,45;133
2024;9;Espectaculos;Música;Cataluña;Barcelona;3;7;24;8;3
2024;9;Espectaculos;Cultura, teatro y danza;Cataluña;Barcelona;4;9;40;10;1
2024;9;Espectaculos;Música;Cataluña;Barcelona;51;116;2449,02;48,02;46
2024;9;Espectaculos;Música;Cataluña;Barcelona;168;381;3102,96;18,47;112
2024;9;Actividades;Deportes y aventuras;Cataluña;Barcelona;10;23;247;24,7;9
2024;9;Espectaculos;Conferencias;Cataluña;Barcelona;35;79;360,5;10,3;29
2024;9;Actividades;Cursos;Cataluña;Barcelona;210;532;12732,3;60,63;190
2024;9;Espectaculos;Cine;Cataluña;Barcelona;123;279;1218,93;9,91;74
2024;9;Espectaculos;Musicales;Cataluña;Barcelona;1138;2581;12370,06;10,87;353
2024;9;Espectaculos;Música;Cataluña;Barcelona;16009;34366;246218,42;15,38;10076
2024;9;Actividades;Deportes y aventuras;Cataluña;Barcelona;6;14;60;10;6
2024;9;Actividades;Actividades infantiles;Cataluña;Barcelona;1512;3198;35940,24;23,77;526
2024;9;Espectaculos;Cultura, teatro y danza;Cataluña;Barcelona;4514;10047;81477,7;18,05;2009
2024;9;Espectaculos;Museo y exposiciones;Cataluña;Barcelona;81;184;871,56;10,76;36
2024;9;Actividades;Gastronomía;Cataluña;Barcelona;455;1032;10783,5;23,7;306
2024;9;Espectaculos;Música;Cataluña;Barcelona;10;23;220;22;5
2024;9;Espectaculos;Música;Cataluña;Barcelona;11;25;110;10;6
2024;9;Espectaculos;Música;Cataluña;Barcelona;15;34;121,5;8,1;10
2024;9;Espectaculos;Música;Cataluña;Barcelona;173;392;3233,37;18,69;60
2024;9;Actividades;Actividades infantiles;Cataluña;Barcelona;173;392;3233,37;18,69;60
2024;9;Espectaculos;Música;Cataluña;Barcelona;96;218;1873,92;19,52;29
2024;9;Actividades;Actividades infantiles;Cataluña;Barcelona;96;218;1873,92;19,52;29
2024;9;Espectaculos;Cultura, teatro y danza;Cataluña;Barcelona;20;45;288,4;14,42;11
2024;9;Actividades;Deportes y aventuras;Cataluña;Barcelona;4;9;60;15;3
2024;9;Espectaculos;Música;Cataluña;Barcelona;140;318;5362;38,3;75
2024;9;Actividades;Deportes y aventuras;Cataluña;Barcelona;140;318;5362;38,3;75
2024;9;Espectaculos;Música;Cataluña;Barcelona;53;120;3178,41;59,97;39
2024;9;Actividades;Deportes y aventuras;Cataluña;Barcelona;5;11;50;10;1
2024;9;Espectaculos;Cultura, teatro y danza;Cataluña;Barcelona;40;91;400;10;10
2024;9;Espectaculos;Música;Cataluña;Barcelona;122;277;1701,9;13,95;59
2024;9;Actividades;Deportes y aventuras;Cataluña;Barcelona;49;111;1008,91;20,59;19
2024;9;Espectaculos;Cine;Cataluña;Barcelona;23;52;237,13;10,31;16
2024;9;Espectaculos;Música;Cataluña;Barcelona;476;1079;7487,48;15,73;316
2024;9;Espectaculos;Cultura, teatro y danza;Cataluña;Barcelona;34;77;434,52;12,78;14
2024;9;Espectaculos;Música;Cataluña;Barcelona;63;143;863,1;13,7;53
2024;9;Espectaculos;Cultura, teatro y danza;Cataluña;Barcelona;10;23;100;10;2
2024;9;Espectaculos;Música;Cataluña;Barcelona;23;52;460;20;14
2024;9;Espectaculos;Música;Cataluña;Barcelona;74;168;592,74;8,01;20
2024;9;Espectaculos;Cultura, teatro y danza;Cataluña;Barcelona;36;82;434,52;12,07;16
2024;9;Espectaculos;Conferencias;Cataluña;Barcelona;12;27;290,04;24,17;10
2024;9;Espectaculos;Ferias;Cataluña;Barcelona;12;27;290,04;24,17;10
2024;9;Espectaculos;Música;Cataluña;Barcelona;8;18;120;15;3
2024;9;Espectaculos;Música;Cataluña;Barcelona;10;23;50;5;3
2024;9;Actividades;Actividades infantiles;Cataluña;Barcelona;10;23;50;5;3
2024;9;Espectaculos;Música;Cataluña;Barcelona;31;70;761,67;24,57;15
2024;9;Actividades;Actividades infantiles;Cataluña;Barcelona;23;52;854,22;37,14;12
2024;9;Actividades;Actividades infantiles;Cataluña;Barcelona;638;1447;5882,36;9,22;171
2024;9;Espectaculos;Música;Cataluña;Barcelona;144;327;2877,12;19,98;49
2024;9;Actividades;Actividades infantiles;Cataluña;Barcelona;116;263;2221,4;19,15;38
2024;9;Espectaculos;Música;Cataluña;Barcelona;4;9;20,64;5,16;2
2024;9;Espectaculos;Música;Cataluña;Barcelona;146;331;1486,28;10,18;81
2024;9;Espectaculos;Música;Cataluña;Barcelona;12;27;300;25;8
2024;9;Espectaculos;Música;Cataluña;Barcelona;288;653;3101,76;10,77;170
2024;9;Espectaculos;Cultura, teatro y danza;Cataluña;Barcelona;8;18;80;10;3
2024;9;Actividades;Cursos;Cataluña;Barcelona;43;98;844,09;19,63;36
2024;9;Espectaculos;Música;Cataluña;Barcelona;15;34;468,15;31,21;12
2024;9;Espectaculos;Música;Cataluña;Barcelona;201;456;2255,22;11,22;120
2024;9;Actividades;Deportes y aventuras;Cataluña;Barcelona;12;27;249,36;20,78;7
2024;9;Espectaculos;Música;Cataluña;Barcelona;44;100;256,96;5,84;20
2024;9;Espectaculos;Música;Cataluña;Barcelona;94;213;940;10;43
2024;9;Espectaculos;Cultura, teatro y danza;Cataluña;Barcelona;92;209;540,96;5,88;30
2024;9;Actividades;Deportes y aventuras;Cataluña;Barcelona;145;329;1709,55;11,79;57
2024;9;Actividades;Actividades infantiles;Cataluña;Barcelona;145;329;1709,55;11,79;57
2024;9;Espectaculos;Cine;Cataluña;Barcelona;17;39;65,11;3,83;8
2024;9;Espectaculos;Música;Cataluña;Barcelona;4;9;42;10,5;2
2024;9;Actividades;Actividades infantiles;Cataluña;Barcelona;17;39;97,07;5,71;6
2024;9;Espectaculos;Cultura, teatro y danza;Cataluña;Barcelona;53;120;612,15;11,55;25
2024;9;Espectaculos;Música;Cataluña;Barcelona;130;295;2424,5;18,65;76
2024;9;Actividades;Deportes y aventuras;Cataluña;Barcelona;43;98;430,43;10,01;34
2024;9;Espectaculos;Cultura, teatro y danza;Cataluña;Barcelona;124;281;2316,32;18,68;48
2024;9;Espectaculos;Música;Cataluña;Barcelona;39;89;347,1;8,9;20
2024;9;Espectaculos;Cine;Cataluña;Barcelona;1;2;5,16;5,16;1
2024;9;Espectaculos;Música;Cataluña;Barcelona;25;57;642,5;25,7;9
2024;9;Espectaculos;Cultura, teatro y danza;Cataluña;Barcelona;71;161;1324,15;18,65;26
2024;9;Espectaculos;Cultura, teatro y danza;Cataluña;Barcelona;2;5;50;25;1
2024;9;Espectaculos;Música;Cataluña;Barcelona;89;202;4128,71;46,39;65
2024;9;Espectaculos;Música;Cataluña;Barcelona;137;311;1915,26;13,98;57
2024;9;Espectaculos;Conferencias;Cataluña;Barcelona;2;5;293,56;146,78;2
2024;9;Actividades;Deportes y aventuras;Cataluña;Barcelona;232;526;3419,68;14,74;117
2024;9;Actividades;Actividades infantiles;Cataluña;Barcelona;232;526;3419,68;14,74;117
2024;9;Espectaculos;Cultura, teatro y danza;Cataluña;Barcelona;73;166;859,94;11,78;36
2024;9;Espectaculos;Música;Cataluña;Barcelona;332;753;4143,36;12,48;174
2024;9;Espectaculos;Cultura, teatro y danza;Cataluña;Barcelona;45;102;503,1;11,18;14
2024;9;Actividades;Gastronomía;Cataluña;Barcelona;4;9;42;10,5;2
2024;9;Actividades;Deportes y aventuras;Cataluña;Barcelona;25;57;250;10;12
2024;9;Espectaculos;Música;Cataluña;Barcelona;127;288;1625,6;12,8;68
2024;9;Espectaculos;Música;Cataluña;Barcelona;246;558;2870,82;11,67;124
2024;9;Espectaculos;Música;Castilla y León;Burgos;44;100;743,6;16,9;16
2024;9;Espectaculos;Cultura, teatro y danza;Castilla y León;Burgos;2;5;24;12;1
2024;9;Actividades;Actividades infantiles;Castilla y León;Burgos;55;125;277,2;5,04;21
2024;9;Espectaculos;Cultura, teatro y danza;Castilla y León;Burgos;147;349;909,93;6,19;62
2024;9;Espectaculos;Música;Castilla y León;Burgos;8;18;106,88;13,36;2
2024;9;Espectaculos;Musicales;Extremadura;Cáceres;202;458;3532,98;17,49;60
2024;9;Actividades;Actividades infantiles;Extremadura;Cáceres;202;458;3532,98;17,49;60
2024;9;Espectaculos;Cultura, teatro y danza;Extremadura;Cáceres;211;479;2637,5;12,5;65
2024;9;Actividades;Deportes y aventuras;Extremadura;Cáceres;145;329;1154,2;7,96;141
2024;9;Espectaculos;Cultura, teatro y danza;Extremadura;Cáceres;5;11;37,5;7,5;3
2024;9;Espectaculos;Musicales;Extremadura;Cáceres;29;66;510,4;17,6;10
2024;9;Espectaculos;Música;Extremadura;Cáceres;16;36;387,2;24,2;8
2024;9;Actividades;Actividades infantiles;Extremadura;Cáceres;29;66;510,4;17,6;10
2024;9;Espectaculos;Cultura, teatro y danza;Extremadura;Cáceres;29;66;510,4;17,6;10
2024;9;Espectaculos;Música;Andalucía;Cádiz;5;11;60;12;3
2024;9;Espectaculos;Cultura, teatro y danza;Andalucía;Cádiz;39;88;487,5;12,5;27
2024;9;Espectaculos;Cultura, teatro y danza;Andalucía;Cádiz;33;75;182,49;5,53;16
2024;9;Espectaculos;Música;Andalucía;Cádiz;2;5;17,04;8,52;1
2024;9;Espectaculos;Música;Andalucía;Cádiz;372;844;5286,12;14,21;166
2024;9;Actividades;Actividades infantiles;Andalucía;Cádiz;24;54;578,88;24,12;12
2024;9;Actividades;Gastronomía;Andalucía;Cádiz;58;132;617,12;10,64;23
2024;9;Espectaculos;Música;Andalucía;Cádiz;193;527;2242,66;11,62;136
2024;9;Espectaculos;Música;Andalucía;Cádiz;4;9;75,6;18,9;2
2024;9;Espectaculos;Música;Andalucía;Cádiz;794;1801;11981,46;15,09;430
2024;9;Espectaculos;Cultura, teatro y danza;Andalucía;Cádiz;55;125;406,45;7,39;22
2024;9;Espectaculos;Música;Andalucía;Cádiz;40;91;172;4,3;21
2024;9;Espectaculos;Música;Andalucía;Cádiz;46;104;605,82;13,17;18
2024;9;Espectaculos;Música;Andalucía;Cádiz;5;11;75;15;4
2024;9;Espectaculos;Cultura, teatro y danza;Andalucía;Cádiz;159;361;2747,52;17,28;47
2024;9;Espectaculos;Música;Andalucía;Cádiz;54;122;856,98;15,87;21
2024;9;Actividades;Actividades infantiles;Andalucía;Cádiz;8;18;80;10;4
2024;9;Actividades;Gastronomía;Andalucía;Cádiz;8;18;80;10;4
2024;9;Espectaculos;Música;Comunitat Valenciana;Castellón/Castelló;25;57;287;11,48;5
2024;9;Espectaculos;Música;Comunitat Valenciana;Castellón/Castelló;894;2027;13365,3;14,95;469
2024;9;Espectaculos;Música;Castilla - La Mancha;Ciudad Real;225;510;5832;25,92;130
2024;9;Espectaculos;Música;Castilla - La Mancha;Ciudad Real;4;9;41,24;10,31;2
2024;9;Espectaculos;Música;Castilla - La Mancha;Ciudad Real;48;109;730,08;15,21;25
2024;9;Espectaculos;Música;Castilla - La Mancha;Ciudad Real;75;170;1209;16,12;52
2024;9;Espectaculos;Musicales;Castilla - La Mancha;Ciudad Real;60;136;304,8;5,08;25
2024;9;Espectaculos;Música;Castilla - La Mancha;Ciudad Real;117;266;1054,17;9,01;43
2024;9;Espectaculos;Cultura, teatro y danza;Castilla - La Mancha;Ciudad Real;60;136;304,8;5,08;25
2024;9;Espectaculos;Musicales;Andalucía;Córdoba;250;567;2500;10;250
2024;9;Espectaculos;Música;Andalucía;Córdoba;74;168;1000,48;13,52;35
2024;9;Actividades;Actividades infantiles;Andalucía;Córdoba;282;640;2783,34;9,87;261
2024;9;Espectaculos;Cultura, teatro y danza;Andalucía;Córdoba;1026;2327;14579,46;14,21;582
2024;9;Espectaculos;Música;Andalucía;Córdoba;7;16;177,87;25,41;7
2024;9;Espectaculos;Música;Galicia;A Coruña;2;5;20;10;1
2024;9;Espectaculos;Musicales;Galicia;A Coruña;76;172;549,48;7,23;27
2024;9;Espectaculos;Música;Galicia;A Coruña;534;1211;7043,46;13,19;302
2024;9;Actividades;Actividades infantiles;Galicia;A Coruña;169;409;1191,45;7,05;59
2024;9;Espectaculos;Cultura, teatro y danza;Galicia;A Coruña;225;510;1518,75;6,75;84
2024;9;Actividades;Gastronomía;Galicia;A Coruña;1;2;8;8;1
2024;9;Espectaculos;Música;Galicia;A Coruña;324;735;6693,84;20,66;204
2024;9;Espectaculos;Música;Galicia;A Coruña;2;5;16;8;1
2024;9;Actividades;Deportes y aventuras;Galicia;A Coruña;10;23;50;5;6
2024;9;Actividades;Actividades infantiles;Galicia;A Coruña;19;43;87,4;4,6;7
2024;9;Espectaculos;Cultura, teatro y danza;Galicia;A Coruña;44;100;251,24;5,71;19
2024;9;Espectaculos;Música;Galicia;A Coruña;2;5;10;5;1
2024;9;Espectaculos;Música;Galicia;A Coruña;38;86;303,24;7,98;33
2024;9;Espectaculos;Cultura, teatro y danza;Galicia;A Coruña;9;20;21,51;2,39;4
2024;9;Espectaculos;Música;Galicia;A Coruña;374;848;4633,86;12,39;223
2024;9;Espectaculos;Cultura, teatro y danza;Galicia;A Coruña;18;41;155,52;8,64;10
2024;9;Espectaculos;Música;Castilla - La Mancha;Cuenca;9;20;92,79;10,31;4
2024;9;Actividades;Deportes y aventuras;Castilla - La Mancha;Cuenca;10;23;100;10;4
2024;9;Espectaculos;Cine;Cataluña;Girona;6;14;26,7;4,45;2
2024;9;Espectaculos;Música;Cataluña;Girona;28;64;1125,04;40,18;15
2024;9;Espectaculos;Cultura, teatro y danza;Cataluña;Girona;25;57;167,25;6,69;10
2024;9;Espectaculos;Música;Cataluña;Girona;40;91;770;19,25;21
2024;9;Actividades;Gastronomía;Cataluña;Girona;7;16;105;15;3
2024;9;Espectaculos;Música;Cataluña;Girona;188;426;2346,24;12,48;81
2024;9;Espectaculos;Música;Cataluña;Girona;27;61;273,51;10,13;18
2024;9;Espectaculos;Música;Cataluña;Girona;84;191;1261,68;15,02;41
2024;9;Espectaculos;Música;Cataluña;Girona;19;43;186,96;9,84;8
2024;9;Espectaculos;Música;Cataluña;Girona;52;118;364;7;33
2024;9;Espectaculos;Música;Cataluña;Girona;160;363;3046,4;19,04;66
2024;9;Actividades;Deportes y aventuras;Cataluña;Girona;34;77;324,36;9,54;12
2024;9;Espectaculos;Música;Cataluña;Girona;38;86;1586,5;41,75;28
2024;9;Espectaculos;Música;Cataluña;Girona;173;591;2596,73;15,01;66
2024;9;Actividades;Actividades infantiles;Cataluña;Girona;171;388;3409,74;19,94;65
2024;9;Espectaculos;Música;Cataluña;Girona;90;204;2273,4;25,26;51
2024;9;Espectaculos;Música;Cataluña;Girona;156;354;2349,36;15,06;64
2024;9;Espectaculos;Cultura, teatro y danza;Cataluña;Girona;30;68;360;12;15
2024;9;Espectaculos;Música;Cataluña;Girona;35;79;646,1;18,46;19
2024;9;Espectaculos;Música;Cataluña;Girona;4;9;31,4;7,85;3
2024;9;Espectaculos;Música;Cataluña;Girona;134;304;2961,4;22,1;73
2024;9;Espectaculos;Música;Cataluña;Girona;95;215;1425;15;46
2024;9;Espectaculos;Música;Cataluña;Girona;18;41;129,96;7,22;13
2024;9;Actividades;Cursos;Cataluña;Girona;3;7;30;10;3
2024;9;Espectaculos;Cultura, teatro y danza;Cataluña;Girona;3;7;131,25;43,75;3
2024;9;Espectaculos;Música;Andalucía;Granada;94;213;2171,4;23,1;47
2024;9;Espectaculos;Cultura, teatro y danza;Andalucía;Granada;322;731;5164,88;16,04;143
2024;9;Espectaculos;Museo y exposiciones;Andalucía;Granada;115;261;1317,9;11,46;42
2024;9;Espectaculos;Música;Andalucía;Granada;91;206;1597,96;17,56;63
2024;9;Espectaculos;Conferencias;Andalucía;Granada;3;7;15,45;5,15;3
2024;9;Espectaculos;Cine;Andalucía;Granada;183;415;1958,1;10,7;87
2024;9;Espectaculos;Música;Andalucía;Granada;1638;3998;22784,58;13,91;1011
2024;9;Actividades;Actividades infantiles;Andalucía;Granada;5;11;91,1;18,22;2
2024;9;Espectaculos;Cultura, teatro y danza;Andalucía;Granada;297;674;2521,53;8,49;133
2024;9;Espectaculos;Cultura, teatro y danza;Andalucía;Granada;52;118;717,08;13,79;13
2024;9;Espectaculos;Música;Andalucía;Granada;11;25;44,99;4,09;3
2024;9;Actividades;Actividades infantiles;Andalucía;Granada;11;25;44,99;4,09;3
2024;9;Espectaculos;Musicales;Andalucía;Granada;9;20;74,43;8,27;3
2024;9;Espectaculos;Cultura, teatro y danza;Andalucía;Granada;9;20;74,43;8,27;3
2024;9;Espectaculos;Música;Andalucía;Granada;12;27;378;31,5;9
2024;9;Espectaculos;Música;Andalucía;Granada;8;18;169,6;21,2;6
2024;9;Espectaculos;Música;Castilla - La Mancha;Guadalajara;2;5;24;12;2
2024;9;Espectaculos;Música;Castilla - La Mancha;Guadalajara;27;61;427,95;15,85;23
2024;9;Espectaculos;Música;Castilla - La Mancha;Guadalajara;8;18;120;15;8
2024;9;Espectaculos;Cultura, teatro y danza;País Vasco;Gipuzkoa;62;141;465;7,5;20
2024;9;Actividades;Cursos;País Vasco;Gipuzkoa;36;82;960,84;26,69;31
2024;9;Espectaculos;Cine;País Vasco;Gipuzkoa;135;458;410,4;3,04;54
2024;9;Espectaculos;Música;País Vasco;Gipuzkoa;1208;2814;15619,44;12,93;577
2024;9;Actividades;Actividades infantiles;País Vasco;Gipuzkoa;336;762;1787,52;5,32;108
2024;9;Espectaculos;Cultura, teatro y danza;País Vasco;Gipuzkoa;434;984;2851,38;6,57;155
2024;9;Espectaculos;Cultura, teatro y danza;País Vasco;Gipuzkoa;25;57;129;5,16;12
2024;9;Espectaculos;Música;País Vasco;Gipuzkoa;85;193;1409,3;16,58;47
2024;9;Espectaculos;Música;País Vasco;Gipuzkoa;37;84;297,85;8,05;15
2024;9;Espectaculos;Cultura, teatro y danza;País Vasco;Gipuzkoa;15;34;52,5;3,5;6
2024;9;Espectaculos;Música;País Vasco;Gipuzkoa;2;5;30;15;2
2024;9;Espectaculos;Cine;País Vasco;Gipuzkoa;91;198;535,99;5,89;58
2024;9;Espectaculos;Música;País Vasco;Gipuzkoa;108;245;1226,88;11,36;65
2024;9;Actividades;Deportes y aventuras;País Vasco;Gipuzkoa;319;724;8121,74;25,46;99
2024;9;Actividades;Actividades infantiles;País Vasco;Gipuzkoa;30;68;176,4;5,88;15
2024;9;Espectaculos;Música;País Vasco;Gipuzkoa;14;32;214,48;15,32;4
2024;9;Espectaculos;Música;País Vasco;Gipuzkoa;68;154;597,04;8,78;18
2024;9;Espectaculos;Música;Aragón;Huesca;32;73;510,4;15,95;12
2024;9;Espectaculos;Música;Aragón;Huesca;119;270;9495,01;79,79;93
2024;9;Espectaculos;Música;Aragón;Huesca;15;34;107,1;7,14;8
2024;9;Espectaculos;Cultura, teatro y danza;Aragón;Huesca;216;490;2611,44;12,09;83
2024;9;Espectaculos;Música;Andalucía;Jaén;17;405;170;10;10
2024;9;Espectaculos;Música;Andalucía;Jaén;41;93;874,94;21,34;24
2024;9;Espectaculos;Música;Andalucía;Jaén;164;372;1790,88;10,92;85
2024;9;Espectaculos;Cultura, teatro y danza;Andalucía;Jaén;6;14;37,14;6,19;4
2024;9;Espectaculos;Música;Andalucía;Jaén;241;547;4222,32;17,52;123
2024;9;Espectaculos;Música;Castilla y León;León;259;587;3418,8;13,2;135
2024;9;Espectaculos;Música;Castilla y León;León;32;73;401,6;12,55;16
2024;9;Actividades;Deportes y aventuras;Castilla y León;León;49;111;490;10;12
2024;9;Espectaculos;Música;Cataluña;Lleida;17;39;136;8;8
2024;9;Espectaculos;Música;Cataluña;Lleida;102;231;1383,12;13,56;46
2024;9;Espectaculos;Música;Cataluña;Lleida;124;281;1243,72;10,03;74
2024;9;Espectaculos;Cultura, teatro y danza;Cataluña;Lleida;13;101;83,72;6,44;3
2024;9;Espectaculos;Música;Cataluña;Lleida;308;699;1540;5;141
2024;9;Espectaculos;Música;La Rioja;La Rioja;303;687;4057,17;13,39;268
2024;9;Espectaculos;Música;La Rioja;La Rioja;135;306;2026,35;15,01;66
2024;9;Espectaculos;Conferencias;La Rioja;La Rioja;16;86;750,08;46,88;14
2024;9;Espectaculos;Ferias;La Rioja;La Rioja;16;86;750,08;46,88;14
2024;9;Espectaculos;Música;La Rioja;La Rioja;85;193;637,5;7,5;52
2024;9;Espectaculos;Cultura, teatro y danza;La Rioja;La Rioja;394;893;9105,34;23,11;183
2024;9;Espectaculos;Música;La Rioja;La Rioja;23;50;736,92;32,04;14
2024;9;Espectaculos;Música;Galicia;Lugo;21;48;216,93;10,33;10
2024;9;Espectaculos;Conferencias;Comunidad de Madrid;Madrid;3;7;73,62;24,54;3
2024;9;Espectaculos;Música;Comunidad de Madrid;Madrid;80;181;929,6;11,62;42
2024;9;Espectaculos;Cultura, teatro y danza;Comunidad de Madrid;Madrid;10;23;112,7;11,27;4
2024;9;Espectaculos;Musicales;Comunidad de Madrid;Madrid;4;9;18;4,5;1
2024;9;Espectaculos;Cultura, teatro y danza;Comunidad de Madrid;Madrid;271;615;1352,29;4,99;91
2024;9;Espectaculos;Música;Comunidad de Madrid;Madrid;3;7;37,11;12,37;2
2024;9;Espectaculos;Música;Comunidad de Madrid;Madrid;9;20;1350;150;9
2024;9;Espectaculos;Musicales;Comunidad de Madrid;Madrid;81;184;486,81;6,01;27
2024;9;Actividades;Actividades infantiles;Comunidad de Madrid;Madrid;81;184;486,81;6,01;27
2024;9;Espectaculos;Cultura, teatro y danza;Comunidad de Madrid;Madrid;81;184;486,81;6,01;27
2024;9;Espectaculos;Música;Comunidad de Madrid;Madrid;215;517;5402,95;25,13;122
2024;9;Espectaculos;Música;Comunidad de Madrid;Madrid;2;5;30;15;2
2024;9;Espectaculos;Música;Comunidad de Madrid;Madrid;372;1148;5721,36;15,38;201
2024;9;Espectaculos;Música;Comunidad de Madrid;Madrid;237;758;15649,11;66,03;142
2024;9;Espectaculos;Conferencias;Comunidad de Madrid;Madrid;92;637;3072,8;33,4;62
2024;9;Actividades;Cursos;Comunidad de Madrid;Madrid;401;910;12848,04;32,04;292
2024;9;Espectaculos;Cine;Comunidad de Madrid;Madrid;263;607;1869,93;7,11;166
2024;9;Espectaculos;Musicales;Comunidad de Madrid;Madrid;108;245;1211,76;11,22;44
2024;9;Espectaculos;Música;Comunidad de Madrid;Madrid;29958;66844;421808,64;14,08;16778
2024;9;Actividades;Deportes y aventuras;Comunidad de Madrid;Madrid;181;411;3848,06;21,26;104
2024;9;Actividades;Actividades infantiles;Comunidad de Madrid;Madrid;336;722;3198,72;9,52;156
2024;9;Espectaculos;Cultura, teatro y danza;Comunidad de Madrid;Madrid;2679;5791;42113,88;15,72;1510
2024;9;Actividades;Gastronomía;Comunidad de Madrid;Madrid;67;152;1094,78;16,34;28
2024;9;Espectaculos;Música;Comunidad de Madrid;Madrid;110;250;1122;10,2;68
2024;9;Espectaculos;Música;Comunidad de Madrid;Madrid;37;84;2806,08;75,84;19
2024;9;Espectaculos;Música;Comunidad de Madrid;Madrid;18;41;182,52;10,14;6
2024;9;Actividades;Actividades infantiles;Comunidad de Madrid;Madrid;18;41;182,52;10,14;6
2024;9;Actividades;Cursos;Comunidad de Madrid;Madrid;8;18;120;15;7
2024;9;Espectaculos;Música;Comunidad de Madrid;Madrid;71;161;1292,2;18,2;43
2024;9;Espectaculos;Musicales;Comunidad de Madrid;Madrid;69;157;414;6;21
2024;9;Actividades;Actividades infantiles;Comunidad de Madrid;Madrid;69;157;414;6;21
2024;9;Espectaculos;Cultura, teatro y danza;Comunidad de Madrid;Madrid;69;157;414;6;21
2024;9;Espectaculos;Música;Comunidad de Madrid;Madrid;212;481;2257,8;10,65;127
2024;9;Espectaculos;Cultura, teatro y danza;Comunidad de Madrid;Madrid;3;7;36;12;2
2024;9;Espectaculos;Música;Comunidad de Madrid;Madrid;6;17;76,56;12,76;3
2024;9;Espectaculos;Cultura, teatro y danza;Comunidad de Madrid;Madrid;10;23;140;14;9
2024;9;Actividades;Cursos;Comunidad de Madrid;Madrid;1;2;35,5;35,5;1
2024;9;Espectaculos;Música;Comunidad de Madrid;Madrid;67;152;869,66;12,98;31
2024;9;Actividades;Actividades infantiles;Comunidad de Madrid;Madrid;1;2;35,5;35,5;1
2024;9;Espectaculos;Cultura, teatro y danza;Comunidad de Madrid;Madrid;6;14;99;16,5;2
2024;9;Espectaculos;Música;Comunidad de Madrid;Madrid;7;16;56;8;6
2024;9;Actividades;Deportes y aventuras;Comunidad de Madrid;Madrid;7;16;56;8;6
2024;9;Espectaculos;Musicales;Comunidad de Madrid;Madrid;4;9;20;5;2
2024;9;Actividades;Actividades infantiles;Comunidad de Madrid;Madrid;4;9;20;5;2
2024;9;Espectaculos;Cultura, teatro y danza;Comunidad de Madrid;Madrid;4;9;20;5;2
2024;9;Espectaculos;Música;Andalucía;Málaga;26;59;156,78;6,03;7
2024;9;Espectaculos;Música;Andalucía;Málaga;29;66;508,37;17,53;16
2024;9;Espectaculos;Cultura, teatro y danza;Andalucía;Málaga;21;48;265,86;12,66;10
2024;9;Espectaculos;Música;Andalucía;Málaga;80;181;827,2;10,34;42
2024;9;Actividades;Actividades infantiles;Andalucía;Málaga;86;195;861,72;10,02;22
2024;9;Espectaculos;Cultura, teatro y danza;Andalucía;Málaga;86;195;861,72;10,02;22
2024;9;Espectaculos;Música;Andalucía;Málaga;14;32;72,1;5,15;10
2024;9;Actividades;Cursos;Andalucía;Málaga;5;504;55;11;3
2024;9;Espectaculos;Música;Andalucía;Málaga;1788;5116;26283,6;14,7;1049
2024;9;Actividades;Deportes y aventuras;Andalucía;Málaga;157;376;500,83;3,19;100
2024;9;Actividades;Actividades infantiles;Andalucía;Málaga;44;100;367,4;8,35;16
2024;9;Espectaculos;Cultura, teatro y danza;Andalucía;Málaga;589;1336;15608,5;26,5;361
2024;9;Espectaculos;Museo y exposiciones;Andalucía;Málaga;6;14;240;40;3
2024;9;Espectaculos;Cine;Andalucía;Málaga;150;340;2589;17,26;57
2024;9;Espectaculos;Música;Andalucía;Málaga;87;197;2394,24;27,52;40
2024;9;Actividades;Deportes y aventuras;Andalucía;Málaga;26;59;130;5;13
2024;9;Espectaculos;Música;Andalucía;Málaga;37;84;630,85;17,05;20
2024;9;Espectaculos;Cultura, teatro y danza;Andalucía;Málaga;2;5;70;35;1
2024;9;Espectaculos;Música;Andalucía;Málaga;207;470;3612,15;17,45;74
2024;9;Actividades;Gastronomía;Andalucía;Málaga;207;470;3612,15;17,45;74
2024;9;Espectaculos;Música;Andalucía;Málaga;82;186;2066,4;25,2;57
2024;9;Espectaculos;Música;Región de Murcia;Murcia;13;29;145,99;11,23;6
2024;9;Espectaculos;Música;Región de Murcia;Murcia;106;240;1094,98;10,33;73
2024;9;Actividades;Cursos;Región de Murcia;Murcia;1;2;25;25;1
2024;9;Espectaculos;Musicales;Región de Murcia;Murcia;65;147;700,7;10,78;41
2024;9;Espectaculos;Música;Región de Murcia;Murcia;1561;3541;20527,15;13,15;925
2024;9;Actividades;Actividades infantiles;Región de Murcia;Murcia;29;66;426,88;14,72;12
2024;9;Espectaculos;Cultura, teatro y danza;Región de Murcia;Murcia;210;523;1734,6;8,26;106
2024;9;Actividades;Gastronomía;Región de Murcia;Murcia;10;23;60;6;6
2024;9;Espectaculos;Cultura, teatro y danza;Región de Murcia;Murcia;64;145;2568,32;40,13;29
2024;9;Espectaculos;Música;Comunidad Foral de Navarra;Navarra;607;1377;16170,48;26,64;280
2024;9;Actividades;Actividades infantiles;Comunidad Foral de Navarra;Navarra;607;1377;16170,48;26,64;280
2024;9;Espectaculos;Cultura, teatro y danza;Comunidad Foral de Navarra;Navarra;232;526;5800;25;100
2024;9;Espectaculos;Música;Comunidad Foral de Navarra;Navarra;125;284;2187,5;17,5;90
2024;9;Espectaculos;Música;Comunidad Foral de Navarra;Navarra;258;585;6323,58;24,51;234
2024;9;Espectaculos;Música;Comunidad Foral de Navarra;Navarra;3176;7204;41192,72;12,97;1946
2024;9;Actividades;Deportes y aventuras;Comunidad Foral de Navarra;Navarra;347;787;11759,83;33,89;117
2024;9;Actividades;Gastronomía;Comunidad Foral de Navarra;Navarra;4;9;33,2;8,3;2
2024;9;Espectaculos;Música;Comunidad Foral de Navarra;Navarra;172;390;4091,88;23,79;90
2024;9;Espectaculos;Música;Galicia;Ourense;10;23;131,2;13,12;6
2024;9;Espectaculos;Música;Principado de Asturias;Asturias;14;32;252;18;8
2024;9;Espectaculos;Música;Principado de Asturias;Asturias;259;588;3859,1;14,9;157
2024;9;Actividades;Deportes y aventuras;Principado de Asturias;Asturias;2;5;186,64;93,32;1
2024;9;Actividades;Actividades infantiles;Principado de Asturias;Asturias;16;36;130,72;8,17;7
2024;9;Espectaculos;Cultura, teatro y danza;Principado de Asturias;Asturias;48;109;528;11;30
2024;9;Espectaculos;Música;Principado de Asturias;Asturias;2;5;15,7;7,85;1
2024;9;Espectaculos;Música;Principado de Asturias;Asturias;90;204;2273,4;25,26;51
2024;9;Espectaculos;Música;Principado de Asturias;Asturias;573;1299;8193,9;14,3;304
2024;9;Espectaculos;Música;Principado de Asturias;Asturias;193;438;2275,47;11,79;101
2024;9;Espectaculos;Música;Castilla y León;Palencia;28;63;296,24;10,58;15
2024;9;Espectaculos;Música;Canarias;Las Palmas;209;474;3492,39;16,71;94
2024;9;Espectaculos;Cultura, teatro y danza;Canarias;Las Palmas;8;18;88;11;4
2024;9;Actividades;Gastronomía;Canarias;Las Palmas;8;18;88;11;4
2024;9;Espectaculos;Música;Canarias;Las Palmas;178;404;3661,46;20,57;112
2024;9;Espectaculos;Música;Canarias;Las Palmas;27;61;445,5;16,5;18
2024;9;Espectaculos;Cultura, teatro y danza;Canarias;Las Palmas;34;77;943,5;27,75;15
2024;9;Actividades;Deportes y aventuras;Canarias;Las Palmas;10;23;100;10;4
2024;9;Actividades;Cursos;Canarias;Las Palmas;23;52;556,37;24,19;16
2024;9;Espectaculos;Musicales;Canarias;Las Palmas;216;490;2615,76;12,11;104
2024;9;Espectaculos;Música;Canarias;Las Palmas;714;1619;9896,04;13,86;451
2024;9;Actividades;Deportes y aventuras;Canarias;Las Palmas;1201;2724;14412;12;696
2024;9;Actividades;Actividades infantiles;Canarias;Las Palmas;125;284;1752,5;14,02;51
2024;9;Espectaculos;Cultura, teatro y danza;Canarias;Las Palmas;786;1783;8190,12;10,42;395
2024;9;Actividades;Gastronomía;Canarias;Las Palmas;38;86;384,94;10,13;26
2024;9;Espectaculos;Cultura, teatro y danza;Canarias;Las Palmas;26;59;538,2;20,7;13
2024;9;Espectaculos;Cultura, teatro y danza;Canarias;Las Palmas;37;84;610,5;16,5;16
2024;9;Espectaculos;Conferencias;Canarias;Las Palmas;94;213;2462,8;26,2;49
2024;9;Espectaculos;Música;Canarias;Las Palmas;7111;16130;177135,01;24,91;3593
2024;9;Actividades;Actividades infantiles;Canarias;Las Palmas;1020;2314;10404;10,2;278
2024;9;Espectaculos;Cultura, teatro y danza;Canarias;Las Palmas;2739;6213;37880,37;13,83;869
2024;9;Espectaculos;Música;Canarias;Las Palmas;183;415;1775,1;9,7;83
2024;9;Espectaculos;Cultura, teatro y danza;Canarias;Las Palmas;774;1756;5379,3;6,95;212
2024;9;Espectaculos;Música;Canarias;Las Palmas;913;2071;11832,48;12,96;419
2024;9;Espectaculos;Conferencias;Canarias;Las Palmas;100;227;504;5,04;72
2024;9;Espectaculos;Ferias;Canarias;Las Palmas;100;227;504;5,04;72
2024;9;Actividades;Deportes y aventuras;Canarias;Las Palmas;91;206;424,97;4,67;25
2024;9;Actividades;Actividades infantiles;Canarias;Las Palmas;183;415;719,19;3,93;43
2024;9;Espectaculos;Cultura, teatro y danza;Canarias;Las Palmas;183;415;719,19;3,93;43
2024;9;Espectaculos;Música;Galicia;Pontevedra;7;16;51,17;7,31;6
2024;9;Espectaculos;Música;Galicia;Pontevedra;104;236;1074,32;10,33;57
2024;9;Espectaculos;Conferencias;Galicia;Pontevedra;176;399;1026,08;5,83;88
2024;9;Espectaculos;Cine;Galicia;Pontevedra;100;227;350;3,5;39
2024;9;Espectaculos;Música;Galicia;Pontevedra;844;1914;10052,04;11,91;441
2024;9;Actividades;Actividades infantiles;Galicia;Pontevedra;100;227;350;3,5;39
2024;9;Espectaculos;Cultura, teatro y danza;Galicia;Pontevedra;210;476;1795,5;8,55;111
2024;9;Espectaculos;Música;Castilla y León;Salamanca;8;18;104,56;13,07;3
2024;9;Espectaculos;Música;Castilla y León;Salamanca;5;11;109;21,8;3
2024;9;Espectaculos;Musicales;Castilla y León;Salamanca;52;118;915,2;17,6;18
2024;9;Espectaculos;Música;Castilla y León;Salamanca;767;1740;7378,54;9,62;556
2024;9;Actividades;Actividades infantiles;Castilla y León;Salamanca;52;118;915,2;17,6;18
2024;9;Espectaculos;Cultura, teatro y danza;Castilla y León;Salamanca;72;163;839,52;11,66;27
2024;9;Actividades;Deportes y aventuras;Castilla y León;Salamanca;26;61;87,88;3,38;16
2024;9;Espectaculos;Cultura, teatro y danza;Castilla y León;Salamanca;452;1025;1229,44;2,72;96
2024;9;Espectaculos;Museo y exposiciones;Castilla y León;Salamanca;452;1025;1229,44;2,72;96
2024;9;Espectaculos;Música;Canarias;Santa Cruz de Tenerife;38;86;571,9;15,05;25
2024;9;Actividades;Actividades infantiles;Canarias;Santa Cruz de Tenerife;14;32;160,58;11,47;10
2024;9;Espectaculos;Musicales;Canarias;Santa Cruz de Tenerife;40;91;880;22;12
2024;9;Actividades;Actividades infantiles;Canarias;Santa Cruz de Tenerife;40;91;880;22;12
2024;9;Espectaculos;Cultura, teatro y danza;Canarias;Santa Cruz de Tenerife;40;91;880;22;12
2024;9;Actividades;Actividades infantiles;Canarias;Santa Cruz de Tenerife;57;129;1254;22;19
2024;9;Espectaculos;Cultura, teatro y danza;Canarias;Santa Cruz de Tenerife;57;129;1254;22;19
2024;9;Espectaculos;Música;Canarias;Santa Cruz de Tenerife;180;532;540;3;78
2024;9;Actividades;Actividades infantiles;Canarias;Santa Cruz de Tenerife;10;205;30;3;3
2024;9;Espectaculos;Cultura, teatro y danza;Canarias;Santa Cruz de Tenerife;83;249;249;3;39
2024;9;Espectaculos;Música;Canarias;Santa Cruz de Tenerife;5;11;81,75;16,35;3
2024;9;Espectaculos;Música;Canarias;Santa Cruz de Tenerife;756;1714;11589,48;15,33;499
2024;9;Espectaculos;Cultura, teatro y danza;Canarias;Santa Cruz de Tenerife;654;1484;5022,72;7,68;318
2024;9;Actividades;Cursos;Canarias;Santa Cruz de Tenerife;42;95;130,2;3,1;23
2024;9;Espectaculos;Cultura, teatro y danza;Canarias;Santa Cruz de Tenerife;134;304;1650,88;12,32;90
2024;9;Espectaculos;Musicales;Canarias;Santa Cruz de Tenerife;101;229;2222;22;32
2024;9;Espectaculos;Música;Canarias;Santa Cruz de Tenerife;80;181;872,8;10,91;46
2024;9;Actividades;Actividades infantiles;Canarias;Santa Cruz de Tenerife;101;229;2222;22;32
2024;9;Espectaculos;Cultura, teatro y danza;Canarias;Santa Cruz de Tenerife;101;229;2222;22;32
2024;9;Espectaculos;Música;Canarias;Santa Cruz de Tenerife;157;356;6763,56;43,08;72
2024;9;Espectaculos;Cultura, teatro y danza;Canarias;Santa Cruz de Tenerife;42;95;743,4;17,7;18
2024;9;Espectaculos;Musicales;Canarias;Santa Cruz de Tenerife;239;542;3020,96;12,64;77
2024;9;Espectaculos;Música;Canarias;Santa Cruz de Tenerife;1919;4353;30070,73;15,67;1479
2024;9;Actividades;Actividades infantiles;Canarias;Santa Cruz de Tenerife;207;470;3359,61;16,23;62
2024;9;Espectaculos;Cultura, teatro y danza;Canarias;Santa Cruz de Tenerife;679;1541;10123,89;14,91;291
2024;9;Espectaculos;Musicales;Canarias;Santa Cruz de Tenerife;122;277;2854,8;23,4;47
2024;9;Espectaculos;Música;Canarias;Santa Cruz de Tenerife;233;528;3110,55;13,35;112
2024;9;Espectaculos;Cultura, teatro y danza;Canarias;Santa Cruz de Tenerife;265;601;4171,1;15,74;110
2024;9;Espectaculos;Música;Canarias;Santa Cruz de Tenerife;722;1638;7508,8;10,4;651
2024;9;Espectaculos;Música;Cantabria;Cantabria;5;11;75;15;4
2024;9;Espectaculos;Música;Cantabria;Cantabria;69;157;809,37;11,73;37
2024;9;Actividades;Actividades infantiles;Cantabria;Cantabria;11;25;77;7;4
2024;9;Espectaculos;Cultura, teatro y danza;Cantabria;Cantabria;102;231;1129,14;11,07;45
2024;9;Espectaculos;Música;Cantabria;Cantabria;26;59;130,78;5,03;16
2024;9;Espectaculos;Música;Castilla y León;Segovia;2;5;24;12;1
2024;9;Actividades;Cursos;Andalucía;Sevilla;2;5;65;32,5;1
2024;9;Espectaculos;Música;Andalucía;Sevilla;50;113;527;10,54;25
2024;9;Espectaculos;Música;Andalucía;Sevilla;20;45;309,4;15,47;11
2024;9;Espectaculos;Música;Andalucía;Sevilla;4;9;20,64;5,16;2
2024;9;Espectaculos;Conferencias;Andalucía;Sevilla;63;143;907,2;14,4;52
2024;9;Actividades;Cursos;Andalucía;Sevilla;19;43;475;25;18
2024;9;Espectaculos;Cine;Andalucía;Sevilla;515;1149;1926,1;3,74;247
2024;9;Espectaculos;Musicales;Andalucía;Sevilla;162;367;3162,24;19,52;71
2024;9;Espectaculos;Ferias;Andalucía;Sevilla;63;143;907,2;14,4;52
2024;9;Espectaculos;Música;Andalucía;Sevilla;3798;8022;50285,52;13,24;2152
2024;9;Actividades;Actividades infantiles;Andalucía;Sevilla;285;646;3465,6;12,16;103
2024;9;Espectaculos;Cultura, teatro y danza;Andalucía;Sevilla;1856;5132;21678,08;11,68;775
2024;9;Espectaculos;Museo y exposiciones;Andalucía;Sevilla;24;762;318;13,25;12
2024;9;Actividades;Gastronomía;Andalucía;Sevilla;72;163;372,24;5,17;32
2024;9;Espectaculos;Música;Castilla y León;Soria;15;34;183,75;12,25;7
2024;9;Espectaculos;Música;Castilla y León;Soria;80;181;1087,2;13,59;31
2024;9;Espectaculos;Cultura, teatro y danza;Castilla y León;Soria;223;506;3378,45;15,15;208
2024;9;Espectaculos;Música;Cataluña;Tarragona;43;98;533,2;12,4;24
2024;9;Espectaculos;Música;Cataluña;Tarragona;130;295;781,3;6,01;56
2024;9;Actividades;Actividades infantiles;Cataluña;Tarragona;38;86;554,04;14,58;9
2024;9;Espectaculos;Cultura, teatro y danza;Cataluña;Tarragona;38;86;554,04;14,58;9
2024;9;Espectaculos;Museo y exposiciones;Cataluña;Tarragona;38;86;554,04;14,58;9
2024;9;Actividades;Deportes y aventuras;Cataluña;Tarragona;141;320;4794;34;113
2024;9;Espectaculos;Música;Cataluña;Tarragona;27;61;105,03;3,89;8
2024;9;Espectaculos;Música;Cataluña;Tarragona;2;5;19,62;9,81;1
2024;9;Espectaculos;Música;Cataluña;Tarragona;2;5;14;7;1
2024;9;Espectaculos;Música;Cataluña;Tarragona;117;527;2000,7;17,1;56
2024;9;Actividades;Actividades infantiles;Cataluña;Tarragona;46;104;379,96;8,26;7
2024;9;Espectaculos;Música;Cataluña;Tarragona;1;2;10;10;1
2024;9;Espectaculos;Música;Cataluña;Tarragona;756;1728;7726,32;10,22;379
2024;9;Actividades;Actividades infantiles;Cataluña;Tarragona;1278;2899;7731,9;6,05;673
2024;9;Espectaculos;Cultura, teatro y danza;Cataluña;Tarragona;1;2;10;10;1
2024;9;Espectaculos;Música;Cataluña;Tarragona;97;220;2591,84;26,72;43
2024;9;Espectaculos;Música;Cataluña;Tarragona;49;111;626,22;12,78;21
2024;9;Espectaculos;Música;Cataluña;Tarragona;614;1393;7380,28;12,02;218
2024;9;Espectaculos;Música;Cataluña;Tarragona;74;168;445,48;6,02;46
2024;9;Espectaculos;Cultura, teatro y danza;Cataluña;Tarragona;51;116;843,03;16,53;23
2024;9;Espectaculos;Música;Cataluña;Tarragona;41;93;764,65;18,65;18
2024;9;Espectaculos;Música;Cataluña;Tarragona;37;84;370;10;22
2024;9;Espectaculos;Música;Aragón;Teruel;282;640;5936,1;21,05;211
2024;9;Espectaculos;Música;Aragón;Teruel;162;367;2726,46;16,83;67
2024;9;Espectaculos;Música;Aragón;Teruel;2;5;16;8;1
2024;9;Espectaculos;Música;Castilla - La Mancha;Toledo;25;57;2171;86,84;22
2024;9;Espectaculos;Música;Castilla - La Mancha;Toledo;34;77;655,86;19,29;17
2024;9;Actividades;Actividades infantiles;Castilla - La Mancha;Toledo;20;45;486,8;24,34;10
2024;9;Espectaculos;Cultura, teatro y danza;Castilla - La Mancha;Toledo;36;82;218,16;6,06;12
2024;9;Espectaculos;Música;Castilla - La Mancha;Toledo;6;14;60;10;2
2024;9;Actividades;Actividades infantiles;Castilla - La Mancha;Toledo;93;211;715,17;7,69;24
2024;9;Espectaculos;Cultura, teatro y danza;Castilla - La Mancha;Toledo;93;211;715,17;7,69;24
2024;9;Espectaculos;Museo y exposiciones;Castilla - La Mancha;Toledo;93;211;715,17;7,69;24
2024;9;Espectaculos;Música;Comunitat Valenciana;Valencia/València;25;1272;312,75;12,51;10
2024;9;Espectaculos;Música;Comunitat Valenciana;Valencia/València;324;735;5297,4;16,35;185
2024;9;Espectaculos;Cultura, teatro y danza;Comunitat Valenciana;Valencia/València;16;318;240;15;5
2024;9;Espectaculos;Música;Comunitat Valenciana;Valencia/València;63;143;1077,93;17,11;30
2024;9;Actividades;Actividades infantiles;Comunitat Valenciana;Valencia/València;23;52;372,83;16,21;8
2024;9;Espectaculos;Música;Comunitat Valenciana;Valencia/València;757;1728;6358,8;8,4;449
2024;9;Actividades;Actividades infantiles;Comunitat Valenciana;Valencia/València;59;134;798,86;13,54;24
2024;9;Espectaculos;Música;Comunitat Valenciana;Valencia/València;11;25;218,46;19,86;5
2024;9;Espectaculos;Musicales;Comunitat Valenciana;Valencia/València;23;52;72,68;3,16;4
2024;9;Espectaculos;Música;Comunitat Valenciana;Valencia/València;52;118;161,72;3,11;16
2024;9;Actividades;Actividades infantiles;Comunitat Valenciana;Valencia/València;43;98;134,59;3,13;10
2024;9;Espectaculos;Cultura, teatro y danza;Comunitat Valenciana;Valencia/València;89;202;371,13;4,17;22
2024;9;Espectaculos;Cultura, teatro y danza;Comunitat Valenciana;Valencia/València;13;29;158,99;12,23;8
2024;9;Espectaculos;Música;Comunitat Valenciana;Valencia/València;2;5;45,16;22,58;2
2024;9;Actividades;Cursos;Comunitat Valenciana;Valencia/València;9;20;225;25;8
2024;9;Espectaculos;Musicales;Comunitat Valenciana;Valencia/València;1298;2944;11876,7;9,15;411
2024;9;Espectaculos;Música;Comunitat Valenciana;Valencia/València;2082;4723;31167,54;14,97;1161
2024;9;Actividades;Actividades infantiles;Comunitat Valenciana;Valencia/València;3087;7002;28060,83;9,09;964
2024;9;Espectaculos;Cultura, teatro y danza;Comunitat Valenciana;Valencia/València;3811;8644;41921;11;1280
2024;9;Espectaculos;Cultura, teatro y danza;Castilla y León;Valladolid;136;308;1649,68;12,13;42
2024;9;Espectaculos;Cultura, teatro y danza;Castilla y León;Valladolid;57;129;273,03;4,79;19
2024;9;Espectaculos;Cultura, teatro y danza;Castilla y León;Valladolid;18;41;90;5;6
2024;9;Actividades;Cursos;Castilla y León;Valladolid;11;25;1571,35;142,85;8
2024;9;Espectaculos;Cultura, teatro y danza;Castilla y León;Valladolid;82;186;2425,56;29,58;53
2024;9;Espectaculos;Música;Castilla y León;Valladolid;878;1901;11694,96;13,32;523
2024;9;Actividades;Actividades infantiles;Castilla y León;Valladolid;29;66;269,41;9,29;8
2024;9;Espectaculos;Cultura, teatro y danza;Castilla y León;Valladolid;691;1460;10295,9;14,9;326
2024;9;Actividades;Actividades infantiles;Castilla y León;Valladolid;5;11;15;3;5
2024;9;Espectaculos;Música;País Vasco;Bizkaia;1929;4082;34066,14;17,66;1029
2024;9;Actividades;Deportes y aventuras;País Vasco;Bizkaia;98;222;2592,1;26,45;66
2024;9;Actividades;Actividades infantiles;País Vasco;Bizkaia;17;39;174,93;10,29;10
2024;9;Espectaculos;Cultura, teatro y danza;País Vasco;Bizkaia;158;358;1230,82;7,79;77
2024;9;Actividades;Gastronomía;País Vasco;Bizkaia;15;34;123,15;8,21;8
2024;9;Actividades;Actividades infantiles;País Vasco;Bizkaia;438;994;3955,14;9,03;123
2024;9;Espectaculos;Cultura, teatro y danza;País Vasco;Bizkaia;438;994;3955,14;9,03;123
2024;9;Espectaculos;Museo y exposiciones;País Vasco;Bizkaia;438;994;3955,14;9,03;123
2024;9;Espectaculos;Música;País Vasco;Bizkaia;18;41;345,42;19,19;18
2024;9;Espectaculos;Música;País Vasco;Bizkaia;44;100;440,88;10,02;17
2024;9;Espectaculos;Música;País Vasco;Bizkaia;21;48;318,99;15,19;11
2024;9;Espectaculos;Cultura, teatro y danza;País Vasco;Bizkaia;18;41;257,58;14,31;8
2024;9;Espectaculos;Música;País Vasco;Bizkaia;149;338;1561,52;10,48;70
2024;9;Espectaculos;Música;País Vasco;Bizkaia;60;136;857,4;14,29;45
2024;9;Actividades;Actividades infantiles;País Vasco;Bizkaia;1;21;195;195;1
2024;9;Espectaculos;Música;Castilla y León;Zamora;4;9;60,76;15,19;3
2024;9;Espectaculos;Música;Castilla y León;Zamora;200;454;2572;12,86;110
2024;9;Actividades;Actividades infantiles;Castilla y León;Zamora;27;61;135;5;9
2024;9;Espectaculos;Cultura, teatro y danza;Castilla y León;Zamora;39;88;156;4;21
2024;9;Espectaculos;Música;Aragón;Zaragoza;817;1853;7205,94;8,82;443
2024;9;Espectaculos;Cultura, teatro y danza;Aragón;Zaragoza;141;320;2123,46;15,06;65
2024;9;Espectaculos;Música;Aragón;Zaragoza;14;32;214,9;15,35;8
2024;9;Espectaculos;Musicales;Aragón;Zaragoza;143;324;1238,38;8,66;66
2024;9;Espectaculos;Música;Aragón;Zaragoza;6570;14903;93688,2;14,26;3859
2024;9;Actividades;Actividades infantiles;Aragón;Zaragoza;1242;2817;12469,68;10,04;442
2024;9;Espectaculos;Cultura, teatro y danza;Aragón;Zaragoza;1758;3988;16296,66;9,27;653
2024;9;Espectaculos;Cultura, teatro y danza;Ceuta;Ceuta;103;234;728,21;7,07;46
2024;9;Espectaculos;Conferencias;Total Nacional;Total Nacional;638;1925;24449,6274;38,3223;417
2024;9;Actividades;Cursos;Total Nacional;Total Nacional;1142;3139;38072,6812;33,3386;851
2024;9;Espectaculos;Cine;Total Nacional;Total Nacional;2027;4733;15414,7269;7,6047;983
2024;9;Espectaculos;Musicales;Total Nacional;Total Nacional;4989;11468;61465,9767;12,3203;1901
2024;9;Espectaculos;Ferias;Total Nacional;Total Nacional;233;578;9552,6039;40,9983;181
2024;9;Espectaculos;Música;Total Nacional;Total Nacional;134164;308400;2235628,398;16,6634;77471
2024;9;Actividades;Deportes y aventuras;Total Nacional;Total Nacional;3853;8766;77688,8096;20,1632;2111
2024;9;Actividades;Actividades infantiles;Total Nacional;Total Nacional;18070;40985;279190,535;15,4505;6507
2024;9;Espectaculos;Cultura, teatro y danza;Total Nacional;Total Nacional;38442;89953;479425,5588;12,4714;15698
2024;9;Espectaculos;Museo y exposiciones;Total Nacional;Total Nacional;1280;3612;17818,88;13,921;363
2024;9;Actividades;Gastronomía;Total Nacional;Total Nacional;1263;2866;18537,1773;14,6771;657
2024;10;Espectaculos;Cultura, teatro y danza;País Vasco;Araba/Álava;31;66;155,31;5,01;19
2024;10;Actividades;Deportes y aventuras;País Vasco;Araba/Álava;17;97;166,77;9,81;16
2024;10;Espectaculos;Música;País Vasco;Araba/Álava;103;742;1589,29;15,43;54
2024;10;Actividades;Actividades infantiles;País Vasco;Araba/Álava;53;113;251,75;4,75;10
2024;10;Espectaculos;Cultura, teatro y danza;País Vasco;Araba/Álava;549;1175;3892,41;7,09;237
2024;10;Actividades;Actividades infantiles;País Vasco;Araba/Álava;22;47;88;4;16
2024;10;Espectaculos;Musicales;Castilla - La Mancha;Albacete;224;479;3194,24;14,26;72
2024;10;Espectaculos;Música;Castilla - La Mancha;Albacete;673;1440;7840,45;11,65;315
2024;10;Actividades;Deportes y aventuras;Castilla - La Mancha;Albacete;2;4;39,08;19,54;1
2024;10;Actividades;Actividades infantiles;Castilla - La Mancha;Albacete;168;359;2772;16,5;44
2024;10;Espectaculos;Cultura, teatro y danza;Castilla - La Mancha;Albacete;861;2258;9410,73;10,93;320
2024;10;Actividades;Gastronomía;Castilla - La Mancha;Albacete;87;186;1053,57;12,11;36
2024;10;Espectaculos;Cultura, teatro y danza;Castilla - La Mancha;Albacete;38;81;363,28;9,56;13
2024;10;Actividades;Deportes y aventuras;Castilla - La Mancha;Albacete;54;116;1377,54;25,51;29
2024;10;Espectaculos;Cine;Castilla - La Mancha;Albacete;46;98;102,12;2,22;13
2024;10;Espectaculos;Música;Castilla - La Mancha;Albacete;28;60;334,04;11,93;11
2024;10;Espectaculos;Cultura, teatro y danza;Comunitat Valenciana;Alicante/Alacant;1;2;5;5;1
2024;10;Espectaculos;Cine;Comunitat Valenciana;Alicante/Alacant;5;11;60;12;3
2024;10;Espectaculos;Música;Comunitat Valenciana;Alicante/Alacant;857;1833;11560,93;13,49;585
2024;10;Actividades;Deportes y aventuras;Comunitat Valenciana;Alicante/Alacant;4;9;100;25;4
2024;10;Actividades;Actividades infantiles;Comunitat Valenciana;Alicante/Alacant;53;113;2920,3;55,1;53
2024;10;Espectaculos;Cultura, teatro y danza;Comunitat Valenciana;Alicante/Alacant;236;505;7858,8;33,3;99
2024;10;Actividades;Gastronomía;Comunitat Valenciana;Alicante/Alacant;3;6;85,83;28,61;2
2024;10;Espectaculos;Música;Comunitat Valenciana;Alicante/Alacant;16;34;274,88;17,18;16
2024;10;Actividades;Deportes y aventuras;Comunitat Valenciana;Alicante/Alacant;111;237;4613,16;41,56;73
2024;10;Actividades;Actividades infantiles;Comunitat Valenciana;Alicante/Alacant;128;2887;4321,28;33,76;84
2024;10;Espectaculos;Música;Comunitat Valenciana;Alicante/Alacant;7;15;70;10;4
2024;10;Espectaculos;Música;Comunitat Valenciana;Alicante/Alacant;8;17;372,88;46,61;6
2024;10;Espectaculos;Música;Comunitat Valenciana;Alicante/Alacant;95;203;1294,85;13,63;42
2024;10;Actividades;Gastronomía;Comunitat Valenciana;Alicante/Alacant;47;101;721,92;15,36;20
2024;10;Espectaculos;Música;Comunitat Valenciana;Alicante/Alacant;33;71;397,65;12,05;19
2024;10;Actividades;Deportes y aventuras;Comunitat Valenciana;Alicante/Alacant;148;317;435,12;2,94;42
2024;10;Actividades;Actividades infantiles;Comunitat Valenciana;Alicante/Alacant;148;317;435,12;2,94;42
2024;10;Espectaculos;Música;Comunitat Valenciana;Alicante/Alacant;64;137;1025,92;16,03;44
2024;10;Espectaculos;Música;Comunitat Valenciana;Alicante/Alacant;45;96;445,05;9,89;29
2024;10;Actividades;Gastronomía;Comunitat Valenciana;Alicante/Alacant;45;96;445,05;9,89;29
2024;10;Espectaculos;Cine;Comunitat Valenciana;Alicante/Alacant;15;32;75;5;8
2024;10;Espectaculos;Musicales;Comunitat Valenciana;Alicante/Alacant;75;160;699,75;9,33;23
2024;10;Espectaculos;Música;Comunitat Valenciana;Alicante/Alacant;1450;3102;22431,5;15,47;1051
2024;10;Actividades;Deportes y aventuras;Comunitat Valenciana;Alicante/Alacant;347;742;3293,03;9,49;156
2024;10;Actividades;Actividades infantiles;Comunitat Valenciana;Alicante/Alacant;41;88;451;11;11
2024;10;Espectaculos;Cultura, teatro y danza;Comunitat Valenciana;Alicante/Alacant;675;1444;5069,25;7,51;216
2024;10;Actividades;Deportes y aventuras;Comunitat Valenciana;Alicante/Alacant;59;126;2288,02;38,78;36
2024;10;Actividades;Actividades infantiles;Comunitat Valenciana;Alicante/Alacant;59;126;2288,02;38,78;36
2024;10;Espectaculos;Música;Comunitat Valenciana;Alicante/Alacant;901;1928;10703,88;11,88;610
2024;10;Actividades;Cursos;Comunitat Valenciana;Alicante/Alacant;4;9;40;10;4
2024;10;Actividades;Deportes y aventuras;Comunitat Valenciana;Alicante/Alacant;46;648;2166,6;47,1;35
2024;10;Espectaculos;Música;Comunitat Valenciana;Alicante/Alacant;62;133;629,3;10,15;17
2024;10;Espectaculos;Cine;Comunitat Valenciana;Alicante/Alacant;61;131;850,95;13,95;26
2024;10;Espectaculos;Música;Comunitat Valenciana;Alicante/Alacant;5;11;35;7;3
2024;10;Espectaculos;Música;Comunitat Valenciana;Alicante/Alacant;75;160;943,5;12,58;46
2024;10;Espectaculos;Música;Comunitat Valenciana;Alicante/Alacant;588;1258;3627,96;6,17;358
2024;10;Espectaculos;Cultura, teatro y danza;Comunitat Valenciana;Alicante/Alacant;10;21;98,1;9,81;6
2024;10;Espectaculos;Musicales;Comunitat Valenciana;Alicante/Alacant;14;30;70;5;5
2024;10;Espectaculos;Cultura, teatro y danza;Comunitat Valenciana;Alicante/Alacant;14;30;70;5;5
2024;10;Espectaculos;Música;Comunitat Valenciana;Alicante/Alacant;113;242;2837,43;25,11;44
2024;10;Espectaculos;Música;Comunitat Valenciana;Alicante/Alacant;192;410;6814,08;35,49;111
2024;10;Espectaculos;Cultura, teatro y danza;Comunitat Valenciana;Alicante/Alacant;98;210;6370;65;32
2024;10;Actividades;Deportes y aventuras;Comunitat Valenciana;Alicante/Alacant;42;90;833,7;19,85;42
2024;10;Espectaculos;Cine;Comunitat Valenciana;Alicante/Alacant;90;193;1260;14;42
2024;10;Espectaculos;Música;Comunitat Valenciana;Alicante/Alacant;231;494;5763,45;24,95;109
2024;10;Espectaculos;Cine;Comunitat Valenciana;Alicante/Alacant;294;629;3971,94;13,51;123
2024;10;Espectaculos;Parques temáticos;Comunitat Valenciana;Alicante/Alacant;706;1510;7067,06;10,01;244
2024;10;Espectaculos;Música;Comunitat Valenciana;Alicante/Alacant;413;884;8338,47;20,19;193
2024;10;Actividades;Deportes y aventuras;Comunitat Valenciana;Alicante/Alacant;706;1510;7067,06;10,01;244
2024;10;Espectaculos;Música;Andalucía;Almería;81;173;2178,09;26,89;32
2024;10;Espectaculos;Musicales;Andalucía;Almería;44;94;546,04;12,41;18
2024;10;Espectaculos;Música;Andalucía;Almería;2874;5774;39488,76;13,74;2720
2024;10;Espectaculos;Cultura, teatro y danza;Andalucía;Almería;388;830;4236,96;10,92;166
2024;10;Espectaculos;Música;Andalucía;Almería;174;372;10450,44;60,06;78
2024;10;Actividades;Actividades infantiles;Andalucía;Almería;8;17;170,64;21,33;4
2024;10;Espectaculos;Cultura, teatro y danza;Andalucía;Almería;8;17;170,64;21,33;4
2024;10;Espectaculos;Cultura, teatro y danza;Andalucía;Almería;286;612;6566,56;22,96;100
2024;10;Espectaculos;Musicales;Andalucía;Almería;18;39;183,06;10,17;9
2024;10;Espectaculos;Música;Andalucía;Almería;97;208;3201;33;31
2024;10;Actividades;Deportes y aventuras;Andalucía;Almería;1;2;25;25;1
2024;10;Espectaculos;Cultura, teatro y danza;Andalucía;Almería;66;141;1341,12;20,32;27
2024;10;Espectaculos;Cultura, teatro y danza;Castilla y León;Ávila;2;4;20;10;2
2024;10;Espectaculos;Música;Extremadura;Badajoz;10;21;110;11;6
2024;10;Espectaculos;Música;Extremadura;Badajoz;1000;2139;11540;11,54;460
2024;10;Actividades;Actividades infantiles;Extremadura;Badajoz;19;41;152;8;13
2024;10;Actividades;Gastronomía;Extremadura;Badajoz;19;41;152;8;13
2024;10;Actividades;Deportes y aventuras;Extremadura;Badajoz;101;216;3030;30;77
2024;10;Espectaculos;Cultura, teatro y danza;Extremadura;Badajoz;34;73;102;3;15
2024;10;Espectaculos;Musicales;Extremadura;Badajoz;28;60;492,8;17,6;8
2024;10;Espectaculos;Música;Extremadura;Badajoz;111;237;1201,02;10,82;55
2024;10;Actividades;Actividades infantiles;Extremadura;Badajoz;28;60;492,8;17,6;8
2024;10;Espectaculos;Cultura, teatro y danza;Extremadura;Badajoz;67;143;860,28;12,84;26
2024;10;Espectaculos;Cultura, teatro y danza;Extremadura;Badajoz;5;11;82,5;16,5;3
2024;10;Actividades;Deportes y aventuras;Extremadura;Badajoz;16;73;132;8,25;14
2024;10;Actividades;Deportes y aventuras;Extremadura;Badajoz;52;111;546;10,5;51
2024;10;Espectaculos;Musicales;Extremadura;Badajoz;40;86;660;16,5;9
2024;10;Espectaculos;Cultura, teatro y danza;Extremadura;Badajoz;40;86;660;16,5;9
2024;10;Espectaculos;Musicales;Extremadura;Badajoz;23;49;404,8;17,6;7
2024;10;Actividades;Actividades infantiles;Extremadura;Badajoz;23;49;404,8;17,6;7
2024;10;Espectaculos;Cultura, teatro y danza;Extremadura;Badajoz;23;49;404,8;17,6;7
2024;10;Espectaculos;Música;Illes Balears;Illes Balears;137;293;1728,94;12,62;68
2024;10;Espectaculos;Música;Illes Balears;Illes Balears;36;77;648;18;29
2024;10;Espectaculos;Música;Illes Balears;Illes Balears;23;50;258,06;11,22;7
2024;10;Espectaculos;Cultura, teatro y danza;Illes Balears;Illes Balears;22;47;198,66;9,03;9
2024;10;Actividades;Cursos;Illes Balears;Illes Balears;38;81;1110,74;29,23;27
2024;10;Espectaculos;Música;Illes Balears;Illes Balears;61;131;864,37;14,17;43
2024;10;Actividades;Deportes y aventuras;Illes Balears;Illes Balears;34;73;755,14;22,21;14
2024;10;Espectaculos;Música;Illes Balears;Illes Balears;2;4;37,88;18,94;1
2024;10;Actividades;Actividades infantiles;Illes Balears;Illes Balears;2;4;37,88;18,94;1
2024;10;Espectaculos;Música;Illes Balears;Illes Balears;180;385;3103,2;17,24;120
2024;10;Espectaculos;Música;Illes Balears;Illes Balears;536;1147;8538,48;15,93;316
2024;10;Actividades;Actividades infantiles;Illes Balears;Illes Balears;4;9;96;24;1
2024;10;Espectaculos;Música;Illes Balears;Illes Balears;493;1055;5462,44;11,08;237
2024;10;Espectaculos;Cultura, teatro y danza;Illes Balears;Illes Balears;2;4;10,36;5,18;2
2024;10;Actividades;Gastronomía;Illes Balears;Illes Balears;7;15;38,5;5,5;4
2024;10;Espectaculos;Música;Illes Balears;Illes Balears;87;186;1085,76;12,48;35
2024;10;Espectaculos;Música;Illes Balears;Illes Balears;228;1420;2364,36;10,37;109
2024;10;Actividades;Actividades infantiles;Illes Balears;Illes Balears;151;323;2351,07;15,57;81
2024;10;Espectaculos;Cultura, teatro y danza;Illes Balears;Illes Balears;33;71;170,94;5,18;13
2024;10;Espectaculos;Música;Illes Balears;Illes Balears;34;73;426,36;12,54;19
2024;10;Espectaculos;Cultura, teatro y danza;Illes Balears;Illes Balears;35;75;181,3;5,18;16
2024;10;Espectaculos;Música;Illes Balears;Illes Balears;20;43;829;41,45;12
2024;10;Espectaculos;Música;Illes Balears;Illes Balears;831;1778;9689,46;11,66;441
2024;10;Espectaculos;Música;Illes Balears;Illes Balears;218;466;3507,62;16,09;127
2024;10;Espectaculos;Música;Illes Balears;Illes Balears;81;173;463,32;5,72;40
2024;10;Actividades;Deportes y aventuras;Illes Balears;Illes Balears;107;229;554,26;5,18;43
2024;10;Espectaculos;Cultura, teatro y danza;Illes Balears;Illes Balears;474;1014;5654,82;11,93;163
2024;10;Espectaculos;Música;Illes Balears;Illes Balears;50;107;521;10,42;21
2024;10;Espectaculos;Música;Illes Balears;Illes Balears;2;4;33;16,5;1
2024;10;Espectaculos;Cultura, teatro y danza;Illes Balears;Illes Balears;7;15;63;9;3
2024;10;Actividades;Cursos;Illes Balears;Illes Balears;13;28;39;3;8
2024;10;Espectaculos;Cine;Illes Balears;Illes Balears;13;28;66,17;5,09;7
2024;10;Espectaculos;Música;Illes Balears;Illes Balears;692;1480;6830,04;9,87;354
2024;10;Espectaculos;Cultura, teatro y danza;Illes Balears;Illes Balears;252;552;2016;8;96
2024;10;Espectaculos;Música;Illes Balears;Illes Balears;441;943;5446,35;12,35;295
2024;10;Actividades;Cursos;Illes Balears;Illes Balears;305;652;15582,45;51,09;142
2024;10;Espectaculos;Musicales;Illes Balears;Illes Balears;25;61;304;12,16;15
2024;10;Espectaculos;Música;Illes Balears;Illes Balears;10269;30481;164920,14;16,06;6604
2024;10;Actividades;Actividades infantiles;Illes Balears;Illes Balears;171;366;2534,22;14,82;107
2024;10;Espectaculos;Cultura, teatro y danza;Illes Balears;Illes Balears;561;1420;6086,85;10,85;271
2024;10;Espectaculos;Museo y exposiciones;Illes Balears;Illes Balears;2;4;10,36;5,18;2
2024;10;Actividades;Gastronomía;Illes Balears;Illes Balears;198;424;6791,4;34,3;81
2024;10;Espectaculos;Música;Illes Balears;Illes Balears;376;804;4944,4;13,15;134
2024;10;Actividades;Actividades infantiles;Illes Balears;Illes Balears;2;4;10;5;1
2024;10;Espectaculos;Cultura, teatro y danza;Illes Balears;Illes Balears;296;633;2859,36;9,66;117
2024;10;Espectaculos;Música;Illes Balears;Illes Balears;30;64;465,6;15,52;15
2024;10;Espectaculos;Cultura, teatro y danza;Illes Balears;Illes Balears;9;19;81;9;6
2024;10;Espectaculos;Música;Illes Balears;Illes Balears;16;332;120,16;7,51;11
2024;10;Actividades;Cursos;Illes Balears;Illes Balears;40;400;124,4;3,11;24
2024;10;Espectaculos;Música;Illes Balears;Illes Balears;19;41;229,9;12,1;9
2024;10;Espectaculos;Cultura, teatro y danza;Illes Balears;Illes Balears;84;272;870,24;10,36;44
2024;10;Espectaculos;Música;Illes Balears;Illes Balears;335;940;3175,8;9,48;159
2024;10;Actividades;Actividades infantiles;Illes Balears;Illes Balears;286;612;2024,88;7,08;88
2024;10;Espectaculos;Cultura, teatro y danza;Illes Balears;Illes Balears;683;1461;6495,33;9,51;276
2024;10;Espectaculos;Música;Illes Balears;Illes Balears;209;447;1655,28;7,92;97
2024;10;Actividades;Actividades infantiles;Illes Balears;Illes Balears;42;90;657,3;15,65;12
2024;10;Espectaculos;Cultura, teatro y danza;Illes Balears;Illes Balears;243;520;1732,59;7,13;99
2024;10;Actividades;Cursos;Illes Balears;Illes Balears;65;139;5946,2;91,48;54
2024;10;Espectaculos;Música;Illes Balears;Illes Balears;103;220;1941,55;18,85;32
2024;10;Actividades;Actividades infantiles;Illes Balears;Illes Balears;103;220;1941,55;18,85;32
2024;10;Espectaculos;Música;Illes Balears;Illes Balears;49;98;467,46;9,54;28
2024;10;Espectaculos;Música;Illes Balears;Illes Balears;194;593;1567,52;8,08;97
2024;10;Actividades;Actividades infantiles;Illes Balears;Illes Balears;140;300;3035,2;21,68;109
2024;10;Espectaculos;Música;Illes Balears;Illes Balears;46;217;734,62;15,97;20
2024;10;Espectaculos;Cultura, teatro y danza;Illes Balears;Illes Balears;19;41;200,45;10,55;8
2024;10;Espectaculos;Música;Illes Balears;Illes Balears;226;483;5005,9;22,15;101
2024;10;Espectaculos;Música;Illes Balears;Illes Balears;3625;7755;64343,75;17,75;1290
2024;10;Actividades;Actividades infantiles;Illes Balears;Illes Balears;161;344;2765,98;17,18;57
2024;10;Espectaculos;Música;Illes Balears;Illes Balears;9;19;187,2;20,8;4
2024;10;Actividades;Actividades infantiles;Illes Balears;Illes Balears;1571;3361;12897,91;8,21;375
2024;10;Espectaculos;Cultura, teatro y danza;Illes Balears;Illes Balears;1574;3367;14087,3;8,95;377
2024;10;Espectaculos;Música;Illes Balears;Illes Balears;20;43;829;41,45;12
2024;10;Espectaculos;Música;Cataluña;Barcelona;19;41;193,8;10,2;11
2024;10;Espectaculos;Cultura, teatro y danza;Cataluña;Barcelona;9;19;108;12;5
2024;10;Espectaculos;Música;Cataluña;Barcelona;64;137;2943,36;45,99;48
2024;10;Espectaculos;Música;Cataluña;Barcelona;459;982;7720,38;16,82;271
2024;10;Espectaculos;Música;Cataluña;Barcelona;2;4;40;20;1
2024;10;Espectaculos;Conferencias;Cataluña;Barcelona;4;845;150;37,5;4
2024;10;Actividades;Cursos;Cataluña;Barcelona;268;748;10122,36;37,77;210
2024;10;Espectaculos;Cine;Cataluña;Barcelona;272;582;3095,36;11,38;174
2024;10;Espectaculos;Musicales;Cataluña;Barcelona;1433;3066;18500,03;12,91;450
2024;10;Espectaculos;Música;Cataluña;Barcelona;20727;44740;291421,62;14,06;12706
2024;10;Actividades;Deportes y aventuras;Cataluña;Barcelona;148;316;1040,44;7,03;67
2024;10;Actividades;Actividades infantiles;Cataluña;Barcelona;2576;5215;50592,64;19,64;916
2024;10;Espectaculos;Cultura, teatro y danza;Cataluña;Barcelona;5430;11658;98337,3;18,11;2591
2024;10;Espectaculos;Museo y exposiciones;Cataluña;Barcelona;84;180;1092,84;13,01;33
2024;10;Actividades;Gastronomía;Cataluña;Barcelona;450;959;9189;20,42;282
2024;10;Espectaculos;Música;Cataluña;Barcelona;2;4;56;28;1
2024;10;Espectaculos;Música;Cataluña;Barcelona;7;15;154;22;4
2024;10;Espectaculos;Música;Cataluña;Barcelona;33;71;330;10;19
2024;10;Espectaculos;Música;Cataluña;Barcelona;127;272;2379,98;18,74;56
2024;10;Actividades;Actividades infantiles;Cataluña;Barcelona;127;272;2379,98;18,74;56
2024;10;Espectaculos;Música;Cataluña;Barcelona;8;17;144;18;4
2024;10;Espectaculos;Música;Cataluña;Barcelona;124;266;2409,32;19,43;55
2024;10;Actividades;Actividades infantiles;Cataluña;Barcelona;124;266;2409,32;19,43;55
2024;10;Actividades;Deportes y aventuras;Cataluña;Barcelona;58;124;1204,66;20,77;35
2024;10;Actividades;Deportes y aventuras;Cataluña;Barcelona;385;824;3850;10;198
2024;10;Espectaculos;Música;Cataluña;Barcelona;133;285;1662,5;12,5;53
2024;10;Espectaculos;Cultura, teatro y danza;Cataluña;Barcelona;186;398;1860;10;61
2024;10;Espectaculos;Música;Cataluña;Barcelona;669;1430;11914,89;17,81;432
2024;10;Actividades;Deportes y aventuras;Cataluña;Barcelona;7;15;20,51;2,93;4
2024;10;Espectaculos;Cultura, teatro y danza;Cataluña;Barcelona;340;727;3835,2;11,28;124
2024;10;Espectaculos;Música;Cataluña;Barcelona;93;199;1119,72;12,04;79
2024;10;Espectaculos;Cultura, teatro y danza;Cataluña;Barcelona;2;4;20;10;1
2024;10;Espectaculos;Música;Cataluña;Barcelona;209;447;9676,7;46,3;121
2024;10;Espectaculos;Música;Cataluña;Barcelona;87;186;700,35;8,05;34
2024;10;Espectaculos;Música;Cataluña;Barcelona;17;36;283,39;16,67;9
2024;10;Actividades;Deportes y aventuras;Cataluña;Barcelona;4;9;117,84;29,46;4
2024;10;Espectaculos;Música;Cataluña;Barcelona;22;47;110;5;11
2024;10;Actividades;Actividades infantiles;Cataluña;Barcelona;22;47;110;5;11
2024;10;Espectaculos;Cultura, teatro y danza;Cataluña;Barcelona;32;68;160;5;15
2024;10;Espectaculos;Música;Cataluña;Barcelona;10;21;120;12;4
2024;10;Actividades;Actividades infantiles;Cataluña;Barcelona;781;1671;7193,01;9,21;219
2024;10;Actividades;Actividades infantiles;Cataluña;Barcelona;51;109;149,43;2,93;30
2024;10;Espectaculos;Conferencias;Cataluña;Barcelona;89;190;3341,95;37,55;69
2024;10;Espectaculos;Música;Cataluña;Barcelona;1;2;7;7;1
2024;10;Actividades;Actividades infantiles;Cataluña;Barcelona;43;92;430;10;18
2024;10;Espectaculos;Cultura, teatro y danza;Cataluña;Barcelona;43;92;430;10;18
2024;10;Espectaculos;Música;Cataluña;Barcelona;101;216;2027,07;20,07;45
2024;10;Actividades;Actividades infantiles;Cataluña;Barcelona;69;148;1309,62;18,98;32
2024;10;Espectaculos;Música;Cataluña;Barcelona;201;430;4036,08;20,08;121
2024;10;Actividades;Deportes y aventuras;Cataluña;Barcelona;2;4;44;22;1
2024;10;Espectaculos;Música;Cataluña;Barcelona;28;60;281,12;10,04;11
2024;10;Espectaculos;Música;Cataluña;Barcelona;80;171;240;3;46
2024;10;Espectaculos;Música;Cataluña;Barcelona;330;706;3682,8;11,16;177
2024;10;Actividades;Cursos;Cataluña;Barcelona;12;26;282,72;23,56;10
2024;10;Espectaculos;Música;Cataluña;Barcelona;23;49;560,74;24,38;20
2024;10;Espectaculos;Cultura, teatro y danza;Cataluña;Barcelona;7;15;63,7;9,1;2
2024;10;Espectaculos;Música;Cataluña;Barcelona;115;246;1030,4;8,96;59
2024;10;Espectaculos;Música;Cataluña;Barcelona;18;39;279;15,5;5
2024;10;Actividades;Deportes y aventuras;Cataluña;Barcelona;223;477;2941,37;13,19;103
2024;10;Espectaculos;Música;Cataluña;Barcelona;26;56;132,34;5,09;12
2024;10;Espectaculos;Cultura, teatro y danza;Cataluña;Barcelona;69;148;406,41;5,89;29
2024;10;Actividades;Deportes y aventuras;Cataluña;Barcelona;546;1168;6470,1;11,85;272
2024;10;Actividades;Actividades infantiles;Cataluña;Barcelona;546;1168;6470,1;11,85;272
2024;10;Espectaculos;Cine;Cataluña;Barcelona;13;28;45,5;3,5;7
2024;10;Espectaculos;Música;Cataluña;Barcelona;109;233;2100,43;19,27;83
2024;10;Espectaculos;Cultura, teatro y danza;Cataluña;Barcelona;65;139;644,15;9,91;36
2024;10;Espectaculos;Música;Cataluña;Barcelona;62;133;440,82;7,11;23
2024;10;Actividades;Deportes y aventuras;Cataluña;Barcelona;217;464;2172,17;10,01;147
2024;10;Espectaculos;Música;Cataluña;Barcelona;4;9;63;15,75;2
2024;10;Espectaculos;Cultura, teatro y danza;Cataluña;Barcelona;169;362;3390,14;20,06;62
2024;10;Espectaculos;Música;Cataluña;Barcelona;139;297;1359,42;9,78;75
2024;10;Actividades;Gastronomía;Cataluña;Barcelona;1;2;7;7;1
2024;10;Espectaculos;Cine;Cataluña;Barcelona;5;11;25,4;5,08;4
2024;10;Espectaculos;Musicales;Cataluña;Barcelona;119;255;1428;12;29
2024;10;Espectaculos;Música;Cataluña;Barcelona;79;169;1272,69;16,11;52
2024;10;Actividades;Actividades infantiles;Cataluña;Barcelona;119;255;1428;12;29
2024;10;Espectaculos;Cultura, teatro y danza;Cataluña;Barcelona;171;366;2871,09;16,79;52
2024;10;Espectaculos;Cultura, teatro y danza;Cataluña;Barcelona;53;113;1336,13;25,21;30
2024;10;Espectaculos;Música;Cataluña;Barcelona;4;9;23,32;5,83;2
2024;10;Espectaculos;Música;Cataluña;Barcelona;19;41;855;45;15
2024;10;Espectaculos;Música;Cataluña;Barcelona;127;272;1907,54;15,02;53
2024;10;Actividades;Cursos;Cataluña;Barcelona;7;16;98;14;7
2024;10;Espectaculos;Musicales;Cataluña;Barcelona;184;394;1724,08;9,37;108
2024;10;Actividades;Deportes y aventuras;Cataluña;Barcelona;776;1660;11422,72;14,72;412
2024;10;Actividades;Actividades infantiles;Cataluña;Barcelona;776;1660;11422,72;14,72;412
2024;10;Espectaculos;Cultura, teatro y danza;Cataluña;Barcelona;329;704;3171,56;9,64;189
2024;10;Espectaculos;Musicales;Cataluña;Barcelona;50;107;510,5;10,21;17
2024;10;Espectaculos;Música;Cataluña;Barcelona;475;1016;6122,75;12,89;250
2024;10;Actividades;Deportes y aventuras;Cataluña;Barcelona;60;128;5161,2;86,02;37
2024;10;Espectaculos;Cultura, teatro y danza;Cataluña;Barcelona;62;133;670,84;10,82;22
2024;10;Actividades;Gastronomía;Cataluña;Barcelona;10;21;142,1;14,21;3
2024;10;Actividades;Deportes y aventuras;Cataluña;Barcelona;44;94;440;10;22
2024;10;Actividades;Cursos;Cataluña;Barcelona;12;26;336;28;12
2024;10;Espectaculos;Música;Cataluña;Barcelona;142;380;1363,2;9,6;106
2024;10;Espectaculos;Cultura, teatro y danza;Cataluña;Barcelona;2;26;23,56;11,78;1
2024;10;Espectaculos;Música;Cataluña;Barcelona;7;15;105;15;3
2024;10;Espectaculos;Música;Cataluña;Barcelona;75;160;1170;15,6;32
2024;10;Espectaculos;Música;Cataluña;Barcelona;545;1166;6997,8;12,84;370
2024;10;Actividades;Actividades infantiles;Cataluña;Barcelona;55;169;1174,8;21,36;18
2024;10;Espectaculos;Música;Castilla y León;Burgos;136;291;2641,12;19,42;64
2024;10;Espectaculos;Música;Castilla y León;Burgos;178;381;2392,32;13,44;100
2024;10;Espectaculos;Musicales;Extremadura;Cáceres;212;454;3614,6;17,05;72
2024;10;Espectaculos;Música;Extremadura;Cáceres;35;75;386,75;11,05;18
2024;10;Actividades;Actividades infantiles;Extremadura;Cáceres;212;454;3614,6;17,05;72
2024;10;Espectaculos;Cultura, teatro y danza;Extremadura;Cáceres;398;851;4485,46;11,27;175
2024;10;Actividades;Deportes y aventuras;Extremadura;Cáceres;259;563;2792,02;10,78;239
2024;10;Actividades;Actividades infantiles;Extremadura;Cáceres;79;169;395;5;27
2024;10;Espectaculos;Cultura, teatro y danza;Extremadura;Cáceres;87;186;761,25;8,75;31
2024;10;Espectaculos;Musicales;Extremadura;Cáceres;49;105;862,4;17,6;10
2024;10;Espectaculos;Música;Extremadura;Cáceres;39;83;943,8;24,2;17
2024;10;Actividades;Actividades infantiles;Extremadura;Cáceres;49;105;862,4;17,6;10
2024;10;Espectaculos;Cultura, teatro y danza;Extremadura;Cáceres;49;105;862,4;17,6;10
2024;10;Espectaculos;Conferencias;Andalucía;Cádiz;2;4;20;10;1
2024;10;Espectaculos;Música;Andalucía;Cádiz;34;73;340,34;10,01;19
2024;10;Actividades;Deportes y aventuras;Andalucía;Cádiz;18;39;55,8;3,1;8
2024;10;Espectaculos;Cultura, teatro y danza;Andalucía;Cádiz;45;96;250,65;5,57;18
2024;10;Espectaculos;Música;Andalucía;Cádiz;476;1019;7297,08;15,33;245
2024;10;Actividades;Deportes y aventuras;Andalucía;Cádiz;102;218;2216,46;21,73;88
2024;10;Actividades;Actividades infantiles;Andalucía;Cádiz;15;32;329,4;21,96;9
2024;10;Actividades;Gastronomía;Andalucía;Cádiz;13;28;130;10;5
2024;10;Espectaculos;Música;Andalucía;Cádiz;132;282;1685,64;12,77;70
2024;10;Espectaculos;Música;Andalucía;Cádiz;754;1613;11046,1;14,65;400
2024;10;Espectaculos;Cultura, teatro y danza;Andalucía;Cádiz;72;154;894,96;12,43;31
2024;10;Espectaculos;Música;Andalucía;Cádiz;277;1214;2227,08;8,04;191
2024;10;Espectaculos;Música;Andalucía;Cádiz;98;210;1302,42;13,29;50
2024;10;Espectaculos;Música;Andalucía;Cádiz;105;225;2088,45;19,89;45
2024;10;Espectaculos;Musicales;Andalucía;Cádiz;173;370;2854,5;16,5;50
2024;10;Actividades;Actividades infantiles;Andalucía;Cádiz;173;370;2854,5;16,5;50
2024;10;Espectaculos;Cultura, teatro y danza;Andalucía;Cádiz;173;370;2854,5;16,5;50
2024;10;Espectaculos;Música;Comunitat Valenciana;Castellón/Castelló;35;75;466,9;13,34;13
2024;10;Espectaculos;Música;Comunitat Valenciana;Castellón/Castelló;1095;2344;14935,8;13,64;537
2024;10;Espectaculos;Cultura, teatro y danza;Comunitat Valenciana;Castellón/Castelló;220;471;3183,4;14,47;89
2024;10;Espectaculos;Música;Castilla - La Mancha;Ciudad Real;6;13;61,86;10,31;2
2024;10;Espectaculos;Conferencias;Castilla - La Mancha;Ciudad Real;57;122;3427,98;60,14;36
2024;10;Espectaculos;Música;Castilla - La Mancha;Ciudad Real;102;218;765;7,5;63
2024;10;Espectaculos;Música;Castilla - La Mancha;Ciudad Real;174;372;2797,92;16,08;109
2024;10;Espectaculos;Música;Castilla - La Mancha;Ciudad Real;127;272;1079,5;8,5;61
2024;10;Espectaculos;Musicales;Andalucía;Córdoba;25;53;275;11;14
2024;10;Espectaculos;Música;Andalucía;Córdoba;367;785;4899,45;13,35;186
2024;10;Actividades;Actividades infantiles;Andalucía;Córdoba;76;163;767,6;10,1;32
2024;10;Espectaculos;Cultura, teatro y danza;Andalucía;Córdoba;834;1784;11417,46;13,69;344
2024;10;Espectaculos;Música;Andalucía;Córdoba;22;47;273,46;12,43;9
2024;10;Espectaculos;Música;Galicia;A Coruña;135;289;993,6;7,36;92
2024;10;Espectaculos;Musicales;Galicia;A Coruña;9;19;64,98;7,22;3
2024;10;Espectaculos;Música;Galicia;A Coruña;909;1944;11617,02;12,78;538
2024;10;Actividades;Actividades infantiles;Galicia;A Coruña;224;491;1527,68;6,82;86
2024;10;Espectaculos;Cultura, teatro y danza;Galicia;A Coruña;340;727;2485,4;7,31;145
2024;10;Actividades;Gastronomía;Galicia;A Coruña;12;26;97,2;8,1;11
2024;10;Espectaculos;Música;Galicia;A Coruña;13;28;104;8;6
2024;10;Espectaculos;Música;Galicia;A Coruña;5;11;40;8;2
2024;10;Actividades;Deportes y aventuras;Galicia;A Coruña;45;96;225;5;27
2024;10;Espectaculos;Música;Galicia;A Coruña;70;150;1603,7;22,91;36
2024;10;Espectaculos;Cultura, teatro y danza;Galicia;A Coruña;84;271;506,52;6,03;40
2024;10;Espectaculos;Música;Galicia;A Coruña;566;1211;4697,8;8,3;413
2024;10;Espectaculos;Cultura, teatro y danza;Galicia;A Coruña;351;915;951,21;2,71;169
2024;10;Espectaculos;Música;Galicia;A Coruña;293;1162;3217,14;10,98;171
2024;10;Espectaculos;Cultura, teatro y danza;Galicia;A Coruña;28;297;181,44;6,48;10
2024;10;Espectaculos;Música;Castilla - La Mancha;Cuenca;221;473;1924,91;8,71;122
2024;10;Actividades;Deportes y aventuras;Castilla - La Mancha;Cuenca;48;103;144;3;14
2024;10;Espectaculos;Cine;Cataluña;Girona;18;39;81;4,5;11
2024;10;Espectaculos;Música;Cataluña;Girona;50;107;1762;35,24;22
2024;10;Espectaculos;Cultura, teatro y danza;Cataluña;Girona;20;43;150,8;7,54;9
2024;10;Espectaculos;Música;Cataluña;Girona;45;96;742,95;16,51;26
2024;10;Espectaculos;Música;Cataluña;Girona;58;124;1212,2;20,9;28
2024;10;Actividades;Deportes y aventuras;Cataluña;Girona;22;47;330;15;17
2024;10;Espectaculos;Música;Cataluña;Girona;56;120;843,36;15,06;26
2024;10;Espectaculos;Cultura, teatro y danza;Cataluña;Girona;18;39;456,84;25,38;11
2024;10;Espectaculos;Música;Cataluña;Girona;238;509;4498,2;18,9;130
2024;10;Espectaculos;Música;Cataluña;Girona;99;212;4137,21;41,79;71
2024;10;Espectaculos;Música;Cataluña;Girona;190;737;2025,4;10,66;72
2024;10;Actividades;Actividades infantiles;Cataluña;Girona;170;364;3377,9;19,87;65
2024;10;Espectaculos;Música;Cataluña;Girona;292;625;4082,16;13,98;181
2024;10;Espectaculos;Música;Cataluña;Girona;25;53;705,5;28,22;13
2024;10;Actividades;Gastronomía;Cataluña;Girona;25;53;705,5;28,22;13
2024;10;Espectaculos;Música;Cataluña;Girona;44;94;665,28;15,12;15
2024;10;Espectaculos;Música;Cataluña;Girona;76;163;1188,64;15,64;33
2024;10;Espectaculos;Música;Cataluña;Girona;7;15;42;6;4
2024;10;Espectaculos;Música;Cataluña;Girona;42;90;630;15;16
2024;10;Espectaculos;Cultura, teatro y danza;Cataluña;Girona;31;66;381,92;12,32;12
2024;10;Actividades;Gastronomía;Cataluña;Girona;31;66;381,92;12,32;12
2024;10;Actividades;Actividades infantiles;Cataluña;Girona;71;152;356,42;5,02;22
2024;10;Actividades;Cursos;Cataluña;Girona;1;2;10;10;1
2024;10;Espectaculos;Cultura, teatro y danza;Cataluña;Girona;3;6;45;15;3
2024;10;Espectaculos;Música;Andalucía;Granada;26;56;309,92;11,92;20
2024;10;Espectaculos;Música;Andalucía;Granada;287;614;6314;22;111
2024;10;Actividades;Deportes y aventuras;Andalucía;Granada;10;21;303,1;30,31;5
2024;10;Espectaculos;Cultura, teatro y danza;Andalucía;Granada;60;128;712,8;11,88;24
2024;10;Espectaculos;Museo y exposiciones;Andalucía;Granada;60;128;712,8;11,88;24
2024;10;Espectaculos;Música;Andalucía;Granada;43;92;853,12;19,84;29
2024;10;Espectaculos;Música;Andalucía;Granada;1;2;20;20;1
2024;10;Actividades;Cursos;Andalucía;Granada;2;4;10,76;5,38;2
2024;10;Espectaculos;Cine;Andalucía;Granada;67;143;1006,34;15,02;40
2024;10;Espectaculos;Musicales;Andalucía;Granada;1070;2289;10603,7;9,91;276
2024;10;Espectaculos;Música;Andalucía;Granada;2617;6838;33576,11;12,83;1549
2024;10;Actividades;Actividades infantiles;Andalucía;Granada;1074;2298;16131,48;15,02;274
2024;10;Espectaculos;Cultura, teatro y danza;Andalucía;Granada;1862;3984;16348,36;8,78;689
2024;10;Espectaculos;Música;Andalucía;Granada;19;41;54,91;2,89;5
2024;10;Actividades;Actividades infantiles;Andalucía;Granada;19;41;54,91;2,89;5
2024;10;Espectaculos;Musicales;Andalucía;Granada;118;252;962,88;8,16;53
2024;10;Espectaculos;Cultura, teatro y danza;Andalucía;Granada;118;252;962,88;8,16;53
2024;10;Espectaculos;Música;Andalucía;Granada;4;9;44;11;3
2024;10;Actividades;Deportes y aventuras;Andalucía;Granada;1;2;22,68;22,68;1
2024;10;Espectaculos;Música;Andalucía;Granada;54;116;1461,24;27,06;31
2024;10;Espectaculos;Música;Andalucía;Granada;20;43;429,8;21,49;15
2024;10;Espectaculos;Música;Castilla - La Mancha;Guadalajara;18;39;263,7;14,65;8
2024;10;Espectaculos;Musicales;Castilla - La Mancha;Guadalajara;3;6;24;8;1
2024;10;Actividades;Actividades infantiles;Castilla - La Mancha;Guadalajara;3;6;24;8;1
2024;10;Espectaculos;Cultura, teatro y danza;Castilla - La Mancha;Guadalajara;3;6;24;8;1
2024;10;Espectaculos;Música;Castilla - La Mancha;Guadalajara;20;43;476;23,8;15
2024;10;Espectaculos;Música;Castilla - La Mancha;Guadalajara;7;15;105;15;7
2024;10;Espectaculos;Cultura, teatro y danza;País Vasco;Gipuzkoa;14;30;131,04;9,36;8
2024;10;Espectaculos;Música;País Vasco;Gipuzkoa;212;454;2488,88;11,74;104
2024;10;Espectaculos;Cultura, teatro y danza;País Vasco;Gipuzkoa;222;475;2242,2;10,1;88
2024;10;Actividades;Cursos;País Vasco;Gipuzkoa;7;15;94,99;13,57;6
2024;10;Espectaculos;Cine;País Vasco;Gipuzkoa;51;207;138,72;2,72;21
2024;10;Espectaculos;Música;País Vasco;Gipuzkoa;1045;2342;12780,35;12,23;386
2024;10;Actividades;Actividades infantiles;País Vasco;Gipuzkoa;673;1440;3728,42;5,54;198
2024;10;Espectaculos;Cultura, teatro y danza;País Vasco;Gipuzkoa;1308;2652;9679,2;7,4;541
2024;10;Espectaculos;Música;País Vasco;Gipuzkoa;12;26;62,04;5,17;5
2024;10;Espectaculos;Cultura, teatro y danza;País Vasco;Gipuzkoa;116;248;603,2;5,2;52
2024;10;Espectaculos;Cine;País Vasco;Gipuzkoa;8;17;24;3;7
2024;10;Espectaculos;Música;País Vasco;Gipuzkoa;138;295;1025,34;7,43;60
2024;10;Espectaculos;Cultura, teatro y danza;País Vasco;Gipuzkoa;530;1134;2888,5;5,45;222
2024;10;Espectaculos;Música;País Vasco;Gipuzkoa;86;184;1073,28;12,48;59
2024;10;Espectaculos;Cine;País Vasco;Gipuzkoa;45;209;264,6;5,88;27
2024;10;Espectaculos;Música;País Vasco;Gipuzkoa;112;239;1420,16;12,68;56
2024;10;Actividades;Deportes y aventuras;País Vasco;Gipuzkoa;168;359;5218,08;31,06;62
2024;10;Espectaculos;Cultura, teatro y danza;País Vasco;Gipuzkoa;2;4;30;15;1
2024;10;Espectaculos;Música;País Vasco;Gipuzkoa;26;56;395,98;15,23;14
2024;10;Espectaculos;Música;País Vasco;Gipuzkoa;54;116;507,6;9,4;17
2024;10;Espectaculos;Música;Andalucía;Huelva;115;246;598;5,2;93
2024;10;Espectaculos;Música;Andalucía;Huelva;7;15;71,96;10,28;2
2024;10;Espectaculos;Música;Aragón;Huesca;472;1010;5715,92;12,11;356
2024;10;Actividades;Cursos;Aragón;Huesca;4;9;40;10;4
2024;10;Espectaculos;Música;Aragón;Huesca;91;195;638,82;7,02;51
2024;10;Espectaculos;Cultura, teatro y danza;Aragón;Huesca;48;103;765,6;15,95;18
2024;10;Espectaculos;Cultura, teatro y danza;Aragón;Huesca;59;126;306,21;5,19;35
2024;10;Espectaculos;Música;Aragón;Huesca;6;13;62,1;10,35;4
2024;10;Espectaculos;Música;Andalucía;Jaén;60;128;1507,2;25,12;38
2024;10;Actividades;Cursos;Andalucía;Jaén;7;15;350;50;6
2024;10;Espectaculos;Música;Andalucía;Jaén;256;548;3097,6;12,1;129
2024;10;Espectaculos;Cultura, teatro y danza;Andalucía;Jaén;5;11;25,8;5,16;2
2024;10;Espectaculos;Música;Andalucía;Jaén;60;128;721,2;12,02;23
2024;10;Espectaculos;Cultura, teatro y danza;Andalucía;Jaén;11;24;96,36;8,76;4
2024;10;Espectaculos;Música;Castilla y León;León;503;1076;7856,86;15,62;206
2024;10;Actividades;Actividades infantiles;Castilla y León;León;32;68;245,44;7,67;14
2024;10;Espectaculos;Cultura, teatro y danza;Castilla y León;León;3;6;75;25;2
2024;10;Espectaculos;Música;Castilla y León;León;204;436;3384,36;16,59;65
2024;10;Actividades;Deportes y aventuras;Castilla y León;León;177;379;1773,54;10,02;59
2024;10;Espectaculos;Música;Castilla y León;León;4;9;20;5;2
2024;10;Espectaculos;Música;Cataluña;Lleida;218;466;2509,18;11,51;210
2024;10;Actividades;Actividades infantiles;Cataluña;Lleida;204;436;3062,04;15,01;202
2024;10;Espectaculos;Música;Cataluña;Lleida;756;1617;7605,36;10,06;544
2024;10;Espectaculos;Musicales;Cataluña;Lleida;147;314;623,28;4,24;50
2024;10;Espectaculos;Música;Cataluña;Lleida;346;730;4757,5;13,75;190
2024;10;Espectaculos;Cultura, teatro y danza;Cataluña;Lleida;147;314;623,28;4,24;50
2024;10;Espectaculos;Conferencias;Cataluña;Lleida;8;17;304;38;8
2024;10;Espectaculos;Ferias;Cataluña;Lleida;8;17;304;38;8
2024;10;Espectaculos;Música;Cataluña;Lleida;239;511;2473,65;10,35;195
2024;10;Espectaculos;Cultura, teatro y danza;Cataluña;Lleida;192;411;1299,84;6,77;87
2024;10;Espectaculos;Música;La Rioja;La Rioja;379;811;5006,59;13,21;363
2024;10;Espectaculos;Música;La Rioja;La Rioja;150;321;2254,5;15,03;86
2024;10;Espectaculos;Conferencias;La Rioja;La Rioja;64;147;2522,24;39,41;58
2024;10;Espectaculos;Cine;La Rioja;La Rioja;26;56;130;5;17
2024;10;Espectaculos;Ferias;La Rioja;La Rioja;64;147;2522,24;39,41;58
2024;10;Espectaculos;Música;La Rioja;La Rioja;58;124;668,16;11,52;20
2024;10;Espectaculos;Cultura, teatro y danza;La Rioja;La Rioja;563;1205;15167,22;26,94;254
2024;10;Espectaculos;Música;La Rioja;La Rioja;57;122;1420,44;24,92;32
2024;10;Espectaculos;Música;Galicia;Lugo;51;109;660,45;12,95;26
2024;10;Espectaculos;Cultura, teatro y danza;Galicia;Lugo;3;6;186;62;3
2024;10;Espectaculos;Musicales;Comunidad de Madrid;Madrid;1;2;9,9;9,9;1
2024;10;Espectaculos;Música;Comunidad de Madrid;Madrid;785;1679;7693;9,8;360
2024;10;Actividades;Actividades infantiles;Comunidad de Madrid;Madrid;94;339;620,4;6,6;34
2024;10;Espectaculos;Cultura, teatro y danza;Comunidad de Madrid;Madrid;11;24;87,67;7,97;4
2024;10;Espectaculos;Musicales;Comunidad de Madrid;Madrid;1;2;4;4;1
2024;10;Espectaculos;Música;Comunidad de Madrid;Madrid;4;9;41,24;10,31;2
2024;10;Espectaculos;Cultura, teatro y danza;Comunidad de Madrid;Madrid;1;2;4;4;1
2024;10;Espectaculos;Música;Comunidad de Madrid;Madrid;41;88;475,19;11,59;25
2024;10;Espectaculos;Música;Comunidad de Madrid;Madrid;17;36;224,4;13,2;8
2024;10;Espectaculos;Cultura, teatro y danza;Comunidad de Madrid;Madrid;1;2;4;4;1
2024;10;Espectaculos;Música;Comunidad de Madrid;Madrid;5;11;750;150;5
2024;10;Espectaculos;Musicales;Comunidad de Madrid;Madrid;60;128;360;6;19
2024;10;Actividades;Actividades infantiles;Comunidad de Madrid;Madrid;60;128;360;6;19
2024;10;Espectaculos;Cultura, teatro y danza;Comunidad de Madrid;Madrid;60;128;360;6;19
2024;10;Espectaculos;Música;Comunidad de Madrid;Madrid;473;1012;6536,86;13,82;293
2024;10;Espectaculos;Música;Comunidad de Madrid;Madrid;45;96;607,95;13,51;28
2024;10;Actividades;Actividades infantiles;Comunidad de Madrid;Madrid;6;13;33;5,5;2
2024;10;Espectaculos;Cultura, teatro y danza;Comunidad de Madrid;Madrid;6;13;33;5,5;2
2024;10;Espectaculos;Música;Comunidad de Madrid;Madrid;714;2266;10981,32;15,38;393
2024;10;Actividades;Actividades infantiles;Comunidad de Madrid;Madrid;2;312;30;15;2
2024;10;Espectaculos;Música;Comunidad de Madrid;Madrid;16;34;160;10;6
2024;10;Espectaculos;Música;Comunidad de Madrid;Madrid;27;58;164,97;6,11;6
2024;10;Espectaculos;Música;Comunidad de Madrid;Madrid;489;1046;19726,26;40,34;303
2024;10;Actividades;Deportes y aventuras;Comunidad de Madrid;Madrid;2;225;12,6;6,3;1
2024;10;Actividades;Cursos;Comunidad de Madrid;Madrid;407;941;19580,77;48,11;331
2024;10;Espectaculos;Cine;Comunidad de Madrid;Madrid;230;461;1734,2;7,54;159
2024;10;Espectaculos;Musicales;Comunidad de Madrid;Madrid;99;212;1436,49;14,51;56
2024;10;Espectaculos;Música;Comunidad de Madrid;Madrid;37078;81791;519833,56;14,02;21108
2024;10;Actividades;Deportes y aventuras;Comunidad de Madrid;Madrid;386;1261;5612,44;14,54;188
2024;10;Actividades;Actividades infantiles;Comunidad de Madrid;Madrid;491;4503;4600,67;9,37;247
2024;10;Espectaculos;Cultura, teatro y danza;Comunidad de Madrid;Madrid;3790;8432;42031,1;11,09;2112
2024;10;Actividades;Gastronomía;Comunidad de Madrid;Madrid;111;237;1545,12;13,92;62
2024;10;Espectaculos;Música;Comunidad de Madrid;Madrid;149;319;1481,06;9,94;77
2024;10;Espectaculos;Cultura, teatro y danza;Comunidad de Madrid;Madrid;53;113;639,71;12,07;25
2024;10;Espectaculos;Música;Comunidad de Madrid;Madrid;10;21;100;10;4
2024;10;Actividades;Actividades infantiles;Comunidad de Madrid;Madrid;10;21;100;10;4
2024;10;Actividades;Cursos;Comunidad de Madrid;Madrid;7;15;140;20;7
2024;10;Espectaculos;Música;Comunidad de Madrid;Madrid;462;988;8782,62;19,01;202
2024;10;Espectaculos;Musicales;Comunidad de Madrid;Madrid;70;150;422,1;6,03;24
2024;10;Actividades;Actividades infantiles;Comunidad de Madrid;Madrid;70;150;422,1;6,03;24
2024;10;Espectaculos;Cultura, teatro y danza;Comunidad de Madrid;Madrid;70;150;422,1;6,03;24
2024;10;Actividades;Cursos;Comunidad de Madrid;Madrid;2;4;40;20;2
2024;10;Espectaculos;Música;Comunidad de Madrid;Madrid;271;580;2964,74;10,94;135
2024;10;Actividades;Actividades infantiles;Comunidad de Madrid;Madrid;5;11;44;8,8;2
2024;10;Espectaculos;Cultura, teatro y danza;Comunidad de Madrid;Madrid;24;51;341,76;14,24;13
2024;10;Espectaculos;Música;Comunidad de Madrid;Madrid;106;227;1368,46;12,91;53
2024;10;Espectaculos;Cultura, teatro y danza;Comunidad de Madrid;Madrid;6;269;30;5;2
2024;10;Espectaculos;Cultura, teatro y danza;Comunidad de Madrid;Madrid;7;15;23,1;3,3;4
2024;10;Espectaculos;Música;Comunidad de Madrid;Madrid;276;590;5964,36;21,61;127
2024;10;Espectaculos;Cultura, teatro y danza;Comunidad de Madrid;Madrid;16;34;264;16,5;7
2024;10;Actividades;Gastronomía;Comunidad de Madrid;Madrid;63;135;2185,47;34,69;28
2024;10;Espectaculos;Música;Comunidad de Madrid;Madrid;28;60;224;8;15
2024;10;Actividades;Deportes y aventuras;Comunidad de Madrid;Madrid;28;60;224;8;15
2024;10;Espectaculos;Música;Andalucía;Málaga;67;143;417,41;6,23;21
2024;10;Espectaculos;Música;Andalucía;Málaga;77;165;1329,79;17,27;48
2024;10;Espectaculos;Cultura, teatro y danza;Andalucía;Málaga;120;257;1243,2;10,36;70
2024;10;Actividades;Actividades infantiles;Andalucía;Málaga;248;531;2457,68;9,91;84
2024;10;Espectaculos;Cultura, teatro y danza;Andalucía;Málaga;248;531;2457,68;9,91;84
2024;10;Espectaculos;Música;Andalucía;Málaga;17;36;196,69;11,57;9
2024;10;Actividades;Deportes y aventuras;Andalucía;Málaga;7;15;82,46;11,78;5
2024;10;Espectaculos;Conferencias;Andalucía;Málaga;49;105;3185;65;42
2024;10;Actividades;Cursos;Andalucía;Málaga;20;43;246,6;12,33;11
2024;10;Espectaculos;Música;Andalucía;Málaga;1891;3785;29121,4;15,4;1044
2024;10;Actividades;Actividades infantiles;Andalucía;Málaga;289;615;3525,8;12,2;100
2024;10;Espectaculos;Cultura, teatro y danza;Andalucía;Málaga;1699;3635;41506,57;24,43;519
2024;10;Espectaculos;Museo y exposiciones;Andalucía;Málaga;5;11;200;40;3
2024;10;Espectaculos;Cine;Andalucía;Málaga;236;505;4644,48;19,68;98
2024;10;Espectaculos;Cultura, teatro y danza;Andalucía;Málaga;37;79;403,3;10,9;18
2024;10;Espectaculos;Cultura, teatro y danza;Andalucía;Málaga;17;36;595;35;5
2024;10;Espectaculos;Música;Andalucía;Málaga;295;631;5106,45;17,31;86
2024;10;Actividades;Gastronomía;Andalucía;Málaga;295;631;5106,45;17,31;86
2024;10;Actividades;Actividades infantiles;Andalucía;Málaga;4;9;28;7;1
2024;10;Espectaculos;Cultura, teatro y danza;Andalucía;Málaga;4;9;28;7;1
2024;10;Actividades;Actividades infantiles;Andalucía;Málaga;4;9;28;7;2
2024;10;Espectaculos;Cultura, teatro y danza;Andalucía;Málaga;4;9;28;7;2
2024;10;Espectaculos;Música;Andalucía;Málaga;139;298;2360,22;16,98;92
2024;10;Actividades;Deportes y aventuras;Región de Murcia;Murcia;6;13;153,24;25,54;5
2024;10;Espectaculos;Música;Región de Murcia;Murcia;22;47;264;12;13
2024;10;Actividades;Deportes y aventuras;Región de Murcia;Murcia;7;15;175;25;4
2024;10;Espectaculos;Música;Región de Murcia;Murcia;1573;3365;12080,64;7,68;948
2024;10;Espectaculos;Música;Región de Murcia;Murcia;7;15;140;20;4
2024;10;Actividades;Cursos;Región de Murcia;Murcia;2;4;50;25;1
2024;10;Espectaculos;Musicales;Región de Murcia;Murcia;135;342;1212,3;8,98;68
2024;10;Espectaculos;Música;Región de Murcia;Murcia;2023;4329;28443,38;14,06;1236
2024;10;Actividades;Deportes y aventuras;Región de Murcia;Murcia;56;120;339,36;6,06;18
2024;10;Actividades;Actividades infantiles;Región de Murcia;Murcia;73;156;1500,88;20,56;33
2024;10;Espectaculos;Cultura, teatro y danza;Región de Murcia;Murcia;370;828;3022,9;8,17;185
2024;10;Espectaculos;Cultura, teatro y danza;Región de Murcia;Murcia;165;353;5773,35;34,99;77
2024;10;Actividades;Actividades infantiles;Región de Murcia;Murcia;8;17;48;6;3
2024;10;Espectaculos;Cultura, teatro y danza;Región de Murcia;Murcia;8;17;48;6;3
2024;10;Espectaculos;Música;Comunidad Foral de Navarra;Navarra;2510;4996;37549,6;14,96;1663
2024;10;Actividades;Deportes y aventuras;Comunidad Foral de Navarra;Navarra;627;1341;10301,61;16,43;248
2024;10;Espectaculos;Música;Comunidad Foral de Navarra;Navarra;158;338;3931,04;24,88;93
2024;10;Espectaculos;Música;Galicia;Ourense;30;66;343,8;11,46;16
2024;10;Espectaculos;Música;Principado de Asturias;Asturias;30;64;551,4;18,38;17
2024;10;Espectaculos;Música;Principado de Asturias;Asturias;631;1350;8348,13;13,23;345
2024;10;Actividades;Actividades infantiles;Principado de Asturias;Asturias;134;287;1084,06;8,09;54
2024;10;Espectaculos;Cultura, teatro y danza;Principado de Asturias;Asturias;139;297;1200,96;8,64;57
2024;10;Actividades;Gastronomía;Principado de Asturias;Asturias;6;13;48;8;4
2024;10;Espectaculos;Música;Principado de Asturias;Asturias;137;293;1731,68;12,64;50
2024;10;Espectaculos;Música;Principado de Asturias;Asturias;292;625;4082,16;13,98;181
2024;10;Espectaculos;Música;Principado de Asturias;Asturias;858;1837;13041,6;15,2;480
2024;10;Espectaculos;Música;Principado de Asturias;Asturias;141;302;1651,11;11,71;84
2024;10;Espectaculos;Música;Principado de Asturias;Asturias;2;4;13,72;6,86;1
2024;10;Espectaculos;Música;Castilla y León;Palencia;59;126;650,18;11,02;33
2024;10;Espectaculos;Cultura, teatro y danza;Canarias;Las Palmas;1;2;45,1;45,1;1
2024;10;Espectaculos;Musicales;Canarias;Las Palmas;619;1324;13618;22;191
2024;10;Actividades;Actividades infantiles;Canarias;Las Palmas;619;1324;13618;22;191
2024;10;Espectaculos;Cultura, teatro y danza;Canarias;Las Palmas;619;1324;13618;22;191
2024;10;Espectaculos;Música;Canarias;Las Palmas;420;1477;11142,6;26,53;213
2024;10;Espectaculos;Cultura, teatro y danza;Canarias;Las Palmas;10;21;110;11;3
2024;10;Espectaculos;Música;Canarias;Las Palmas;110;235;1782;16,2;50
2024;10;Espectaculos;Cultura, teatro y danza;Canarias;Las Palmas;47;101;761,4;16,2;20
2024;10;Actividades;Deportes y aventuras;Canarias;Las Palmas;48;103;144;3;14
2024;10;Actividades;Cursos;Canarias;Las Palmas;6;13;54;9;3
2024;10;Espectaculos;Musicales;Canarias;Las Palmas;246;527;3252,12;13,22;100
2024;10;Espectaculos;Música;Canarias;Las Palmas;1075;2582;16404,5;15,26;704
2024;10;Actividades;Actividades infantiles;Canarias;Las Palmas;60;551;1320;22;17
2024;10;Espectaculos;Cultura, teatro y danza;Canarias;Las Palmas;821;2054;8431,67;10,27;387
2024;10;Espectaculos;Música;Canarias;Las Palmas;8;17;132;16,5;5
2024;10;Actividades;Actividades infantiles;Canarias;Las Palmas;64;137;320;5;19
2024;10;Espectaculos;Cultura, teatro y danza;Canarias;Las Palmas;117;250;1809,99;15,47;36
2024;10;Espectaculos;Música;Canarias;Las Palmas;10;21;202;20,2;8
2024;10;Actividades;Actividades infantiles;Canarias;Las Palmas;10;21;202;20,2;8
2024;10;Espectaculos;Cultura, teatro y danza;Canarias;Las Palmas;2;4;76,68;38,34;2
2024;10;Espectaculos;Cultura, teatro y danza;Canarias;Las Palmas;21;45;346,5;16,5;11
2024;10;Espectaculos;Conferencias;Canarias;Las Palmas;114;244;2986,8;26,2;61
2024;10;Espectaculos;Musicales;Canarias;Las Palmas;501;1072;5611,2;11,2;194
2024;10;Espectaculos;Música;Canarias;Las Palmas;417;892;13527,48;32,44;193
2024;10;Actividades;Actividades infantiles;Canarias;Las Palmas;559;1196;5701,8;10,2;170
2024;10;Espectaculos;Cultura, teatro y danza;Canarias;Las Palmas;1461;3126;17824,2;12,2;518
2024;10;Espectaculos;Cine;Canarias;Las Palmas;79;169;395;5;38
2024;10;Espectaculos;Música;Canarias;Las Palmas;291;623;2365,83;8,13;137
2024;10;Espectaculos;Cultura, teatro y danza;Canarias;Las Palmas;908;1943;6310,6;6,95;295
2024;10;Espectaculos;Música;Canarias;Las Palmas;1377;2946;17639,37;12,81;712
2024;10;Actividades;Deportes y aventuras;Canarias;Las Palmas;601;1286;3011,01;5,01;201
2024;10;Actividades;Actividades infantiles;Canarias;Las Palmas;70;150;259;3,7;22
2024;10;Espectaculos;Cultura, teatro y danza;Canarias;Las Palmas;70;150;259;3,7;22
2024;10;Espectaculos;Música;Galicia;Pontevedra;5;11;41,25;8,25;3
2024;10;Espectaculos;Música;Galicia;Pontevedra;4;9;22,56;5,64;3
2024;10;Espectaculos;Conferencias;Galicia;Pontevedra;1823;3900;8495,18;4,66;847
2024;10;Actividades;Cursos;Galicia;Pontevedra;5;11;456,85;91,37;5
2024;10;Espectaculos;Música;Galicia;Pontevedra;805;1723;9305,8;11,56;456
2024;10;Espectaculos;Cultura, teatro y danza;Galicia;Pontevedra;231;494;2037,42;8,82;125
2024;10;Espectaculos;Música;Castilla y León;Salamanca;7;15;89,32;12,76;3
2024;10;Espectaculos;Cultura, teatro y danza;Castilla y León;Salamanca;400;861;1584;3,96;172
2024;10;Espectaculos;Musicales;Castilla y León;Salamanca;83;178;1460,8;17,6;26
2024;10;Espectaculos;Música;Castilla y León;Salamanca;634;1356;6954,98;10,97;410
2024;10;Actividades;Actividades infantiles;Castilla y León;Salamanca;83;178;1460,8;17,6;26
2024;10;Espectaculos;Cultura, teatro y danza;Castilla y León;Salamanca;201;430;2393,91;11,91;84
2024;10;Actividades;Deportes y aventuras;Castilla y León;Salamanca;16;73;132;8,25;14
2024;10;Espectaculos;Cultura, teatro y danza;Castilla y León;Salamanca;256;548;640;2,5;53
2024;10;Espectaculos;Museo y exposiciones;Castilla y León;Salamanca;256;548;640;2,5;53
2024;10;Espectaculos;Música;Canarias;Santa Cruz de Tenerife;88;188;1327,04;15,08;55
2024;10;Actividades;Actividades infantiles;Canarias;Santa Cruz de Tenerife;17;36;211,14;12,42;14
2024;10;Espectaculos;Musicales;Canarias;Santa Cruz de Tenerife;28;60;616;22;7
2024;10;Actividades;Actividades infantiles;Canarias;Santa Cruz de Tenerife;28;60;616;22;7
2024;10;Espectaculos;Cultura, teatro y danza;Canarias;Santa Cruz de Tenerife;28;60;616;22;7
2024;10;Actividades;Actividades infantiles;Canarias;Santa Cruz de Tenerife;102;218;2244;22;35
2024;10;Espectaculos;Cultura, teatro y danza;Canarias;Santa Cruz de Tenerife;102;218;2244;22;35
2024;10;Espectaculos;Música;Canarias;Santa Cruz de Tenerife;644;1641;2685,48;4,17;465
2024;10;Actividades;Actividades infantiles;Canarias;Santa Cruz de Tenerife;3;418;9;3;1
2024;10;Espectaculos;Cultura, teatro y danza;Canarias;Santa Cruz de Tenerife;173;724;519;3;78
2024;10;Espectaculos;Musicales;Canarias;Santa Cruz de Tenerife;21;45;114,45;5,45;12
2024;10;Espectaculos;Música;Canarias;Santa Cruz de Tenerife;1842;3941;29343,06;15,93;1163
2024;10;Actividades;Deportes y aventuras;Canarias;Santa Cruz de Tenerife;39;83;565,89;14,51;19
2024;10;Espectaculos;Cultura, teatro y danza;Canarias;Santa Cruz de Tenerife;686;1467;6551,3;9,55;341
2024;10;Actividades;Cursos;Canarias;Santa Cruz de Tenerife;85;182;265,2;3,12;55
2024;10;Espectaculos;Musicales;Canarias;Santa Cruz de Tenerife;231;494;5082;22;71
2024;10;Espectaculos;Música;Canarias;Santa Cruz de Tenerife;34;73;385,22;11,33;15
2024;10;Actividades;Actividades infantiles;Canarias;Santa Cruz de Tenerife;231;494;5082;22;71
2024;10;Espectaculos;Cultura, teatro y danza;Canarias;Santa Cruz de Tenerife;581;1243;9644,6;16,6;194
2024;10;Espectaculos;Música;Canarias;Santa Cruz de Tenerife;1467;3139;44464,77;30,31;932
2024;10;Espectaculos;Cultura, teatro y danza;Canarias;Santa Cruz de Tenerife;172;368;3114,92;18,11;61
2024;10;Espectaculos;Música;Canarias;Santa Cruz de Tenerife;12;26;132;11;8
2024;10;Actividades;Cursos;Canarias;Santa Cruz de Tenerife;4;751;198;49,5;3
2024;10;Espectaculos;Cine;Canarias;Santa Cruz de Tenerife;44;94;484;11;21
2024;10;Espectaculos;Musicales;Canarias;Santa Cruz de Tenerife;223;477;2883,39;12,93;93
2024;10;Espectaculos;Música;Canarias;Santa Cruz de Tenerife;973;2082;13719,3;14,1;604
2024;10;Actividades;Actividades infantiles;Canarias;Santa Cruz de Tenerife;154;329;3206,28;20,82;50
2024;10;Espectaculos;Cultura, teatro y danza;Canarias;Santa Cruz de Tenerife;635;1359;9436,1;14,86;284
2024;10;Actividades;Gastronomía;Canarias;Santa Cruz de Tenerife;6;13;65,4;10,9;3
2024;10;Espectaculos;Musicales;Canarias;Santa Cruz de Tenerife;220;471;5084,2;23,11;93
2024;10;Espectaculos;Música;Canarias;Santa Cruz de Tenerife;480;1027;6331,2;13,19;234
2024;10;Espectaculos;Cultura, teatro y danza;Canarias;Santa Cruz de Tenerife;317;678;4802,55;15,15;144
2024;10;Espectaculos;Música;Canarias;Santa Cruz de Tenerife;9;19;78,48;8,72;7
2024;10;Actividades;Gastronomía;Canarias;Santa Cruz de Tenerife;9;19;78,48;8,72;7
2024;10;Espectaculos;Cultura, teatro y danza;Cantabria;Cantabria;24;51;123,84;5,16;11
2024;10;Espectaculos;Música;Cantabria;Cantabria;3;6;75;25;1
2024;10;Espectaculos;Música;Cantabria;Cantabria;32;68;489,6;15,3;15
2024;10;Espectaculos;Música;Cantabria;Cantabria;345;738;4498,8;13,04;166
2024;10;Actividades;Actividades infantiles;Cantabria;Cantabria;130;278;858;6,6;51
2024;10;Espectaculos;Cultura, teatro y danza;Cantabria;Cantabria;429;939;5019,3;11,7;204
2024;10;Espectaculos;Música;Cantabria;Cantabria;25;53;162,5;6,5;16
2024;10;Espectaculos;Conferencias;Castilla y León;Segovia;11;24;53,9;4,9;5
2024;10;Espectaculos;Ferias;Castilla y León;Segovia;11;24;53,9;4,9;5
2024;10;Espectaculos;Música;Castilla y León;Segovia;6;13;156;26;4
2024;10;Espectaculos;Música;Andalucía;Sevilla;92;197;1117,8;12,15;30
2024;10;Actividades;Cursos;Andalucía;Sevilla;18;39;509,94;28,33;13
2024;10;Actividades;Deportes y aventuras;Andalucía;Sevilla;50;107;330,5;6,61;18
2024;10;Actividades;Actividades infantiles;Andalucía;Sevilla;42;90;285,18;6,79;14
2024;10;Espectaculos;Cultura, teatro y danza;Andalucía;Sevilla;26;56;368,42;14,17;10
2024;10;Espectaculos;Música;Andalucía;Sevilla;50;107;413;8,26;17
2024;10;Espectaculos;Música;Andalucía;Sevilla;23;49;355,81;15,47;13
2024;10;Espectaculos;Cultura, teatro y danza;Andalucía;Sevilla;5;11;77;15,4;3
2024;10;Espectaculos;Música;Andalucía;Sevilla;14;30;114,94;8,21;8
2024;10;Espectaculos;Música;Andalucía;Sevilla;6;13;30,96;5,16;3
2024;10;Espectaculos;Cultura, teatro y danza;Andalucía;Sevilla;3;6;39;13;2
2024;10;Espectaculos;Museo y exposiciones;Andalucía;Sevilla;3;6;39;13;2
2024;10;Espectaculos;Conferencias;Andalucía;Sevilla;162;347;1885,68;11,64;84
2024;10;Actividades;Cursos;Andalucía;Sevilla;81;173;2065,5;25,5;50
2024;10;Espectaculos;Cine;Andalucía;Sevilla;329;2232;1964,13;5,97;109
2024;10;Espectaculos;Musicales;Andalucía;Sevilla;75;160;873,75;11,65;39
2024;10;Espectaculos;Ferias;Andalucía;Sevilla;50;107;698;13,96;43
2024;10;Espectaculos;Música;Andalucía;Sevilla;5412;11803;69814,8;12,9;2930
2024;10;Actividades;Deportes y aventuras;Andalucía;Sevilla;1;2;6,6;6,6;1
2024;10;Actividades;Actividades infantiles;Andalucía;Sevilla;624;1335;8717,28;13,97;198
2024;10;Espectaculos;Cultura, teatro y danza;Andalucía;Sevilla;2881;7173;36300,6;12,6;1220
2024;10;Espectaculos;Museo y exposiciones;Andalucía;Sevilla;105;899;1412,25;13,45;38
2024;10;Actividades;Gastronomía;Andalucía;Sevilla;145;310;987,45;6,81;67
2024;10;Espectaculos;Música;Castilla y León;Soria;24;51;396;16,5;14
2024;10;Espectaculos;Música;Castilla y León;Soria;43;92;430,86;10,02;27
2024;10;Espectaculos;Música;Castilla y León;Soria;542;1160;7625,94;14,07;347
2024;10;Espectaculos;Cultura, teatro y danza;Castilla y León;Soria;16;34;264;16,5;9
2024;10;Espectaculos;Música;Cataluña;Tarragona;37;79;329,67;8,91;24
2024;10;Espectaculos;Música;Cataluña;Tarragona;26;56;262,08;10,08;13
2024;10;Espectaculos;Música;Cataluña;Tarragona;221;473;3253,12;14,72;71
2024;10;Actividades;Actividades infantiles;Cataluña;Tarragona;16;34;417,44;26,09;6
2024;10;Espectaculos;Cultura, teatro y danza;Cataluña;Tarragona;16;34;417,44;26,09;6
2024;10;Espectaculos;Museo y exposiciones;Cataluña;Tarragona;16;34;417,44;26,09;6
2024;10;Actividades;Deportes y aventuras;Cataluña;Tarragona;40;86;1362,4;34,06;31
2024;10;Espectaculos;Música;Cataluña;Tarragona;93;199;375,72;4,04;30
2024;10;Espectaculos;Cultura, teatro y danza;Cataluña;Tarragona;16;34;128;8;4
2024;10;Espectaculos;Música;Cataluña;Tarragona;15;32;147,15;9,81;8
2024;10;Espectaculos;Música;Cataluña;Tarragona;7;15;122,01;17,43;4
2024;10;Espectaculos;Música;Cataluña;Tarragona;4;9;28;7;2
2024;10;Espectaculos;Música;Cataluña;Tarragona;211;561;3086,93;14,63;101
2024;10;Actividades;Actividades infantiles;Cataluña;Tarragona;93;199;673,32;7,24;19
2024;10;Actividades;Deportes y aventuras;Cataluña;Tarragona;8;17;108;13,5;4
2024;10;Espectaculos;Cultura, teatro y danza;Cataluña;Tarragona;471;1008;2364,42;5,02;169
2024;10;Espectaculos;Música;Cataluña;Tarragona;18;39;180;10;9
2024;10;Actividades;Deportes y aventuras;Cataluña;Tarragona;1;2;9;9;1
2024;10;Actividades;Actividades infantiles;Cataluña;Tarragona;1;2;9;9;1
2024;10;Espectaculos;Música;Cataluña;Tarragona;381;1070;4632,96;12,16;202
2024;10;Espectaculos;Cultura, teatro y danza;Cataluña;Tarragona;1603;8180;11573,66;7,22;517
2024;10;Espectaculos;Música;Cataluña;Tarragona;85;182;1813,05;21,33;41
2024;10;Espectaculos;Música;Cataluña;Tarragona;111;237;1349,76;12,16;41
2024;10;Espectaculos;Música;Cataluña;Tarragona;436;933;5851,12;13,42;314
2024;10;Espectaculos;Música;Cataluña;Tarragona;51;109;408,51;8,01;36
2024;10;Espectaculos;Cultura, teatro y danza;Cataluña;Tarragona;79;169;1216,6;15,4;33
2024;10;Espectaculos;Música;Cataluña;Tarragona;130;278;2340;18;67
2024;10;Espectaculos;Música;Cataluña;Tarragona;7;15;93,03;13,29;5
2024;10;Espectaculos;Música;Aragón;Teruel;7;15;70;10;3
2024;10;Espectaculos;Música;Aragón;Teruel;356;762;8077,64;22,69;247
2024;10;Espectaculos;Música;Aragón;Teruel;91;195;1538,81;16,91;41
2024;10;Espectaculos;Música;Aragón;Teruel;20;43;130,8;6,54;7
2024;10;Espectaculos;Música;Castilla - La Mancha;Toledo;14;30;999,88;71,42;12
2024;10;Espectaculos;Música;Castilla - La Mancha;Toledo;104;223;1794;17,25;47
2024;10;Actividades;Actividades infantiles;Castilla - La Mancha;Toledo;40;86;848,4;21,21;24
2024;10;Espectaculos;Cultura, teatro y danza;Castilla - La Mancha;Toledo;219;468;2301,69;10,51;80
2024;10;Espectaculos;Cultura, teatro y danza;Castilla - La Mancha;Toledo;138;295;720,36;5,22;44
2024;10;Espectaculos;Musicales;Castilla - La Mancha;Toledo;1014;2169;4836,78;4,77;372
2024;10;Espectaculos;Cultura, teatro y danza;Castilla - La Mancha;Toledo;1014;2169;4836,78;4,77;372
2024;10;Espectaculos;Música;Castilla - La Mancha;Toledo;40;86;484,4;12,11;15
2024;10;Actividades;Actividades infantiles;Castilla - La Mancha;Toledo;74;158;538,72;7,28;20
2024;10;Espectaculos;Cultura, teatro y danza;Castilla - La Mancha;Toledo;74;158;538,72;7,28;20
2024;10;Espectaculos;Museo y exposiciones;Castilla - La Mancha;Toledo;74;158;538,72;7,28;20
2024;10;Espectaculos;Cultura, teatro y danza;Comunitat Valenciana;Valencia/València;42;90;378,42;9,01;27
2024;10;Espectaculos;Música;Comunitat Valenciana;Valencia/València;48;103;619,68;12,91;29
2024;10;Espectaculos;Música;Comunitat Valenciana;Valencia/València;113;242;2045,3;18,1;57
2024;10;Espectaculos;Cultura, teatro y danza;Comunitat Valenciana;Valencia/València;306;655;3164,04;10,34;109
2024;10;Espectaculos;Música;Comunitat Valenciana;Valencia/València;16;34;266,56;16,66;6
2024;10;Actividades;Actividades infantiles;Comunitat Valenciana;Valencia/València;16;34;266,56;16,66;6
2024;10;Espectaculos;Cultura, teatro y danza;Comunitat Valenciana;Valencia/València;37;79;181,3;4,9;13
2024;10;Actividades;Deportes y aventuras;Comunitat Valenciana;Valencia/València;58;1110;2427,3;41,85;42
2024;10;Actividades;Actividades infantiles;Comunitat Valenciana;Valencia/València;58;1110;2427,3;41,85;42
2024;10;Espectaculos;Cultura, teatro y danza;Comunitat Valenciana;Valencia/València;15;32;220,8;14,72;8
2024;10;Espectaculos;Música;Comunitat Valenciana;Valencia/València;1271;2571;9316,43;7,33;691
2024;10;Espectaculos;Música;Comunitat Valenciana;Valencia/València;56;120;538,16;9,61;40
2024;10;Espectaculos;Música;Comunitat Valenciana;Valencia/València;88;188;1730,08;19,66;43
2024;10;Espectaculos;Musicales;Comunitat Valenciana;Valencia/València;109;233;338,99;3,11;32
2024;10;Espectaculos;Música;Comunitat Valenciana;Valencia/València;134;287;416,74;3,11;43
2024;10;Actividades;Actividades infantiles;Comunitat Valenciana;Valencia/València;129;276;401,19;3,11;39
2024;10;Espectaculos;Cultura, teatro y danza;Comunitat Valenciana;Valencia/València;426;911;1857,36;4,36;128
2024;10;Espectaculos;Música;Comunitat Valenciana;Valencia/València;6;13;101,1;16,85;4
2024;10;Actividades;Cursos;Comunitat Valenciana;Valencia/València;9;19;232,2;25,8;8
2024;10;Espectaculos;Musicales;Comunitat Valenciana;Valencia/València;1780;3808;18351,8;10,31;512
2024;10;Espectaculos;Música;Comunitat Valenciana;Valencia/València;2881;6164;45980,76;15,96;1653
2024;10;Actividades;Actividades infantiles;Comunitat Valenciana;Valencia/València;4818;10308;45626,46;9,47;1452
2024;10;Espectaculos;Cultura, teatro y danza;Comunitat Valenciana;Valencia/València;5787;12381;219211,56;37,88;1913
2024;10;Espectaculos;Cultura, teatro y danza;Castilla y León;Valladolid;81;173;980,1;12,1;28
2024;10;Espectaculos;Cultura, teatro y danza;Castilla y León;Valladolid;53;113;263,41;4,97;14
2024;10;Espectaculos;Cultura, teatro y danza;Castilla y León;Valladolid;10;21;100;10;10
2024;10;Espectaculos;Musicales;Castilla y León;Valladolid;151;323;1297,09;8,59;39
2024;10;Espectaculos;Cultura, teatro y danza;Castilla y León;Valladolid;151;323;1297,09;8,59;39
2024;10;Espectaculos;Cultura, teatro y danza;Castilla y León;Valladolid;11;24;55;5;5
2024;10;Actividades;Cursos;Castilla y León;Valladolid;5;11;628,55;125,71;5
2024;10;Espectaculos;Cine;Castilla y León;Valladolid;15;32;91,8;6,12;6
2024;10;Espectaculos;Cultura, teatro y danza;Castilla y León;Valladolid;51;109;202,98;3,98;18
2024;10;Espectaculos;Cultura, teatro y danza;Castilla y León;Valladolid;48;103;1308,96;27,27;35
2024;10;Actividades;Cursos;Castilla y León;Valladolid;1;2;147,32;147,32;1
2024;10;Espectaculos;Música;Castilla y León;Valladolid;1169;2533;15664,6;13,4;581
2024;10;Actividades;Actividades infantiles;Castilla y León;Valladolid;80;171;546,4;6,83;24
2024;10;Espectaculos;Cultura, teatro y danza;Castilla y León;Valladolid;138;295;1389,66;10,07;52
2024;10;Actividades;Actividades infantiles;Castilla y León;Valladolid;6;13;18;3;6
2024;10;Espectaculos;Música;País Vasco;Bizkaia;3271;6510;59499,49;18,19;1819
2024;10;Actividades;Deportes y aventuras;País Vasco;Bizkaia;273;584;6562,92;24,04;152
2024;10;Actividades;Actividades infantiles;País Vasco;Bizkaia;5;11;61,85;12,37;3
2024;10;Espectaculos;Cultura, teatro y danza;País Vasco;Bizkaia;145;310;1676,2;11,56;72
2024;10;Actividades;Actividades infantiles;País Vasco;Bizkaia;822;1759;8055,6;9,8;304
2024;10;Espectaculos;Cultura, teatro y danza;País Vasco;Bizkaia;822;1759;8055,6;9,8;304
2024;10;Espectaculos;Museo y exposiciones;País Vasco;Bizkaia;822;1759;8055,6;9,8;304
2024;10;Espectaculos;Música;País Vasco;Bizkaia;27;58;524,34;19,42;17
2024;10;Espectaculos;Música;País Vasco;Bizkaia;14;30;140;10;9
2024;10;Espectaculos;Música;País Vasco;Bizkaia;52;111;783,64;15,07;26
2024;10;Actividades;Deportes y aventuras;País Vasco;Bizkaia;44;94;451;10,25;14
2024;10;Espectaculos;Cultura, teatro y danza;País Vasco;Bizkaia;16;34;226,72;14,17;13
2024;10;Espectaculos;Música;País Vasco;Bizkaia;332;711;4067;12,25;158
2024;10;Espectaculos;Música;País Vasco;Bizkaia;6;13;48;8;3
2024;10;Actividades;Cursos;País Vasco;Bizkaia;9;19;441,9;49,1;8
2024;10;Espectaculos;Música;País Vasco;Bizkaia;221;473;2833,22;12,82;151
2024;10;Actividades;Cursos;País Vasco;Bizkaia;10;21;60;6;10
2024;10;Espectaculos;Música;País Vasco;Bizkaia;107;229;242,89;2,27;32
2024;10;Actividades;Actividades infantiles;País Vasco;Bizkaia;107;229;242,89;2,27;32
2024;10;Espectaculos;Música;Castilla y León;Zamora;173;370;2252,46;13,02;66
2024;10;Espectaculos;Música;Castilla y León;Zamora;480;1027;5563,2;11,59;232
2024;10;Actividades;Actividades infantiles;Castilla y León;Zamora;42;90;210;5;13
2024;10;Espectaculos;Cultura, teatro y danza;Castilla y León;Zamora;3;6;12;4;1
2024;10;Espectaculos;Música;Aragón;Zaragoza;12;26;36;3;7
2024;10;Espectaculos;Cine;Aragón;Zaragoza;33;71;255,42;7,74;12
2024;10;Espectaculos;Música;Aragón;Zaragoza;28;60;127,68;4,56;9
2024;10;Espectaculos;Cultura, teatro y danza;Aragón;Zaragoza;111;237;522,81;4,71;40
2024;10;Espectaculos;Conferencias;Aragón;Zaragoza;57;7111;3009,03;52,79;46
2024;10;Espectaculos;Musicales;Aragón;Zaragoza;420;1345;2570,4;6,12;200
2024;10;Espectaculos;Ferias;Aragón;Zaragoza;19;6775;1091,93;57,47;19
2024;10;Espectaculos;Música;Aragón;Zaragoza;8328;16626;120672,72;14,49;4856
2024;10;Actividades;Deportes y aventuras;Aragón;Zaragoza;39;83;1148,16;29,44;21
2024;10;Actividades;Actividades infantiles;Aragón;Zaragoza;1941;4537;11995,38;6,18;673
2024;10;Espectaculos;Cultura, teatro y danza;Aragón;Zaragoza;2829;6138;22943,19;8,11;1089
2024;10;Actividades;Gastronomía;Aragón;Zaragoza;109;233;1362,5;12,5;35
2024;10;Espectaculos;Música;Ceuta;Ceuta;61;131;531,92;8,72;31
2024;10;Espectaculos;Conferencias;Total Nacional;Total Nacional;2440;13056;78850,552;32,3158;1261
2024;10;Actividades;Cursos;Total Nacional;Total Nacional;1456;4418;50085,5264;34,3994;1030
2024;10;Espectaculos;Cine;Total Nacional;Total Nacional;1995;5978;16038,0045;8,0391;973
2024;10;Espectaculos;Musicales;Total Nacional;Total Nacional;10170;22264;118889,334;11,6902;3449
2024;10;Espectaculos;Parques temáticos;Total Nacional;Total Nacional;706;1510;7067,06;10,01;244
2024;10;Espectaculos;Ferias;Total Nacional;Total Nacional;152;7070;4673,696;30,748;133
2024;10;Espectaculos;Música;Total Nacional;Total Nacional;162608;364081;2484308,763;15,2779;94253
2024;10;Actividades;Deportes y aventuras;Total Nacional;Total Nacional;7504;18390;132715,744;17,686;3716
2024;10;Actividades;Actividades infantiles;Total Nacional;Total Nacional;24288;60444;323499,1584;13,3193;8496
2024;10;Espectaculos;Cultura, teatro y danza;Total Nacional;Total Nacional;55525;127073;682674,3225;12,2949;22247
2024;10;Espectaculos;Museo y exposiciones;Total Nacional;Total Nacional;1427;3727;20290,513;14,219;485
2024;10;Actividades;Gastronomía;Total Nacional;Total Nacional;1692;3615;25140,7512;14,8586;804
2024;11;Espectaculos;Cultura, teatro y danza;País Vasco;Araba/Álava;24;55;120;5;9
2024;11;Espectaculos;Musicales;País Vasco;Araba/Álava;7;16;28,42;4,06;4
2024;11;Espectaculos;Cultura, teatro y danza;País Vasco;Araba/Álava;48;110;216;4,5;22
2024;11;Espectaculos;Cultura, teatro y danza;País Vasco;Araba/Álava;50;115;248,5;4,97;22
2024;11;Espectaculos;Música;País Vasco;Araba/Álava;70;260;1045,1;14,93;30
2024;11;Actividades;Actividades infantiles;País Vasco;Araba/Álava;15;34;78,3;5,22;5
2024;11;Espectaculos;Cultura, teatro y danza;País Vasco;Araba/Álava;316;697;2578,56;8,16;146
2024;11;Actividades;Actividades infantiles;País Vasco;Araba/Álava;40;92;120;3;32
2024;11;Espectaculos;Musicales;Castilla - La Mancha;Albacete;994;2281;13031,34;13,11;345
2024;11;Espectaculos;Música;Castilla - La Mancha;Albacete;1071;2457;12273,66;11,46;461
2024;11;Actividades;Deportes y aventuras;Castilla - La Mancha;Albacete;16;37;371,68;23,23;6
2024;11;Actividades;Actividades infantiles;Castilla - La Mancha;Albacete;224;514;2860,48;12,77;64
2024;11;Espectaculos;Cultura, teatro y danza;Castilla - La Mancha;Albacete;1243;2852;12815,33;10,31;441
2024;11;Actividades;Gastronomía;Castilla - La Mancha;Albacete;12;28;153;12,75;6
2024;11;Espectaculos;Cultura, teatro y danza;Castilla - La Mancha;Albacete;29;67;278,98;9,62;10
2024;11;Espectaculos;Cine;Castilla - La Mancha;Albacete;10;23;300;30;4
2024;11;Actividades;Actividades infantiles;Castilla - La Mancha;Albacete;10;23;300;30;4
2024;11;Espectaculos;Cultura, teatro y danza;Castilla - La Mancha;Albacete;26;60;260;10;8
2024;11;Espectaculos;Música;Castilla - La Mancha;Albacete;37;85;458,43;12,39;18
2024;11;Espectaculos;Musicales;Comunitat Valenciana;Alicante/Alacant;246;564;1722;7;75
2024;11;Espectaculos;Música;Comunitat Valenciana;Alicante/Alacant;68;156;704,48;10,36;25
2024;11;Actividades;Actividades infantiles;Comunitat Valenciana;Alicante/Alacant;246;564;1722;7;75
2024;11;Espectaculos;Cultura, teatro y danza;Comunitat Valenciana;Alicante/Alacant;246;564;1722;7;75
2024;11;Espectaculos;Música;Comunitat Valenciana;Alicante/Alacant;1022;2345;18416,44;18,02;619
2024;11;Espectaculos;Cultura, teatro y danza;Comunitat Valenciana;Alicante/Alacant;258;1276;10872,12;42,14;114
2024;11;Espectaculos;Música;Comunitat Valenciana;Alicante/Alacant;183;420;1830;10;84
2024;11;Espectaculos;Musicales;Comunitat Valenciana;Alicante/Alacant;187;429;2057;11;51
2024;11;Actividades;Actividades infantiles;Comunitat Valenciana;Alicante/Alacant;187;429;2057;11;51
2024;11;Espectaculos;Cultura, teatro y danza;Comunitat Valenciana;Alicante/Alacant;187;429;2057;11;51
2024;11;Espectaculos;Música;Comunitat Valenciana;Alicante/Alacant;2;5;9,8;4,9;1
2024;11;Actividades;Deportes y aventuras;Comunitat Valenciana;Alicante/Alacant;2;5;5,86;2,93;1
2024;11;Actividades;Actividades infantiles;Comunitat Valenciana;Alicante/Alacant;2;5;5,86;2,93;1
2024;11;Actividades;Actividades infantiles;Comunitat Valenciana;Alicante/Alacant;5;11;50;10;2
2024;11;Espectaculos;Cultura, teatro y danza;Comunitat Valenciana;Alicante/Alacant;5;11;50;10;2
2024;11;Espectaculos;Música;Comunitat Valenciana;Alicante/Alacant;10;23;125;12,5;8
2024;11;Espectaculos;Cine;Comunitat Valenciana;Alicante/Alacant;13;30;65;5;8
2024;11;Espectaculos;Musicales;Comunitat Valenciana;Alicante/Alacant;129;296;1419;11;35
2024;11;Espectaculos;Música;Comunitat Valenciana;Alicante/Alacant;591;1356;9550,56;16,16;274
2024;11;Actividades;Actividades infantiles;Comunitat Valenciana;Alicante/Alacant;129;296;1419;11;35
2024;11;Espectaculos;Cultura, teatro y danza;Comunitat Valenciana;Alicante/Alacant;557;1278;4350,17;7,81;196
2024;11;Espectaculos;Cultura, teatro y danza;Comunitat Valenciana;Alicante/Alacant;23;53;225,63;9,81;14
2024;11;Espectaculos;Música;Comunitat Valenciana;Alicante/Alacant;803;1842;10615,66;13,22;502
2024;11;Actividades;Cursos;Comunitat Valenciana;Alicante/Alacant;36;83;900;25;36
2024;11;Actividades;Deportes y aventuras;Comunitat Valenciana;Alicante/Alacant;17;39;255;15;6
2024;11;Actividades;Deportes y aventuras;Comunitat Valenciana;Alicante/Alacant;14;32;547,96;39,14;9
2024;11;Espectaculos;Música;Comunitat Valenciana;Alicante/Alacant;74;170;752,58;10,17;27
2024;11;Espectaculos;Cine;Comunitat Valenciana;Alicante/Alacant;62;142;806;13;23
2024;11;Espectaculos;Música;Comunitat Valenciana;Alicante/Alacant;35;80;245,35;7,01;21
2024;11;Espectaculos;Música;Comunitat Valenciana;Alicante/Alacant;5;11;40,5;8,1;2
2024;11;Espectaculos;Música;Comunitat Valenciana;Alicante/Alacant;159;365;955,59;6,01;98
2024;11;Espectaculos;Musicales;Comunitat Valenciana;Alicante/Alacant;30;69;151,2;5,04;15
2024;11;Espectaculos;Cultura, teatro y danza;Comunitat Valenciana;Alicante/Alacant;30;69;151,2;5,04;15
2024;11;Espectaculos;Música;Comunitat Valenciana;Alicante/Alacant;81;186;2034,72;25,12;35
2024;11;Espectaculos;Música;Comunitat Valenciana;Alicante/Alacant;303;695;14316,75;47,25;142
2024;11;Actividades;Deportes y aventuras;Comunitat Valenciana;Alicante/Alacant;3;7;61,86;20,62;3
2024;11;Espectaculos;Cine;Comunitat Valenciana;Alicante/Alacant;36;83;504;14;14
2024;11;Espectaculos;Música;Comunitat Valenciana;Alicante/Alacant;38;87;1030,94;27,13;24
2024;11;Espectaculos;Música;Comunitat Valenciana;Alicante/Alacant;2;5;10;5;1
2024;11;Espectaculos;Cine;Comunitat Valenciana;Alicante/Alacant;224;514;2918,72;13,03;79
2024;11;Espectaculos;Música;Comunitat Valenciana;Alicante/Alacant;284;652;5751;20,25;143
2024;11;Espectaculos;Cine;Andalucía;Almería;56;128;342,16;6,11;22
2024;11;Espectaculos;Cultura, teatro y danza;Andalucía;Almería;6;14;184,8;30,8;2
2024;11;Espectaculos;Musicales;Andalucía;Almería;17;39;213,01;12,53;12
2024;11;Espectaculos;Música;Andalucía;Almería;3617;8299;48974,18;13,54;3287
2024;11;Actividades;Actividades infantiles;Andalucía;Almería;235;539;1858,85;7,91;106
2024;11;Espectaculos;Cultura, teatro y danza;Andalucía;Almería;404;927;4714,68;11,67;188
2024;11;Actividades;Gastronomía;Andalucía;Almería;16;37;160,96;10,06;9
2024;11;Espectaculos;Música;Andalucía;Almería;31;71;1894,1;61,1;19
2024;11;Actividades;Actividades infantiles;Andalucía;Almería;2;5;32;16;1
2024;11;Espectaculos;Cultura, teatro y danza;Andalucía;Almería;2;5;32;16;1
2024;11;Espectaculos;Cultura, teatro y danza;Andalucía;Almería;189;434;4791,15;25,35;67
2024;11;Espectaculos;Conferencias;Andalucía;Almería;5;11;250;50;5
2024;11;Espectaculos;Música;Andalucía;Almería;224;514;7392;33;84
2024;11;Actividades;Deportes y aventuras;Andalucía;Almería;2;5;51,62;25,81;2
2024;11;Espectaculos;Cultura, teatro y danza;Andalucía;Almería;238;546;7149,52;30,04;98
2024;11;Espectaculos;Música;Castilla y León;Ávila;9;21;91,98;10,22;5
2024;11;Espectaculos;Musicales;Castilla y León;Ávila;15;34;151,05;10,07;8
2024;11;Actividades;Actividades infantiles;Castilla y León;Ávila;15;34;151,05;10,07;8
2024;11;Espectaculos;Cultura, teatro y danza;Castilla y León;Ávila;15;34;151,05;10,07;8
2024;11;Espectaculos;Música;Extremadura;Badajoz;148;340;1184;8;62
2024;11;Espectaculos;Musicales;Extremadura;Badajoz;115;264;2392;20,8;35
2024;11;Espectaculos;Música;Extremadura;Badajoz;366;840;3422,1;9,35;187
2024;11;Actividades;Actividades infantiles;Extremadura;Badajoz;90;207;1584;17,6;28
2024;11;Espectaculos;Cultura, teatro y danza;Extremadura;Badajoz;115;264;2392;20,8;35
2024;11;Actividades;Deportes y aventuras;Extremadura;Badajoz;103;236;3093,09;30,03;82
2024;11;Espectaculos;Cultura, teatro y danza;Extremadura;Badajoz;2;5;6;3;1
2024;11;Espectaculos;Musicales;Extremadura;Badajoz;38;87;668,8;17,6;13
2024;11;Espectaculos;Música;Extremadura;Badajoz;223;512;1906,65;8,55;113
2024;11;Actividades;Actividades infantiles;Extremadura;Badajoz;38;87;668,8;17,6;13
2024;11;Espectaculos;Cultura, teatro y danza;Extremadura;Badajoz;38;87;668,8;17,6;13
2024;11;Espectaculos;Cultura, teatro y danza;Extremadura;Badajoz;22;50;356,4;16,2;5
2024;11;Actividades;Deportes y aventuras;Extremadura;Badajoz;10;30;66;6,6;9
2024;11;Actividades;Deportes y aventuras;Extremadura;Badajoz;58;133;609;10,5;56
2024;11;Espectaculos;Musicales;Extremadura;Badajoz;83;190;1316,38;15,86;20
2024;11;Actividades;Actividades infantiles;Extremadura;Badajoz;65;149;1031,55;15,87;15
2024;11;Espectaculos;Cultura, teatro y danza;Extremadura;Badajoz;83;190;1316,38;15,86;20
2024;11;Espectaculos;Música;Illes Balears;Illes Balears;22;50;411,18;18,69;14
2024;11;Espectaculos;Música;Illes Balears;Illes Balears;14;32;174,16;12,44;8
2024;11;Actividades;Cursos;Illes Balears;Illes Balears;2;5;40;20;2
2024;11;Espectaculos;Música;Illes Balears;Illes Balears;96;220;1039,68;10,83;42
2024;11;Espectaculos;Cultura, teatro y danza;Illes Balears;Illes Balears;104;239;880,88;8,47;49
2024;11;Espectaculos;Música;Illes Balears;Illes Balears;12;28;124,32;10,36;7
2024;11;Espectaculos;Música;Illes Balears;Illes Balears;96;220;1399,68;14,58;59
2024;11;Espectaculos;Música;Illes Balears;Illes Balears;93;213;1724,22;18,54;37
2024;11;Actividades;Actividades infantiles;Illes Balears;Illes Balears;93;213;1724,22;18,54;37
2024;11;Espectaculos;Música;Illes Balears;Illes Balears;646;1482;10607,32;16,42;284
2024;11;Actividades;Actividades infantiles;Illes Balears;Illes Balears;31;71;726,95;23,45;17
2024;11;Espectaculos;Música;Illes Balears;Illes Balears;447;1026;3875,49;8,67;232
2024;11;Espectaculos;Música;Illes Balears;Illes Balears;157;1189;1810,21;11,53;73
2024;11;Actividades;Actividades infantiles;Illes Balears;Illes Balears;39;89;606,84;15,56;20
2024;11;Espectaculos;Música;Illes Balears;Illes Balears;10;661;62,2;6,22;5
2024;11;Espectaculos;Música;Illes Balears;Illes Balears;33;76;512,82;15,54;17
2024;11;Espectaculos;Música;Illes Balears;Illes Balears;684;1569;6614,28;9,67;347
2024;11;Espectaculos;Música;Illes Balears;Illes Balears;8;18;82,88;10,36;3
2024;11;Actividades;Actividades infantiles;Illes Balears;Illes Balears;8;18;82,88;10,36;3
2024;11;Espectaculos;Música;Illes Balears;Illes Balears;55;126;856,35;15,57;23
2024;11;Espectaculos;Música;Illes Balears;Illes Balears;30;69;252,9;8,43;16
2024;11;Espectaculos;Cultura, teatro y danza;Illes Balears;Illes Balears;52;119;626,08;12,04;16
2024;11;Espectaculos;Música;Illes Balears;Illes Balears;12;28;223,8;18,65;6
2024;11;Espectaculos;Música;Illes Balears;Illes Balears;38;88;429,78;11,31;20
2024;11;Actividades;Cursos;Illes Balears;Illes Balears;8;18;24;3;5
2024;11;Espectaculos;Cine;Illes Balears;Illes Balears;28;64;142,24;5,08;16
2024;11;Espectaculos;Música;Illes Balears;Illes Balears;496;1138;5386,56;10,86;294
2024;11;Actividades;Actividades infantiles;Illes Balears;Illes Balears;19;44;57;3;6
2024;11;Espectaculos;Cultura, teatro y danza;Illes Balears;Illes Balears;158;411;995,4;6,3;56
2024;11;Espectaculos;Cultura, teatro y danza;Illes Balears;Illes Balears;8;18;41,44;5,18;3
2024;11;Espectaculos;Música;Illes Balears;Illes Balears;100;229;1727;17,27;64
2024;11;Actividades;Deportes y aventuras;Illes Balears;Illes Balears;59;135;549,88;9,32;28
2024;11;Actividades;Actividades infantiles;Illes Balears;Illes Balears;59;135;549,88;9,32;28
2024;11;Espectaculos;Conferencias;Illes Balears;Illes Balears;16;37;852,96;53,31;15
2024;11;Actividades;Cursos;Illes Balears;Illes Balears;227;485;12675,68;55,84;131
2024;11;Espectaculos;Música;Illes Balears;Illes Balears;9041;31334;147639,53;16,33;5030
2024;11;Actividades;Actividades infantiles;Illes Balears;Illes Balears;308;707;6095,32;19,79;169
2024;11;Espectaculos;Cultura, teatro y danza;Illes Balears;Illes Balears;1327;3045;14198,9;10,7;641
2024;11;Espectaculos;Museo y exposiciones;Illes Balears;Illes Balears;36;83;313,92;8,72;20
2024;11;Actividades;Gastronomía;Illes Balears;Illes Balears;166;381;6769,48;40,78;75
2024;11;Espectaculos;Música;Illes Balears;Illes Balears;883;2026;10719,62;12,14;296
2024;11;Actividades;Actividades infantiles;Illes Balears;Illes Balears;577;1324;4373,66;7,58;180
2024;11;Espectaculos;Cultura, teatro y danza;Illes Balears;Illes Balears;716;1643;4460,68;6,23;206
2024;11;Espectaculos;Música;Illes Balears;Illes Balears;31;71;403;13;14
2024;11;Espectaculos;Cultura, teatro y danza;Illes Balears;Illes Balears;25;57;168,5;6,74;12
2024;11;Espectaculos;Música;Illes Balears;Illes Balears;262;601;6101,98;23,29;150
2024;11;Espectaculos;Música;Illes Balears;Illes Balears;90;207;1210,5;13,45;42
2024;11;Actividades;Actividades infantiles;Illes Balears;Illes Balears;30;162;310,8;10,36;22
2024;11;Espectaculos;Cultura, teatro y danza;Illes Balears;Illes Balears;52;326;548,08;10,54;21
2024;11;Espectaculos;Música;Illes Balears;Illes Balears;523;1245;5094,02;9,74;252
2024;11;Actividades;Actividades infantiles;Illes Balears;Illes Balears;140;321;980;7;44
2024;11;Espectaculos;Cultura, teatro y danza;Illes Balears;Illes Balears;312;716;2733,12;8,76;126
2024;11;Espectaculos;Música;Illes Balears;Illes Balears;214;491;1990,2;9,3;95
2024;11;Actividades;Actividades infantiles;Illes Balears;Illes Balears;117;268;1818,18;15,54;50
2024;11;Espectaculos;Cultura, teatro y danza;Illes Balears;Illes Balears;146;335;873,08;5,98;60
2024;11;Actividades;Cursos;Illes Balears;Illes Balears;1;2;93,27;93,27;1
2024;11;Espectaculos;Música;Illes Balears;Illes Balears;48;110;911,52;18,99;17
2024;11;Actividades;Actividades infantiles;Illes Balears;Illes Balears;48;110;911,52;18,99;17
2024;11;Espectaculos;Música;Illes Balears;Illes Balears;35;87;346,15;9,89;22
2024;11;Espectaculos;Musicales;Illes Balears;Illes Balears;92;211;479,32;5,21;26
2024;11;Espectaculos;Música;Illes Balears;Illes Balears;125;287;970;7,76;66
2024;11;Espectaculos;Cultura, teatro y danza;Illes Balears;Illes Balears;112;303;708,96;6,33;36
2024;11;Espectaculos;Cultura, teatro y danza;Illes Balears;Illes Balears;27;62;283,77;10,51;14
2024;11;Espectaculos;Música;Illes Balears;Illes Balears;41;94;671,58;16,38;25
2024;11;Espectaculos;Música;Illes Balears;Illes Balears;241;553;4528,39;18,79;105
2024;11;Actividades;Actividades infantiles;Illes Balears;Illes Balears;81;186;1520,37;18,77;33
2024;11;Espectaculos;Música;Illes Balears;Illes Balears;33;76;512,82;15,54;17
2024;11;Espectaculos;Música;Cataluña;Barcelona;11;25;111,98;10,18;5
2024;11;Espectaculos;Cultura, teatro y danza;Cataluña;Barcelona;82;188;1041,4;12,7;38
2024;11;Espectaculos;Música;Cataluña;Barcelona;222;509;3996;18;135
2024;11;Espectaculos;Música;Cataluña;Barcelona;26;60;523,9;20,15;13
2024;11;Actividades;Cursos;Cataluña;Barcelona;175;427;6452,25;36,87;146
2024;11;Espectaculos;Cine;Cataluña;Barcelona;677;1553;5476,93;8,09;450
2024;11;Espectaculos;Musicales;Cataluña;Barcelona;632;1450;12166;19,25;244
2024;11;Espectaculos;Música;Cataluña;Barcelona;23928;51558;344323,92;14,39;14635
2024;11;Actividades;Deportes y aventuras;Cataluña;Barcelona;449;1030;2339,29;5,21;187
2024;11;Actividades;Actividades infantiles;Cataluña;Barcelona;1761;3767;42158,34;23,94;582
2024;11;Espectaculos;Cultura, teatro y danza;Cataluña;Barcelona;4763;10777;86162,67;18,09;2276
2024;11;Espectaculos;Museo y exposiciones;Cataluña;Barcelona;101;232;1204,93;11,93;33
2024;11;Actividades;Gastronomía;Cataluña;Barcelona;472;1083;13513,36;28,63;292
2024;11;Espectaculos;Música;Cataluña;Barcelona;211;484;2795,75;13,25;100
2024;11;Espectaculos;Música;Cataluña;Barcelona;8;18;82;10,25;3
2024;11;Espectaculos;Música;Cataluña;Barcelona;10;23;188,4;18,84;6
2024;11;Actividades;Actividades infantiles;Cataluña;Barcelona;10;23;188,4;18,84;6
2024;11;Espectaculos;Música;Cataluña;Barcelona;35;80;624,05;17,83;22
2024;11;Espectaculos;Música;Cataluña;Barcelona;13;30;251,16;19,32;7
2024;11;Actividades;Actividades infantiles;Cataluña;Barcelona;13;30;251,16;19,32;7
2024;11;Espectaculos;Cultura, teatro y danza;Cataluña;Barcelona;109;250;872;8;34
2024;11;Espectaculos;Musicales;Cataluña;Barcelona;144;330;1130,4;7,85;39
2024;11;Actividades;Actividades infantiles;Cataluña;Barcelona;144;330;1130,4;7,85;39
2024;11;Espectaculos;Cultura, teatro y danza;Cataluña;Barcelona;144;330;1130,4;7,85;39
2024;11;Actividades;Deportes y aventuras;Cataluña;Barcelona;89;204;2499,12;28,08;41
2024;11;Actividades;Deportes y aventuras;Cataluña;Barcelona;107;246;3772,82;35,26;50
2024;11;Espectaculos;Música;Cataluña;Barcelona;2;5;26;13;1
2024;11;Espectaculos;Música;Cataluña;Barcelona;241;553;2169;9;109
2024;11;Espectaculos;Cultura, teatro y danza;Cataluña;Barcelona;111;700;777;7;55
2024;11;Espectaculos;Música;Cataluña;Barcelona;209;480;27797;133;147
2024;11;Espectaculos;Música;Cataluña;Barcelona;530;1215;9964;18,8;370
2024;11;Espectaculos;Cultura, teatro y danza;Cataluña;Barcelona;25;333;321;12,84;15
2024;11;Espectaculos;Música;Cataluña;Barcelona;62;142;1343,54;21,67;56
2024;11;Espectaculos;Música;Cataluña;Barcelona;427;980;4974,55;11,65;282
2024;11;Espectaculos;Música;Cataluña;Barcelona;203;466;3796,1;18,7;73
2024;11;Actividades;Deportes y aventuras;Cataluña;Barcelona;1;2;29,46;29,46;1
2024;11;Espectaculos;Cultura, teatro y danza;Cataluña;Barcelona;19;44;285;15;7
2024;11;Espectaculos;Música;Cataluña;Barcelona;33;76;330;10;16
2024;11;Espectaculos;Música;Cataluña;Barcelona;51;117;422,28;8,28;38
2024;11;Actividades;Actividades infantiles;Cataluña;Barcelona;826;1895;7615,72;9,22;232
2024;11;Espectaculos;Conferencias;Cataluña;Barcelona;59;135;2567,68;43,52;51
2024;11;Espectaculos;Música;Cataluña;Barcelona;7;16;49;7;5
2024;11;Espectaculos;Música;Cataluña;Barcelona;49;112;1037,82;21,18;15
2024;11;Actividades;Deportes y aventuras;Cataluña;Barcelona;35;80;770;22;20
2024;11;Espectaculos;Música;Cataluña;Barcelona;4;9;41,2;10,3;1
2024;11;Espectaculos;Cultura, teatro y danza;Cataluña;Barcelona;26;60;208;8;14
2024;11;Espectaculos;Música;Cataluña;Barcelona;53;122;159;3;27
2024;11;Espectaculos;Música;Cataluña;Barcelona;407;934;4070;10;195
2024;11;Actividades;Cursos;Cataluña;Barcelona;14;32;334,46;23,89;12
2024;11;Espectaculos;Música;Cataluña;Barcelona;29;67;603,49;20,81;24
2024;11;Actividades;Actividades infantiles;Cataluña;Barcelona;6;14;58,86;9,81;1
2024;11;Espectaculos;Cultura, teatro y danza;Cataluña;Barcelona;6;14;58,86;9,81;1
2024;11;Espectaculos;Musicales;Cataluña;Barcelona;42;96;365,82;8,71;13
2024;11;Espectaculos;Música;Cataluña;Barcelona;111;255;851,37;7,67;71
2024;11;Actividades;Actividades infantiles;Cataluña;Barcelona;42;96;365,82;8,71;13
2024;11;Espectaculos;Cultura, teatro y danza;Cataluña;Barcelona;42;96;365,82;8,71;13
2024;11;Espectaculos;Música;Cataluña;Barcelona;2;5;26,4;13,2;1
2024;11;Espectaculos;Música;Cataluña;Barcelona;161;369;2415;15;79
2024;11;Actividades;Deportes y aventuras;Cataluña;Barcelona;144;330;2075,04;14,41;78
2024;11;Actividades;Actividades infantiles;Cataluña;Barcelona;10;23;50;5;5
2024;11;Espectaculos;Cultura, teatro y danza;Cataluña;Barcelona;27;62;270;10;16
2024;11;Espectaculos;Música;Cataluña;Barcelona;76;174;540,36;7,11;44
2024;11;Actividades;Actividades infantiles;Cataluña;Barcelona;8;18;66;8,25;4
2024;11;Espectaculos;Cine;Cataluña;Barcelona;70;161;224,7;3,21;29
2024;11;Espectaculos;Música;Cataluña;Barcelona;247;567;3534,57;14,31;145
2024;11;Espectaculos;Cultura, teatro y danza;Cataluña;Barcelona;114;262;665,76;5,84;39
2024;11;Espectaculos;Música;Cataluña;Barcelona;31;71;463,14;14,94;9
2024;11;Espectaculos;Música;Cataluña;Barcelona;78;179;1077,18;13,81;27
2024;11;Espectaculos;Cultura, teatro y danza;Cataluña;Barcelona;110;252;2068;18,8;43
2024;11;Espectaculos;Música;Cataluña;Barcelona;2;5;117,84;58,92;1
2024;11;Espectaculos;Música;Cataluña;Barcelona;108;248;963,36;8,92;49
2024;11;Actividades;Gastronomía;Cataluña;Barcelona;3;7;24;8;2
2024;11;Espectaculos;Musicales;Cataluña;Barcelona;47;108;564;12;16
2024;11;Espectaculos;Música;Cataluña;Barcelona;80;184;255,2;3,19;27
2024;11;Actividades;Actividades infantiles;Cataluña;Barcelona;47;108;564;12;16
2024;11;Espectaculos;Cultura, teatro y danza;Cataluña;Barcelona;68;156;1037;15,25;22
2024;11;Espectaculos;Música;Cataluña;Barcelona;20;46;112,6;5,63;12
2024;11;Actividades;Actividades infantiles;Cataluña;Barcelona;7;16;35;5;1
2024;11;Espectaculos;Música;Cataluña;Barcelona;228;523;3511,2;15,4;127
2024;11;Espectaculos;Conferencias;Cataluña;Barcelona;21;48;1404,27;66,87;14
2024;11;Espectaculos;Musicales;Cataluña;Barcelona;425;975;4220,25;9,93;149
2024;11;Espectaculos;Música;Cataluña;Barcelona;100;229;1757;17,57;39
2024;11;Actividades;Actividades infantiles;Cataluña;Barcelona;247;567;3475,29;14,07;84
2024;11;Espectaculos;Cultura, teatro y danza;Cataluña;Barcelona;497;1276;5173,77;10,41;180
2024;11;Espectaculos;Musicales;Cataluña;Barcelona;153;351;1542,24;10,08;58
2024;11;Espectaculos;Música;Cataluña;Barcelona;405;929;4977,45;12,29;205
2024;11;Actividades;Deportes y aventuras;Cataluña;Barcelona;13;30;1139,19;87,63;8
2024;11;Espectaculos;Cultura, teatro y danza;Cataluña;Barcelona;266;610;3051,02;11,47;108
2024;11;Actividades;Gastronomía;Cataluña;Barcelona;7;16;105;15;3
2024;11;Espectaculos;Música;Cataluña;Barcelona;11;25;486,09;44,19;8
2024;11;Actividades;Actividades infantiles;Cataluña;Barcelona;11;25;486,09;44,19;8
2024;11;Actividades;Cursos;Cataluña;Barcelona;1;2;10;10;1
2024;11;Espectaculos;Música;Cataluña;Barcelona;304;778;2495,84;8,21;217
2024;11;Espectaculos;Cultura, teatro y danza;Cataluña;Barcelona;167;383;1484,63;8,89;87
2024;11;Espectaculos;Música;Cataluña;Barcelona;26;60;390;15;15
2024;11;Espectaculos;Música;Cataluña;Barcelona;79;181;1227,66;15,54;32
2024;11;Espectaculos;Música;Cataluña;Barcelona;228;523;3367,56;14,77;112
2024;11;Actividades;Actividades infantiles;Cataluña;Barcelona;103;226;2176,39;21,13;41
2024;11;Espectaculos;Música;Castilla y León;Burgos;202;463;3690,54;18,27;89
2024;11;Espectaculos;Cultura, teatro y danza;Castilla y León;Burgos;14;32;70;5;8
2024;11;Espectaculos;Música;Castilla y León;Burgos;160;367;2017,6;12,61;78
2024;11;Actividades;Cursos;Extremadura;Cáceres;33;76;288,09;8,73;27
2024;11;Espectaculos;Musicales;Extremadura;Cáceres;142;326;2811,6;19,8;36
2024;11;Espectaculos;Música;Extremadura;Cáceres;47;108;551,78;11,74;28
2024;11;Actividades;Actividades infantiles;Extremadura;Cáceres;103;236;1269,99;12,33;26
2024;11;Espectaculos;Cultura, teatro y danza;Extremadura;Cáceres;176;404;2104,96;11,96;54
2024;11;Actividades;Deportes y aventuras;Extremadura;Cáceres;123;531;1624,83;13,21;102
2024;11;Espectaculos;Música;Extremadura;Cáceres;6;14;72;12;4
2024;11;Actividades;Actividades infantiles;Extremadura;Cáceres;15;34;75;5;6
2024;11;Espectaculos;Cultura, teatro y danza;Extremadura;Cáceres;23;53;193,2;8,4;12
2024;11;Espectaculos;Musicales;Extremadura;Cáceres;241;553;4241,6;17,6;81
2024;11;Espectaculos;Música;Extremadura;Cáceres;49;112;1185,8;24,2;20
2024;11;Actividades;Actividades infantiles;Extremadura;Cáceres;241;553;4241,6;17,6;81
2024;11;Espectaculos;Cultura, teatro y danza;Extremadura;Cáceres;241;553;4241,6;17,6;81
2024;11;Actividades;Deportes y aventuras;Extremadura;Cáceres;2;5;56,94;28,47;2
2024;11;Actividades;Actividades infantiles;Extremadura;Cáceres;2;5;56,94;28,47;2
2024;11;Espectaculos;Música;Extremadura;Cáceres;23;53;277,15;12,05;12
2024;11;Espectaculos;Conferencias;Andalucía;Cádiz;9;21;90;10;5
2024;11;Espectaculos;Música;Andalucía;Cádiz;85;195;891,65;10,49;44
2024;11;Espectaculos;Cultura, teatro y danza;Andalucía;Cádiz;8;18;80;10;4
2024;11;Espectaculos;Música;Andalucía;Cádiz;366;840;5270,4;14,4;172
2024;11;Actividades;Deportes y aventuras;Andalucía;Cádiz;160;367;2942,4;18,39;131
2024;11;Actividades;Actividades infantiles;Andalucía;Cádiz;10;23;387,2;38,72;4
2024;11;Actividades;Gastronomía;Andalucía;Cádiz;43;99;430;10;17
2024;11;Espectaculos;Música;Andalucía;Cádiz;169;388;2090,53;12,37;96
2024;11;Espectaculos;Música;Andalucía;Cádiz;96;220;1218,24;12,69;46
2024;11;Espectaculos;Cultura, teatro y danza;Andalucía;Cádiz;32;73;563,84;17,62;11
2024;11;Espectaculos;Música;Andalucía;Cádiz;39;338;312;8;25
2024;11;Espectaculos;Música;Andalucía;Cádiz;115;264;910,8;7,92;45
2024;11;Actividades;Gastronomía;Andalucía;Cádiz;21;48;256,41;12,21;12
2024;11;Espectaculos;Musicales;Andalucía;Cádiz;126;289;2002,14;15,89;34
2024;11;Actividades;Actividades infantiles;Andalucía;Cádiz;126;289;2002,14;15,89;34
2024;11;Espectaculos;Cultura, teatro y danza;Andalucía;Cádiz;126;289;2002,14;15,89;34
2024;11;Espectaculos;Música;Comunitat Valenciana;Castellón/Castelló;50;166;410,5;8,21;25
2024;11;Espectaculos;Música;Comunitat Valenciana;Castellón/Castelló;59;135;590;10;43
2024;11;Espectaculos;Musicales;Comunitat Valenciana;Castellón/Castelló;465;1067;6844,8;14,72;114
2024;11;Espectaculos;Música;Comunitat Valenciana;Castellón/Castelló;876;2010;11755,92;13,42;380
2024;11;Actividades;Actividades infantiles;Comunitat Valenciana;Castellón/Castelló;465;1001;6844,8;14,72;114
2024;11;Espectaculos;Cultura, teatro y danza;Comunitat Valenciana;Castellón/Castelló;465;1067;6844,8;14,72;114
2024;11;Espectaculos;Cultura, teatro y danza;Comunitat Valenciana;Castellón/Castelló;970;2226;17450,3;17,99;425
2024;11;Espectaculos;Música;Castilla - La Mancha;Ciudad Real;10;23;100;10;4
2024;11;Espectaculos;Música;Castilla - La Mancha;Ciudad Real;24;55;296,88;12,37;9
2024;11;Espectaculos;Música;Castilla - La Mancha;Ciudad Real;265;608;1860,3;7,02;138
2024;11;Espectaculos;Música;Castilla - La Mancha;Ciudad Real;16;37;160;10;6
2024;11;Espectaculos;Música;Castilla - La Mancha;Ciudad Real;170;390;2730,2;16,06;106
2024;11;Espectaculos;Música;Castilla - La Mancha;Ciudad Real;11;25;100,98;9,18;5
2024;11;Espectaculos;Música;Castilla - La Mancha;Ciudad Real;81;186;830,25;10,25;42
2024;11;Espectaculos;Musicales;Andalucía;Córdoba;2;5;21,6;10,8;1
2024;11;Espectaculos;Música;Andalucía;Córdoba;573;1315;6824,43;11,91;303
2024;11;Actividades;Actividades infantiles;Andalucía;Córdoba;88;202;884,4;10,05;31
2024;11;Espectaculos;Cultura, teatro y danza;Andalucía;Córdoba;1070;2455;15568,5;14,55;457
2024;11;Espectaculos;Música;Andalucía;Córdoba;30;69;372,3;12,41;12
2024;11;Espectaculos;Cultura, teatro y danza;Andalucía;Córdoba;17;39;170;10;6
2024;11;Espectaculos;Musicales;Andalucía;Córdoba;108;248;613,44;5,68;44
2024;11;Espectaculos;Cultura, teatro y danza;Andalucía;Córdoba;108;248;613,44;5,68;44
2024;11;Espectaculos;Música;Galicia;A Coruña;2;5;20;10;1
2024;11;Actividades;Cursos;Galicia;A Coruña;2;5;50;25;2
2024;11;Espectaculos;Musicales;Galicia;A Coruña;106;243;765,32;7,22;35
2024;11;Espectaculos;Música;Galicia;A Coruña;1497;3534;20419,08;13,64;1012
2024;11;Actividades;Actividades infantiles;Galicia;A Coruña;272;604;1787,04;6,57;101
2024;11;Espectaculos;Cultura, teatro y danza;Galicia;A Coruña;499;1145;4096,79;8,21;222
2024;11;Espectaculos;Música;Galicia;A Coruña;10;23;80;8;5
2024;11;Espectaculos;Música;Galicia;A Coruña;54;124;1193,4;22,1;28
2024;11;Espectaculos;Cultura, teatro y danza;Galicia;A Coruña;68;156;378,76;5,57;30
2024;11;Espectaculos;Música;Galicia;A Coruña;210;482;1764;8,4;134
2024;11;Espectaculos;Cultura, teatro y danza;Galicia;A Coruña;128;783;510,72;3,99;62
2024;11;Espectaculos;Música;Galicia;A Coruña;248;569;3042,96;12,27;145
2024;11;Espectaculos;Cultura, teatro y danza;Galicia;A Coruña;17;39;110,16;6,48;10
2024;11;Espectaculos;Música;Castilla - La Mancha;Cuenca;116;266;908,28;7,83;60
2024;11;Actividades;Deportes y aventuras;Castilla - La Mancha;Cuenca;155;355;465;3;48
2024;11;Espectaculos;Cine;Cataluña;Girona;9;21;40,5;4,5;5
2024;11;Espectaculos;Música;Cataluña;Girona;303;695;5999,4;19,8;131
2024;11;Espectaculos;Música;Cataluña;Girona;121;278;1715,78;14,18;66
2024;11;Espectaculos;Música;Cataluña;Girona;224;514;3808;17;117
2024;11;Espectaculos;Música;Cataluña;Girona;2;5;26,4;13,2;1
2024;11;Espectaculos;Cultura, teatro y danza;Cataluña;Girona;17;2936;431,8;25,4;11
2024;11;Espectaculos;Música;Cataluña;Girona;396;909;7326;18,5;198
2024;11;Espectaculos;Música;Cataluña;Girona;88;277;1081,52;12,29;45
2024;11;Actividades;Actividades infantiles;Cataluña;Girona;38;87;787,74;20,73;17
2024;11;Espectaculos;Música;Cataluña;Girona;120;275;2175,6;18,13;96
2024;11;Espectaculos;Música;Cataluña;Girona;4;9;60;15;2
2024;11;Espectaculos;Música;Cataluña;Girona;78;179;493,74;6,33;43
2024;11;Espectaculos;Música;Cataluña;Girona;34;78;321,64;9,46;20
2024;11;Espectaculos;Cultura, teatro y danza;Cataluña;Girona;37;85;307,1;8,3;18
2024;11;Actividades;Gastronomía;Cataluña;Girona;37;85;307,1;8,3;18
2024;11;Espectaculos;Música;Cataluña;Girona;514;1179;1336,4;2,6;140
2024;11;Actividades;Actividades infantiles;Cataluña;Girona;514;1179;1336,4;2,6;140
2024;11;Espectaculos;Música;Andalucía;Granada;34;78;408;12;20
2024;11;Espectaculos;Musicales;Andalucía;Granada;3;7;36;12;1
2024;11;Espectaculos;Música;Andalucía;Granada;230;528;5579,8;24,26;111
2024;11;Actividades;Actividades infantiles;Andalucía;Granada;3;7;36;12;1
2024;11;Espectaculos;Cultura, teatro y danza;Andalucía;Granada;6;14;72;12;3
2024;11;Espectaculos;Museo y exposiciones;Andalucía;Granada;3;7;36;12;2
2024;11;Espectaculos;Música;Andalucía;Granada;115;264;1892,9;16,46;80
2024;11;Espectaculos;Musicales;Andalucía;Granada;1174;2694;12996,18;11,07;372
2024;11;Espectaculos;Música;Andalucía;Granada;1440;5849;16344;11,35;806
2024;11;Actividades;Actividades infantiles;Andalucía;Granada;1156;2652;17386,24;15,04;348
2024;11;Espectaculos;Cultura, teatro y danza;Andalucía;Granada;2008;4607;20501,68;10,21;781
2024;11;Espectaculos;Cultura, teatro y danza;Andalucía;Granada;4;9;51,6;12,9;1
2024;11;Espectaculos;Música;Andalucía;Granada;109;250;2633,44;24,16;73
2024;11;Actividades;Actividades infantiles;Castilla - La Mancha;Guadalajara;135;310;801,9;5,94;37
2024;11;Espectaculos;Cultura, teatro y danza;Castilla - La Mancha;Guadalajara;135;310;801,9;5,94;37
2024;11;Espectaculos;Música;Castilla - La Mancha;Guadalajara;243;558;4235,49;17,43;94
2024;11;Actividades;Actividades infantiles;Castilla - La Mancha;Guadalajara;130;448;1606,8;12,36;52
2024;11;Espectaculos;Cultura, teatro y danza;Castilla - La Mancha;Guadalajara;74;170;458,06;6,19;23
2024;11;Actividades;Gastronomía;Castilla - La Mancha;Guadalajara;74;170;458,06;6,19;23
2024;11;Espectaculos;Musicales;Castilla - La Mancha;Guadalajara;18;41;144;8;6
2024;11;Actividades;Actividades infantiles;Castilla - La Mancha;Guadalajara;18;41;144;8;6
2024;11;Espectaculos;Cultura, teatro y danza;Castilla - La Mancha;Guadalajara;18;41;144;8;6
2024;11;Espectaculos;Música;Castilla - La Mancha;Guadalajara;3;7;77,34;25,78;3
2024;11;Espectaculos;Cultura, teatro y danza;País Vasco;Gipuzkoa;117;268;586,17;5,01;58
2024;11;Espectaculos;Música;País Vasco;Gipuzkoa;176;404;2066,24;11,74;85
2024;11;Espectaculos;Cultura, teatro y danza;País Vasco;Gipuzkoa;591;1356;3551,91;6,01;159
2024;11;Actividades;Cursos;País Vasco;Gipuzkoa;14;34;369,04;26,36;13
2024;11;Espectaculos;Música;País Vasco;Gipuzkoa;1422;3096;20206,62;14,21;526
2024;11;Actividades;Actividades infantiles;País Vasco;Gipuzkoa;539;1237;4559,94;8,46;162
2024;11;Espectaculos;Cultura, teatro y danza;País Vasco;Gipuzkoa;636;1459;5412,36;8,51;297
2024;11;Espectaculos;Música;País Vasco;Gipuzkoa;58;133;300,44;5,18;30
2024;11;Espectaculos;Cultura, teatro y danza;País Vasco;Gipuzkoa;115;264;893,55;7,77;52
2024;11;Espectaculos;Música;País Vasco;Gipuzkoa;3;7;45;15;2
2024;11;Espectaculos;Cine;País Vasco;Gipuzkoa;7;16;21;3;6
2024;11;Espectaculos;Música;País Vasco;Gipuzkoa;77;177;621,39;8,07;39
2024;11;Espectaculos;Cultura, teatro y danza;País Vasco;Gipuzkoa;69;158;320,16;4,64;28
2024;11;Espectaculos;Cine;País Vasco;Gipuzkoa;70;161;414,4;5,92;45
2024;11;Espectaculos;Música;País Vasco;Gipuzkoa;137;314;3542,82;25,86;70
2024;11;Actividades;Deportes y aventuras;País Vasco;Gipuzkoa;780;1790;23431,2;30,04;254
2024;11;Espectaculos;Cultura, teatro y danza;País Vasco;Gipuzkoa;52;119;788,84;15,17;24
2024;11;Actividades;Cursos;País Vasco;Gipuzkoa;15;34;690;46;13
2024;11;Espectaculos;Música;País Vasco;Gipuzkoa;16;37;247,52;15,47;7
2024;11;Espectaculos;Música;País Vasco;Gipuzkoa;1;2;15;15;1
2024;11;Actividades;Actividades infantiles;Andalucía;Huelva;770;1767;3626,7;4,71;169
2024;11;Espectaculos;Cultura, teatro y danza;Andalucía;Huelva;770;1767;3626,7;4,71;169
2024;11;Espectaculos;Museo y exposiciones;Andalucía;Huelva;770;1767;3626,7;4,71;169
2024;11;Espectaculos;Música;Andalucía;Huelva;6;14;60;10;4
2024;11;Espectaculos;Música;Andalucía;Huelva;85;195;442;5,2;67
2024;11;Espectaculos;Música;Andalucía;Huelva;2;5;20;10;1
2024;11;Espectaculos;Música;Aragón;Huesca;339;778;4240,89;12,51;231
2024;11;Espectaculos;Música;Aragón;Huesca;149;342;2093,45;14,05;98
2024;11;Espectaculos;Musicales;Aragón;Huesca;2;5;28;14;1
2024;11;Actividades;Actividades infantiles;Aragón;Huesca;2;5;28;14;1
2024;11;Espectaculos;Cultura, teatro y danza;Aragón;Huesca;2;5;28;14;1
2024;11;Espectaculos;Cultura, teatro y danza;Aragón;Huesca;9;21;137,52;15,28;5
2024;11;Espectaculos;Música;Aragón;Huesca;32;73;321,92;10,06;18
2024;11;Espectaculos;Cultura, teatro y danza;Aragón;Huesca;17;39;83,98;4,94;11
2024;11;Espectaculos;Música;Aragón;Huesca;24;55;248,4;10,35;10
2024;11;Actividades;Cursos;Andalucía;Jaén;5;11;250;50;5
2024;11;Espectaculos;Música;Andalucía;Jaén;484;1111;5585,36;11,54;252
2024;11;Espectaculos;Musicales;Andalucía;Jaén;1;2;5,59;5,59;1
2024;11;Espectaculos;Cultura, teatro y danza;Andalucía;Jaén;19;44;141,17;7,43;8
2024;11;Espectaculos;Música;Andalucía;Jaén;1;2;54,5;54,5;1
2024;11;Espectaculos;Música;Castilla y León;León;344;789;5063,68;14,72;178
2024;11;Actividades;Actividades infantiles;Castilla y León;León;229;525;1744,98;7,62;104
2024;11;Espectaculos;Música;Castilla y León;León;48;110;920,16;19,17;24
2024;11;Espectaculos;Música;Castilla y León;León;20;46;102;5,1;9
2024;11;Espectaculos;Música;Cataluña;Lleida;25;57;391,5;15,66;8
2024;11;Actividades;Actividades infantiles;Cataluña;Lleida;25;57;391,5;15,66;8
2024;11;Espectaculos;Música;Cataluña;Lleida;388;890;4299,04;11,08;276
2024;11;Espectaculos;Musicales;Cataluña;Lleida;155;356;683,55;4,41;54
2024;11;Espectaculos;Música;Cataluña;Lleida;203;602;2596,37;12,79;114
2024;11;Espectaculos;Cultura, teatro y danza;Cataluña;Lleida;155;356;683,55;4,41;54
2024;11;Espectaculos;Conferencias;Cataluña;Lleida;1;2;38;38;1
2024;11;Espectaculos;Ferias;Cataluña;Lleida;1;2;38;38;1
2024;11;Espectaculos;Música;La Rioja;La Rioja;309;709;4069,53;13,17;271
2024;11;Espectaculos;Música;La Rioja;La Rioja;19;44;284,24;14,96;10
2024;11;Espectaculos;Cultura, teatro y danza;La Rioja;La Rioja;792;1817;22738,32;28,71;247
2024;11;Espectaculos;Cultura, teatro y danza;La Rioja;La Rioja;3;7;18;6;1
2024;11;Espectaculos;Música;Galicia;Lugo;214;491;2475,98;11,57;109
2024;11;Espectaculos;Cultura, teatro y danza;Galicia;Lugo;4;9;248;62;2
2024;11;Actividades;Actividades infantiles;Galicia;Lugo;14;32;224;16;6
2024;11;Espectaculos;Cultura, teatro y danza;Galicia;Lugo;88;202;1585,76;18,02;35
2024;11;Espectaculos;Musicales;Comunidad de Madrid;Madrid;4;9;44,8;11,2;1
2024;11;Espectaculos;Música;Comunidad de Madrid;Madrid;217;498;2387;11;150
2024;11;Actividades;Actividades infantiles;Comunidad de Madrid;Madrid;204;546;1240,32;6,08;76
2024;11;Espectaculos;Cultura, teatro y danza;Comunidad de Madrid;Madrid;187;429;1701,7;9,1;69
2024;11;Espectaculos;Música;Comunidad de Madrid;Madrid;8;18;82,48;10,31;4
2024;11;Espectaculos;Cultura, teatro y danza;Comunidad de Madrid;Madrid;28;64;81,2;2,9;16
2024;11;Espectaculos;Música;Comunidad de Madrid;Madrid;31;71;311,86;10,06;20
2024;11;Espectaculos;Cultura, teatro y danza;Comunidad de Madrid;Madrid;12;28;24,96;2,08;5
2024;11;Espectaculos;Música;Comunidad de Madrid;Madrid;119;273;1787,38;15,02;50
2024;11;Espectaculos;Cultura, teatro y danza;Comunidad de Madrid;Madrid;4800;11014;37344;7,78;1042
2024;11;Espectaculos;Música;Comunidad de Madrid;Madrid;23;53;2604,06;113,22;22
2024;11;Espectaculos;Musicales;Comunidad de Madrid;Madrid;80;184;640;8;25
2024;11;Actividades;Actividades infantiles;Comunidad de Madrid;Madrid;80;184;640;8;25
2024;11;Espectaculos;Cultura, teatro y danza;Comunidad de Madrid;Madrid;80;184;640;8;25
2024;11;Espectaculos;Música;Comunidad de Madrid;Madrid;132;303;2193,84;16,62;83
2024;11;Espectaculos;Música;Comunidad de Madrid;Madrid;5;11;50;10;4
2024;11;Actividades;Actividades infantiles;Comunidad de Madrid;Madrid;5;11;50;10;4
2024;11;Espectaculos;Música;Comunidad de Madrid;Madrid;2;5;11;5,5;1
2024;11;Actividades;Actividades infantiles;Comunidad de Madrid;Madrid;2;5;11;5,5;1
2024;11;Espectaculos;Cultura, teatro y danza;Comunidad de Madrid;Madrid;6;14;33;5,5;2
2024;11;Espectaculos;Música;Comunidad de Madrid;Madrid;15;34;120;8;7
2024;11;Espectaculos;Música;Comunidad de Madrid;Madrid;693;4577;10540,53;15,21;365
2024;11;Espectaculos;Música;Comunidad de Madrid;Madrid;177;406;1770;10;79
2024;11;Espectaculos;Música;Comunidad de Madrid;Madrid;156;358;1452,36;9,31;61
2024;11;Espectaculos;Música;Comunidad de Madrid;Madrid;5155;11828;272957,25;52,95;2730
2024;11;Espectaculos;Conferencias;Comunidad de Madrid;Madrid;264;3143;1013,76;3,84;156
2024;11;Actividades;Cursos;Comunidad de Madrid;Madrid;64;3282;1856;29;54
2024;11;Espectaculos;Cine;Comunidad de Madrid;Madrid;145;674;1204,95;8,31;81
2024;11;Espectaculos;Musicales;Comunidad de Madrid;Madrid;193;443;3211,52;16,64;97
2024;11;Espectaculos;Ferias;Comunidad de Madrid;Madrid;264;709;1013,76;3,84;156
2024;11;Espectaculos;Música;Comunidad de Madrid;Madrid;38388;90304;543574,08;14,16;20309
2024;11;Actividades;Deportes y aventuras;Comunidad de Madrid;Madrid;407;2420;1408,22;3,46;261
2024;11;Actividades;Actividades infantiles;Comunidad de Madrid;Madrid;1137;7121;10085,19;8,87;472
2024;11;Espectaculos;Cultura, teatro y danza;Comunidad de Madrid;Madrid;3338;7126;41758,38;12,51;1949
2024;11;Actividades;Gastronomía;Comunidad de Madrid;Madrid;60;138;740,4;12,34;31
2024;11;Espectaculos;Cultura, teatro y danza;Comunidad de Madrid;Madrid;183;420;2047,77;11,19;96
2024;11;Espectaculos;Música;Comunidad de Madrid;Madrid;8;18;98;12,25;5
2024;11;Espectaculos;Música;Comunidad de Madrid;Madrid;148;340;4158,8;28,1;91
2024;11;Actividades;Actividades infantiles;Comunidad de Madrid;Madrid;15;34;355,05;23,67;14
2024;11;Actividades;Actividades infantiles;Comunidad de Madrid;Madrid;13;30;89,18;6,86;5
2024;11;Actividades;Cursos;Comunidad de Madrid;Madrid;10;23;175;17,5;7
2024;11;Espectaculos;Música;Comunidad de Madrid;Madrid;612;1404;6652,44;10,87;336
2024;11;Actividades;Actividades infantiles;Comunidad de Madrid;Madrid;5;11;75;15;3
2024;11;Espectaculos;Cultura, teatro y danza;Comunidad de Madrid;Madrid;1;2;15;15;1
2024;11;Espectaculos;Cultura, teatro y danza;Comunidad de Madrid;Madrid;29;67;145;5;8
2024;11;Espectaculos;Cultura, teatro y danza;Comunidad de Madrid;Madrid;8;18;26,4;3,3;5
2024;11;Espectaculos;Música;Comunidad de Madrid;Madrid;370;849;10004,8;27,04;142
2024;11;Espectaculos;Cultura, teatro y danza;Comunidad de Madrid;Madrid;31;71;1978,73;63,83;24
2024;11;Actividades;Gastronomía;Comunidad de Madrid;Madrid;215;493;7045,55;32,77;80
2024;11;Espectaculos;Música;Comunidad de Madrid;Madrid;4;9;47,12;11,78;1
2024;11;Espectaculos;Música;Andalucía;Málaga;6;14;64,02;10,67;4
2024;11;Actividades;Actividades infantiles;Andalucía;Málaga;17;39;119;7;8
2024;11;Espectaculos;Cultura, teatro y danza;Andalucía;Málaga;17;39;119;7;8
2024;11;Espectaculos;Cultura, teatro y danza;Andalucía;Málaga;16;37;128;8;10
2024;11;Espectaculos;Música;Andalucía;Málaga;8;18;103,12;12,89;5
2024;11;Espectaculos;Música;Andalucía;Málaga;106;243;1930,26;18,21;39
2024;11;Actividades;Deportes y aventuras;Andalucía;Málaga;49;112;577,22;11,78;31
2024;11;Actividades;Cursos;Andalucía;Málaga;73;167;1070,91;14,67;49
2024;11;Espectaculos;Música;Andalucía;Málaga;2423;12956;35715,02;14,74;1302
2024;11;Actividades;Deportes y aventuras;Andalucía;Málaga;16;457;618,72;38,67;15
2024;11;Actividades;Actividades infantiles;Andalucía;Málaga;413;947;3394,86;8,22;162
2024;11;Espectaculos;Cultura, teatro y danza;Andalucía;Málaga;1399;3210;26706,91;19,09;476
2024;11;Actividades;Gastronomía;Andalucía;Málaga;25;57;165;6,6;14
2024;11;Espectaculos;Cine;Andalucía;Málaga;206;473;3905,76;18,96;75
2024;11;Espectaculos;Música;Andalucía;Málaga;4;9;28;7;1
2024;11;Actividades;Actividades infantiles;Andalucía;Málaga;4;9;28;7;1
2024;11;Espectaculos;Cultura, teatro y danza;Andalucía;Málaga;8;18;232;29;6
2024;11;Espectaculos;Música;Andalucía;Málaga;111;255;667,11;6,01;53
2024;11;Espectaculos;Música;Andalucía;Málaga;344;789;6088,8;17,7;139
2024;11;Actividades;Gastronomía;Andalucía;Málaga;319;732;5474,04;17,16;127
2024;11;Actividades;Cursos;Andalucía;Málaga;142;326;2361,46;16,63;103
2024;11;Espectaculos;Música;Andalucía;Málaga;129;296;2619,99;20,31;90
2024;11;Actividades;Actividades infantiles;Andalucía;Málaga;10;23;70;7;3
2024;11;Espectaculos;Cultura, teatro y danza;Andalucía;Málaga;10;23;70;7;3
2024;11;Espectaculos;Música;Región de Murcia;Murcia;102;234;1020;10;43
2024;11;Actividades;Actividades infantiles;Región de Murcia;Murcia;71;163;744,79;10,49;49
2024;11;Actividades;Deportes y aventuras;Región de Murcia;Murcia;2;5;50;25;1
2024;11;Espectaculos;Música;Región de Murcia;Murcia;172;395;1307,2;7,6;86
2024;11;Espectaculos;Música;Región de Murcia;Murcia;697;1599;6997,88;10,04;486
2024;11;Espectaculos;Conferencias;Región de Murcia;Murcia;43;99;1505;35;36
2024;11;Espectaculos;Musicales;Región de Murcia;Murcia;100;236;877;8,77;63
2024;11;Espectaculos;Música;Región de Murcia;Murcia;1733;3847;23638,12;13,64;1016
2024;11;Actividades;Deportes y aventuras;Región de Murcia;Murcia;264;606;1760,88;6,67;103
2024;11;Actividades;Actividades infantiles;Región de Murcia;Murcia;57;131;1148,55;20,15;29
2024;11;Espectaculos;Cultura, teatro y danza;Región de Murcia;Murcia;678;1507;5912,16;8,72;320
2024;11;Espectaculos;Música;Región de Murcia;Murcia;9;21;231,66;25,74;4
2024;11;Espectaculos;Música;Comunidad Foral de Navarra;Navarra;76;174;1560,28;20,53;53
2024;11;Espectaculos;Música;Comunidad Foral de Navarra;Navarra;393;902;4932,15;12,55;189
2024;11;Espectaculos;Música;Comunidad Foral de Navarra;Navarra;4074;9348;59276,7;14,55;2464
2024;11;Actividades;Deportes y aventuras;Comunidad Foral de Navarra;Navarra;376;863;10031,68;26,68;154
2024;11;Espectaculos;Música;Comunidad Foral de Navarra;Navarra;266;610;10533,6;39,6;129
2024;11;Espectaculos;Música;Galicia;Ourense;35;80;525;15;25
2024;11;Espectaculos;Cultura, teatro y danza;Galicia;Ourense;73;167;329,96;4,52;33
2024;11;Espectaculos;Música;Principado de Asturias;Asturias;41;94;760,55;18,55;24
2024;11;Actividades;Cursos;Principado de Asturias;Asturias;7;16;140;20;7
2024;11;Espectaculos;Música;Principado de Asturias;Asturias;854;1960;11238,64;13,16;477
2024;11;Actividades;Deportes y aventuras;Principado de Asturias;Asturias;3;7;279,96;93,32;2
2024;11;Actividades;Actividades infantiles;Principado de Asturias;Asturias;66;151;747,12;11,32;27
2024;11;Espectaculos;Cultura, teatro y danza;Principado de Asturias;Asturias;95;218;874,95;9,21;39
2024;11;Espectaculos;Música;Principado de Asturias;Asturias;102;234;1322,94;12,97;47
2024;11;Espectaculos;Música;Principado de Asturias;Asturias;920;2051;14278,4;15,52;502
2024;11;Actividades;Actividades infantiles;Principado de Asturias;Asturias;220;505;2734,6;12,43;77
2024;11;Espectaculos;Cultura, teatro y danza;Principado de Asturias;Asturias;258;592;3028,92;11,74;103
2024;11;Espectaculos;Música;Principado de Asturias;Asturias;190;436;2585,9;13,61;110
2024;11;Espectaculos;Música;Principado de Asturias;Asturias;14;32;96,04;6,86;6
2024;11;Espectaculos;Música;Castilla y León;Palencia;4;9;49,6;12,4;1
2024;11;Espectaculos;Música;Castilla y León;Palencia;23;53;245,87;10,69;12
2024;11;Espectaculos;Musicales;Canarias;Las Palmas;21;48;462;22;8
2024;11;Espectaculos;Música;Canarias;Las Palmas;30;69;330;11;9
2024;11;Actividades;Actividades infantiles;Canarias;Las Palmas;21;48;462;22;8
2024;11;Espectaculos;Cultura, teatro y danza;Canarias;Las Palmas;21;48;462;22;8
2024;11;Espectaculos;Música;Canarias;Las Palmas;303;717;5696,4;18,8;140
2024;11;Espectaculos;Cultura, teatro y danza;Canarias;Las Palmas;280;642;4550;16,25;103
2024;11;Espectaculos;Música;Canarias;Las Palmas;191;438;3046,45;15,95;99
2024;11;Espectaculos;Cultura, teatro y danza;Canarias;Las Palmas;59;280;1277,35;21,65;13
2024;11;Espectaculos;Música;Canarias;Las Palmas;63;145;705,6;11,2;26
2024;11;Espectaculos;Cultura, teatro y danza;Canarias;Las Palmas;128;294;2617,6;20,45;48
2024;11;Actividades;Deportes y aventuras;Canarias;Las Palmas;155;355;465;3;48
2024;11;Actividades;Cursos;Canarias;Las Palmas;72;322;658,8;9,15;59
2024;11;Espectaculos;Cine;Canarias;Las Palmas;19;631;77,52;4,08;13
2024;11;Espectaculos;Musicales;Canarias;Las Palmas;554;1271;9462,32;17,08;173
2024;11;Espectaculos;Música;Canarias;Las Palmas;741;3582;8817,9;11,9;458
2024;11;Actividades;Actividades infantiles;Canarias;Las Palmas;404;927;8888;22;118
2024;11;Espectaculos;Cultura, teatro y danza;Canarias;Las Palmas;822;2439;10044,84;12,22;308
2024;11;Actividades;Gastronomía;Canarias;Las Palmas;116;266;1429,12;12,32;40
2024;11;Espectaculos;Música;Canarias;Las Palmas;217;498;4774;22;146
2024;11;Actividades;Actividades infantiles;Canarias;Las Palmas;107;246;535;5;31
2024;11;Espectaculos;Cultura, teatro y danza;Canarias;Las Palmas;295;677;4253,9;14,42;113
2024;11;Espectaculos;Conferencias;Canarias;Las Palmas;78;179;2043,6;26,2;47
2024;11;Espectaculos;Música;Canarias;Las Palmas;485;9784;15854,65;32,69;237
2024;11;Actividades;Actividades infantiles;Canarias;Las Palmas;691;1586;6357,2;9,2;208
2024;11;Espectaculos;Cultura, teatro y danza;Canarias;Las Palmas;1110;2547;17238,3;15,53;367
2024;11;Espectaculos;Cine;Canarias;Las Palmas;25;104;125;5;17
2024;11;Espectaculos;Música;Canarias;Las Palmas;350;870;2614,5;7,47;144
2024;11;Espectaculos;Cultura, teatro y danza;Canarias;Las Palmas;585;1342;4358,25;7,45;183
2024;11;Espectaculos;Música;Canarias;Las Palmas;61;140;1013,82;16,62;51
2024;11;Espectaculos;Música;Canarias;Las Palmas;190;436;1901,9;10,01;100
2024;11;Espectaculos;Música;Canarias;Las Palmas;41;94;229,6;5,6;14
2024;11;Actividades;Actividades infantiles;Canarias;Las Palmas;260;597;1092;4,2;73
2024;11;Espectaculos;Cultura, teatro y danza;Canarias;Las Palmas;261;599;1357,2;5,2;74
2024;11;Espectaculos;Cultura, teatro y danza;Galicia;Pontevedra;11;25;83,16;7,56;4
2024;11;Actividades;Gastronomía;Galicia;Pontevedra;10;23;75,6;7,56;3
2024;11;Espectaculos;Música;Galicia;Pontevedra;7;16;147,98;21,14;6
2024;11;Espectaculos;Música;Galicia;Pontevedra;5;11;42,05;8,41;3
2024;11;Espectaculos;Música;Galicia;Pontevedra;10;23;60;6;5
2024;11;Actividades;Cursos;Galicia;Pontevedra;5;11;456,85;91,37;5
2024;11;Espectaculos;Música;Galicia;Pontevedra;733;1682;9257,79;12,63;439
2024;11;Espectaculos;Cultura, teatro y danza;Galicia;Pontevedra;293;672;2358,65;8,05;156
2024;11;Espectaculos;Cultura, teatro y danza;Castilla y León;Salamanca;370;849;1964,7;5,31;170
2024;11;Espectaculos;Musicales;Castilla y León;Salamanca;107;246;1820,07;17,01;31
2024;11;Espectaculos;Música;Castilla y León;Salamanca;485;1113;5892,75;12,15;316
2024;11;Actividades;Actividades infantiles;Castilla y León;Salamanca;107;246;1820,07;17,01;31
2024;11;Espectaculos;Cultura, teatro y danza;Castilla y León;Salamanca;183;420;2018,49;11,03;70
2024;11;Actividades;Deportes y aventuras;Castilla y León;Salamanca;10;30;66;6,6;9
2024;11;Espectaculos;Cultura, teatro y danza;Castilla y León;Salamanca;311;714;755,73;2,43;67
2024;11;Espectaculos;Museo y exposiciones;Castilla y León;Salamanca;311;714;755,73;2,43;67
2024;11;Espectaculos;Música;Canarias;Santa Cruz de Tenerife;14;32;256,62;18,33;10
2024;11;Espectaculos;Musicales;Canarias;Santa Cruz de Tenerife;95;218;2090;22;24
2024;11;Espectaculos;Música;Canarias;Santa Cruz de Tenerife;28;64;444,64;15,88;17
2024;11;Actividades;Actividades infantiles;Canarias;Santa Cruz de Tenerife;95;218;2090;22;24
2024;11;Espectaculos;Cultura, teatro y danza;Canarias;Santa Cruz de Tenerife;243;558;5297,4;21,8;85
2024;11;Actividades;Actividades infantiles;Canarias;Santa Cruz de Tenerife;15;34;330;22;6
2024;11;Espectaculos;Cultura, teatro y danza;Canarias;Santa Cruz de Tenerife;15;34;330;22;6
2024;11;Espectaculos;Música;Canarias;Santa Cruz de Tenerife;112;410;336;3;52
2024;11;Actividades;Actividades infantiles;Canarias;Santa Cruz de Tenerife;61;259;183;3;20
2024;11;Espectaculos;Cultura, teatro y danza;Canarias;Santa Cruz de Tenerife;158;909;474;3;70
2024;11;Espectaculos;Musicales;Canarias;Santa Cruz de Tenerife;20;46;109;5,45;15
2024;11;Espectaculos;Música;Canarias;Santa Cruz de Tenerife;1410;3236;21347,4;15,14;821
2024;11;Actividades;Deportes y aventuras;Canarias;Santa Cruz de Tenerife;48;110;585,12;12,19;24
2024;11;Espectaculos;Cultura, teatro y danza;Canarias;Santa Cruz de Tenerife;1042;2392;10961,84;10,52;473
2024;11;Espectaculos;Musicales;Canarias;Santa Cruz de Tenerife;71;163;1562;22;19
2024;11;Espectaculos;Música;Canarias;Santa Cruz de Tenerife;1871;4293;57233,89;30,59;1332
2024;11;Actividades;Actividades infantiles;Canarias;Santa Cruz de Tenerife;71;163;1562;22;19
2024;11;Espectaculos;Cultura, teatro y danza;Canarias;Santa Cruz de Tenerife;171;392;2845,44;16,64;54
2024;11;Espectaculos;Música;Canarias;Santa Cruz de Tenerife;1384;3176;38184,56;27,59;999
2024;11;Espectaculos;Cultura, teatro y danza;Canarias;Santa Cruz de Tenerife;61;140;1590,27;26,07;28
2024;11;Actividades;Cursos;Canarias;Santa Cruz de Tenerife;10;23;253;25,3;6
2024;11;Espectaculos;Musicales;Canarias;Santa Cruz de Tenerife;29;66;499,09;17,21;10
2024;11;Espectaculos;Música;Canarias;Santa Cruz de Tenerife;881;2021;12148,99;13,79;557
2024;11;Actividades;Actividades infantiles;Canarias;Santa Cruz de Tenerife;68;156;920,04;13,53;31
2024;11;Espectaculos;Cultura, teatro y danza;Canarias;Santa Cruz de Tenerife;467;1072;7117,08;15,24;232
2024;11;Actividades;Gastronomía;Canarias;Santa Cruz de Tenerife;111;255;1212,12;10,92;57
2024;11;Espectaculos;Musicales;Canarias;Santa Cruz de Tenerife;51;117;1141,38;22,38;27
2024;11;Espectaculos;Música;Canarias;Santa Cruz de Tenerife;220;505;2244;10,2;102
2024;11;Espectaculos;Cultura, teatro y danza;Canarias;Santa Cruz de Tenerife;58;926;857,24;14,78;31
2024;11;Espectaculos;Música;Canarias;Santa Cruz de Tenerife;91;209;647,01;7,11;61
2024;11;Espectaculos;Cultura, teatro y danza;Canarias;Santa Cruz de Tenerife;2;5;16;8;1
2024;11;Actividades;Gastronomía;Canarias;Santa Cruz de Tenerife;35;80;249,55;7,13;24
2024;11;Espectaculos;Cultura, teatro y danza;Cantabria;Cantabria;18;41;108,36;6,02;7
2024;11;Espectaculos;Música;Cantabria;Cantabria;15;34;439,65;29,31;7
2024;11;Espectaculos;Música;Cantabria;Cantabria;13;30;130;10;6
2024;11;Espectaculos;Música;Cantabria;Cantabria;327;750;4205,22;12,86;194
2024;11;Actividades;Actividades infantiles;Cantabria;Cantabria;164;376;984;6;57
2024;11;Espectaculos;Cultura, teatro y danza;Cantabria;Cantabria;553;1546;6365,03;11,51;225
2024;11;Espectaculos;Música;Cantabria;Cantabria;6;14;86,1;14,35;3
2024;11;Espectaculos;Conferencias;Castilla y León;Segovia;4;9;19,84;4,96;3
2024;11;Espectaculos;Ferias;Castilla y León;Segovia;4;9;19,84;4,96;3
2024;11;Espectaculos;Música;Castilla y León;Segovia;35;80;1228,5;35,1;17
2024;11;Espectaculos;Música;Castilla y León;Segovia;13;30;287,04;22,08;9
2024;11;Espectaculos;Música;Andalucía;Sevilla;40;92;520,8;13,02;20
2024;11;Espectaculos;Música;Andalucía;Sevilla;313;718;2801,35;8,95;96
2024;11;Actividades;Deportes y aventuras;Andalucía;Sevilla;49;112;293,51;5,99;24
2024;11;Actividades;Actividades infantiles;Andalucía;Sevilla;49;112;293,51;5,99;24
2024;11;Actividades;Actividades infantiles;Andalucía;Sevilla;14;32;68,32;4,88;4
2024;11;Espectaculos;Cultura, teatro y danza;Andalucía;Sevilla;14;32;68,32;4,88;4
2024;11;Espectaculos;Música;Andalucía;Sevilla;247;567;1906,84;7,72;95
2024;11;Espectaculos;Cultura, teatro y danza;Andalucía;Sevilla;44;101;370,48;8,42;23
2024;11;Espectaculos;Música;Andalucía;Sevilla;73;167;1211,8;16,6;39
2024;11;Espectaculos;Música;Andalucía;Sevilla;262;601;1826,14;6,97;130
2024;11;Espectaculos;Cultura, teatro y danza;Andalucía;Sevilla;2;5;26,5;13,25;1
2024;11;Espectaculos;Museo y exposiciones;Andalucía;Sevilla;2;5;26,5;13,25;1
2024;11;Espectaculos;Conferencias;Andalucía;Sevilla;150;344;825;5,5;105
2024;11;Actividades;Cursos;Andalucía;Sevilla;32;501;128,64;4,02;19
2024;11;Espectaculos;Cine;Andalucía;Sevilla;332;1853;1308,08;3,94;101
2024;11;Espectaculos;Musicales;Andalucía;Sevilla;188;431;2002,2;10,65;102
2024;11;Espectaculos;Ferias;Andalucía;Sevilla;114;262;457,14;4,01;95
2024;11;Espectaculos;Música;Andalucía;Sevilla;4758;10250;63662,04;13,38;2476
2024;11;Actividades;Actividades infantiles;Andalucía;Sevilla;624;1432;9422,4;15,1;196
2024;11;Espectaculos;Cultura, teatro y danza;Andalucía;Sevilla;1105;3440;16840,2;15,24;558
2024;11;Espectaculos;Museo y exposiciones;Andalucía;Sevilla;90;1056;1206;13,4;40
2024;11;Actividades;Gastronomía;Andalucía;Sevilla;22;50;114,18;5,19;10
2024;11;Espectaculos;Cultura, teatro y danza;Castilla y León;Soria;9;21;99;11;3
2024;11;Espectaculos;Música;Castilla y León;Soria;66;151;916,74;13,89;29
2024;11;Espectaculos;Música;Castilla y León;Soria;304;698;3043,04;10,01;302
2024;11;Espectaculos;Música;Castilla y León;Soria;102;234;1084,26;10,63;41
2024;11;Espectaculos;Música;Castilla y León;Soria;933;2141;12595,5;13,5;777
2024;11;Espectaculos;Cultura, teatro y danza;Castilla y León;Soria;327;750;5104,47;15,61;289
2024;11;Espectaculos;Música;Cataluña;Tarragona;234;537;2031,12;8,68;173
2024;11;Espectaculos;Música;Cataluña;Tarragona;3;7;30;10;2
2024;11;Actividades;Actividades infantiles;Cataluña;Tarragona;3;7;30;10;2
2024;11;Actividades;Actividades infantiles;Cataluña;Tarragona;31;71;486,39;15,69;9
2024;11;Espectaculos;Cultura, teatro y danza;Cataluña;Tarragona;31;71;486,39;15,69;9
2024;11;Espectaculos;Museo y exposiciones;Cataluña;Tarragona;31;71;486,39;15,69;9
2024;11;Espectaculos;Música;Cataluña;Tarragona;653;1498;7280,95;11,15;320
2024;11;Actividades;Deportes y aventuras;Cataluña;Tarragona;45;103;590,85;13,13;22
2024;11;Actividades;Deportes y aventuras;Cataluña;Tarragona;1;2;6,39;6,39;1
2024;11;Actividades;Actividades infantiles;Cataluña;Tarragona;1;2;6,39;6,39;1
2024;11;Actividades;Cursos;Cataluña;Tarragona;27;104;318,06;11,78;15
2024;11;Espectaculos;Música;Cataluña;Tarragona;25;651;283;11,32;19
2024;11;Actividades;Actividades infantiles;Cataluña;Tarragona;45;103;333,45;7,41;35
2024;11;Espectaculos;Cultura, teatro y danza;Cataluña;Tarragona;325;1839;2447,25;7,53;100
2024;11;Espectaculos;Música;Cataluña;Tarragona;4;9;40;10;2
2024;11;Espectaculos;Música;Cataluña;Tarragona;101;232;2141,2;21,2;52
2024;11;Espectaculos;Música;Cataluña;Tarragona;37;85;451,77;12,21;17
2024;11;Espectaculos;Cultura, teatro y danza;Cataluña;Tarragona;1;2;12,96;12,96;1
2024;11;Espectaculos;Cultura, teatro y danza;Cataluña;Tarragona;8;18;141,36;17,67;3
2024;11;Espectaculos;Música;Cataluña;Tarragona;85;195;869,55;10,23;50
2024;11;Espectaculos;Música;Cataluña;Tarragona;95;218;1120,05;11,79;35
2024;11;Espectaculos;Música;Aragón;Teruel;29;67;290;10;14
2024;11;Espectaculos;Música;Aragón;Teruel;335;769;9413,5;28,1;266
2024;11;Espectaculos;Música;Aragón;Teruel;29;67;290;10;12
2024;11;Espectaculos;Música;Aragón;Teruel;12;28;118,2;9,85;3
2024;11;Espectaculos;Música;Castilla - La Mancha;Toledo;42;96;2966,04;70,62;36
2024;11;Espectaculos;Música;Castilla - La Mancha;Toledo;181;415;3533,12;19,52;82
2024;11;Actividades;Actividades infantiles;Castilla - La Mancha;Toledo;26;60;841,1;32,35;17
2024;11;Espectaculos;Cultura, teatro y danza;Castilla - La Mancha;Toledo;147;337;980,49;6,67;65
2024;11;Espectaculos;Musicales;Castilla - La Mancha;Toledo;1037;2379;4645,76;4,48;399
2024;11;Espectaculos;Cultura, teatro y danza;Castilla - La Mancha;Toledo;1037;2379;4645,76;4,48;399
2024;11;Espectaculos;Música;Castilla - La Mancha;Toledo;181;415;2133,99;11,79;78
2024;11;Actividades;Actividades infantiles;Castilla - La Mancha;Toledo;128;294;761,6;5,95;26
2024;11;Espectaculos;Cultura, teatro y danza;Castilla - La Mancha;Toledo;128;294;761,6;5,95;26
2024;11;Espectaculos;Museo y exposiciones;Castilla - La Mancha;Toledo;128;294;761,6;5,95;26
2024;11;Espectaculos;Cultura, teatro y danza;Comunitat Valenciana;Valencia/València;725;1664;6010,25;8,29;206
2024;11;Espectaculos;Música;Comunitat Valenciana;Valencia/València;178;408;3478,12;19,54;107
2024;11;Espectaculos;Música;Comunitat Valenciana;Valencia/València;15;34;240;16;5
2024;11;Actividades;Actividades infantiles;Comunitat Valenciana;Valencia/València;15;34;240;16;5
2024;11;Espectaculos;Música;Comunitat Valenciana;Valencia/València;1492;3423;12264,24;8,22;798
2024;11;Actividades;Actividades infantiles;Comunitat Valenciana;Valencia/València;267;572;1569,96;5,88;86
2024;11;Espectaculos;Cultura, teatro y danza;Comunitat Valenciana;Valencia/València;267;572;1569,96;5,88;86
2024;11;Espectaculos;Música;Comunitat Valenciana;Valencia/València;101;232;986,77;9,77;64
2024;11;Espectaculos;Musicales;Comunitat Valenciana;Valencia/València;14;32;43,54;3,11;4
2024;11;Espectaculos;Música;Comunitat Valenciana;Valencia/València;102;234;318,24;3,12;44
2024;11;Actividades;Actividades infantiles;Comunitat Valenciana;Valencia/València;14;32;43,54;3,11;4
2024;11;Espectaculos;Cultura, teatro y danza;Comunitat Valenciana;Valencia/València;153;351;690,03;4,51;49
2024;11;Actividades;Cursos;Comunitat Valenciana;Valencia/València;43;99;321,64;7,48;30
2024;11;Espectaculos;Musicales;Comunitat Valenciana;Valencia/València;2277;5224;20584,08;9,04;691
2024;11;Espectaculos;Música;Comunitat Valenciana;Valencia/València;1225;2811;18791,5;15,34;622
2024;11;Actividades;Actividades infantiles;Comunitat Valenciana;Valencia/València;4614;9909;43094,76;9,34;1412
2024;11;Espectaculos;Cultura, teatro y danza;Comunitat Valenciana;Valencia/València;5398;11887;214300,6;39,7;1725
2024;11;Actividades;Gastronomía;Comunitat Valenciana;Valencia/València;3;7;30;10;2
2024;11;Espectaculos;Cultura, teatro y danza;Castilla y León;Valladolid;97;223;1169,82;12,06;34
2024;11;Espectaculos;Cultura, teatro y danza;Castilla y León;Valladolid;75;172;326,25;4,35;27
2024;11;Actividades;Cursos;Castilla y León;Valladolid;6;14;160,02;26,67;5
2024;11;Espectaculos;Cultura, teatro y danza;Castilla y León;Valladolid;77;290;667,59;8,67;31
2024;11;Espectaculos;Musicales;Castilla y León;Valladolid;398;913;3406,88;8,56;115
2024;11;Actividades;Actividades infantiles;Castilla y León;Valladolid;241;553;2062,96;8,56;63
2024;11;Espectaculos;Cultura, teatro y danza;Castilla y León;Valladolid;398;913;3406,88;8,56;115
2024;11;Actividades;Cursos;Castilla y León;Valladolid;4;9;628,56;157,14;2
2024;11;Espectaculos;Cine;Castilla y León;Valladolid;9;21;50,31;5,59;3
2024;11;Espectaculos;Cultura, teatro y danza;Castilla y León;Valladolid;10;23;58,2;5,82;4
2024;11;Actividades;Cursos;Castilla y León;Valladolid;1;45;200;200;1
2024;11;Espectaculos;Música;Castilla y León;Valladolid;1806;4020;26782,98;14,83;791
2024;11;Actividades;Actividades infantiles;Castilla y León;Valladolid;204;468;1572,84;7,71;53
2024;11;Espectaculos;Cultura, teatro y danza;Castilla y León;Valladolid;701;1608;7507,71;10,71;293
2024;11;Actividades;Actividades infantiles;Castilla y León;Valladolid;8;18;38;4,75;7
2024;11;Actividades;Deportes y aventuras;País Vasco;Bizkaia;600;1377;11202;18,67;600
2024;11;Actividades;Cursos;País Vasco;Bizkaia;5;11;250;50;5
2024;11;Espectaculos;Música;País Vasco;Bizkaia;2578;5915;38154,4;14,8;1443
2024;11;Actividades;Deportes y aventuras;País Vasco;Bizkaia;614;1409;8411,8;13,7;369
2024;11;Espectaculos;Cultura, teatro y danza;País Vasco;Bizkaia;319;733;3818,43;11,97;146
2024;11;Actividades;Actividades infantiles;País Vasco;Bizkaia;635;1457;6597,65;10,39;174
2024;11;Espectaculos;Cultura, teatro y danza;País Vasco;Bizkaia;635;1457;6597,65;10,39;174
2024;11;Espectaculos;Museo y exposiciones;País Vasco;Bizkaia;635;1457;6597,65;10,39;174
2024;11;Espectaculos;Música;País Vasco;Bizkaia;21;48;378;18;6
2024;11;Espectaculos;Cultura, teatro y danza;País Vasco;Bizkaia;15;34;193,2;12,88;7
2024;11;Espectaculos;Música;País Vasco;Bizkaia;254;583;3484,88;13,72;99
2024;11;Espectaculos;Música;País Vasco;Bizkaia;39;89;342,03;8,77;35
2024;11;Actividades;Cursos;País Vasco;Bizkaia;8;18;333,84;41,73;8
2024;11;Espectaculos;Música;País Vasco;Bizkaia;94;216;1204,14;12,81;66
2024;11;Actividades;Cursos;País Vasco;Bizkaia;18;41;160,02;8,89;17
2024;11;Espectaculos;Música;País Vasco;Bizkaia;46;106;989;21,5;35
2024;11;Espectaculos;Música;Castilla y León;Zamora;126;289;1358,28;10,78;59
2024;11;Espectaculos;Música;Castilla y León;Zamora;410;941;5071,7;12,37;187
2024;11;Espectaculos;Cultura, teatro y danza;Castilla y León;Zamora;60;138;240,6;4,01;33
2024;11;Espectaculos;Música;Aragón;Zaragoza;22;50;66;3;9
2024;11;Espectaculos;Cine;Aragón;Zaragoza;32;73;272,32;8,51;12
2024;11;Espectaculos;Música;Aragón;Zaragoza;155;356;736,25;4,75;52
2024;11;Espectaculos;Cultura, teatro y danza;Aragón;Zaragoza;570;1308;2815,8;4,94;203
2024;11;Espectaculos;Música;Aragón;Zaragoza;22;50;172,7;7,85;17
2024;11;Actividades;Actividades infantiles;Aragón;Zaragoza;4;9;25,2;6,3;1
2024;11;Espectaculos;Cultura, teatro y danza;Aragón;Zaragoza;4;9;25,2;6,3;1
2024;11;Espectaculos;Conferencias;Aragón;Zaragoza;93;290;4476,09;48,13;67
2024;11;Actividades;Cursos;Aragón;Zaragoza;314;821;12600,82;40,13;213
2024;11;Espectaculos;Cine;Aragón;Zaragoza;128;294;704;5,5;52
2024;11;Espectaculos;Musicales;Aragón;Zaragoza;846;2000;5989,68;7,08;297
2024;11;Espectaculos;Ferias;Aragón;Zaragoza;18;130;998,46;55,47;17
2024;11;Espectaculos;Música;Aragón;Zaragoza;5241;11192;71330,01;13,61;3108
2024;11;Actividades;Deportes y aventuras;Aragón;Zaragoza;174;399;2199,36;12,64;132
2024;11;Actividades;Actividades infantiles;Aragón;Zaragoza;1393;3474;7550,06;5,42;460
2024;11;Espectaculos;Cultura, teatro y danza;Aragón;Zaragoza;2816;6203;19176,96;6,81;1031
2024;11;Actividades;Gastronomía;Aragón;Zaragoza;31;71;558;18;16
2024;11;Espectaculos;Conferencias;Total Nacional;Total Nacional;743;4318;23858,3244;32,1108;505
2024;11;Actividades;Cursos;Total Nacional;Total Nacional;1374;7047;52984,0506;38,5619;999
2024;11;Espectaculos;Cine;Total Nacional;Total Nacional;2158;7019;18432,557;8,5415;1055
2024;11;Espectaculos;Musicales;Total Nacional;Total Nacional;12024;27652;142457,9472;11,8478;4039
2024;11;Espectaculos;Ferias;Total Nacional;Total Nacional;401;1112;8523,656;21,256;272
2024;11;Espectaculos;Música;Total Nacional;Total Nacional;159941;401097;2425505,265;15,165;89923
2024;11;Actividades;Deportes y aventuras;Total Nacional;Total Nacional;5155;13996;108014,777;20,9534;2920
2024;11;Actividades;Actividades infantiles;Total Nacional;Total Nacional;23682;58474;292884,7668;12,3674;7716
2024;11;Espectaculos;Cultura, teatro y danza;Total Nacional;Total Nacional;57743;140587;674299,6568;11,6776;22177
2024;11;Espectaculos;Museo y exposiciones;Total Nacional;Total Nacional;2107;5686;20747,629;9,847;541
2024;11;Actividades;Gastronomía;Total Nacional;Total Nacional;1798;4126;24993,099;13,9005;861
2024;12;Actividades;Actividades infantiles;País Vasco;Araba/Álava;15;68;73,5;4,9;6
2024;12;Espectaculos;Cultura, teatro y danza;País Vasco;Araba/Álava;105;474;519,75;4,95;56
2024;12;Espectaculos;Música;País Vasco;Araba/Álava;115;518;1869,9;16,26;63
2024;12;Actividades;Actividades infantiles;País Vasco;Araba/Álava;6948;31402;35087,4;5,05;2099
2024;12;Espectaculos;Cultura, teatro y danza;País Vasco;Araba/Álava;719;3082;5104,9;7,1;403
2024;12;Actividades;Actividades infantiles;País Vasco;Araba/Álava;28;126;102,76;3,67;25
2024;12;Espectaculos;Musicales;Castilla - La Mancha;Albacete;154;696;2260,72;14,68;49
2024;12;Espectaculos;Música;Castilla - La Mancha;Albacete;622;2812;7376,92;11,86;261
2024;12;Actividades;Actividades infantiles;Castilla - La Mancha;Albacete;245;1108;3540,25;14,45;75
2024;12;Espectaculos;Cultura, teatro y danza;Castilla - La Mancha;Albacete;301;1360;3500,63;11,63;104
2024;12;Actividades;Gastronomía;Castilla - La Mancha;Albacete;2;10;20;10;1
2024;12;Espectaculos;Cultura, teatro y danza;Castilla - La Mancha;Albacete;49;222;436,1;8,9;13
2024;12;Espectaculos;Cine;Castilla - La Mancha;Albacete;283;1280;4760,06;16,82;96
2024;12;Actividades;Actividades infantiles;Castilla - La Mancha;Albacete;165;746;3465;21;48
2024;12;Espectaculos;Cultura, teatro y danza;Castilla - La Mancha;Albacete;160;724;952;5,95;44
2024;12;Espectaculos;Música;Castilla - La Mancha;Albacete;62;280;711,14;11,47;22
2024;12;Espectaculos;Música;Castilla - La Mancha;Albacete;4;18;228,92;57,23;2
2024;12;Espectaculos;Musicales;Comunitat Valenciana;Alicante/Alacant;133;602;941,64;7,08;43
2024;12;Espectaculos;Música;Comunitat Valenciana;Alicante/Alacant;21;94;221,55;10,55;13
2024;12;Actividades;Actividades infantiles;Comunitat Valenciana;Alicante/Alacant;133;1614;941,64;7,08;43
2024;12;Espectaculos;Cultura, teatro y danza;Comunitat Valenciana;Alicante/Alacant;1963;8293;10875,02;5,54;522
2024;12;Actividades;Cursos;Comunitat Valenciana;Alicante/Alacant;3;14;54,99;18,33;2
2024;12;Espectaculos;Cine;Comunitat Valenciana;Alicante/Alacant;107;484;1498;14;34
2024;12;Espectaculos;Música;Comunitat Valenciana;Alicante/Alacant;1209;5111;20589,27;17,03;638
2024;12;Actividades;Deportes y aventuras;Comunitat Valenciana;Alicante/Alacant;99;448;290,07;2,93;62
2024;12;Espectaculos;Cultura, teatro y danza;Comunitat Valenciana;Alicante/Alacant;31;140;2170;70;13
2024;12;Espectaculos;Musicales;Comunitat Valenciana;Alicante/Alacant;99;448;1089;11;31
2024;12;Actividades;Actividades infantiles;Comunitat Valenciana;Alicante/Alacant;99;448;1089;11;31
2024;12;Espectaculos;Cultura, teatro y danza;Comunitat Valenciana;Alicante/Alacant;99;448;1089;11;31
2024;12;Espectaculos;Música;Comunitat Valenciana;Alicante/Alacant;42;190;391,44;9,32;32
2024;12;Espectaculos;Música;Comunitat Valenciana;Alicante/Alacant;2;10;65;32,5;2
2024;12;Espectaculos;Música;Comunitat Valenciana;Alicante/Alacant;97;438;3201;33;37
2024;12;Actividades;Actividades infantiles;Comunitat Valenciana;Alicante/Alacant;97;438;3201;33;37
2024;12;Actividades;Actividades infantiles;Comunitat Valenciana;Alicante/Alacant;7;32;70;10;3
2024;12;Espectaculos;Cultura, teatro y danza;Comunitat Valenciana;Alicante/Alacant;7;32;70;10;3
2024;12;Espectaculos;Música;Comunitat Valenciana;Alicante/Alacant;52;236;268,32;5,16;34
2024;12;Espectaculos;Cine;Comunitat Valenciana;Alicante/Alacant;6;28;30;5;5
2024;12;Espectaculos;Musicales;Comunitat Valenciana;Alicante/Alacant;132;596;1386;10,5;47
2024;12;Espectaculos;Música;Comunitat Valenciana;Alicante/Alacant;690;3120;11115,9;16,11;341
2024;12;Actividades;Actividades infantiles;Comunitat Valenciana;Alicante/Alacant;79;358;680,98;8,62;25
2024;12;Espectaculos;Cultura, teatro y danza;Comunitat Valenciana;Alicante/Alacant;868;3922;8324,12;9,59;371
2024;12;Espectaculos;Música;Comunitat Valenciana;Alicante/Alacant;1716;7756;21570,12;12,57;1021
2024;12;Actividades;Deportes y aventuras;Comunitat Valenciana;Alicante/Alacant;14;64;210;15;11
2024;12;Espectaculos;Cine;Comunitat Valenciana;Alicante/Alacant;157;710;2204,28;14,04;55
2024;12;Espectaculos;Música;Comunitat Valenciana;Alicante/Alacant;240;1084;5344,8;22,27;150
2024;12;Espectaculos;Música;Comunitat Valenciana;Alicante/Alacant;509;2300;3059,09;6,01;353
2024;12;Espectaculos;Música;Comunitat Valenciana;Alicante/Alacant;218;986;5691,98;26,11;138
2024;12;Espectaculos;Música;Comunitat Valenciana;Alicante/Alacant;136;616;1501,44;11,04;63
2024;12;Espectaculos;Cine;Comunitat Valenciana;Alicante/Alacant;506;2286;7084;14;178
2024;12;Espectaculos;Música;Comunitat Valenciana;Alicante/Alacant;1;4;25;25;1
2024;12;Actividades;Deportes y aventuras;Andalucía;Almería;70;316;343;4,9;16
2024;12;Actividades;Actividades infantiles;Andalucía;Almería;70;316;343;4,9;16
2024;12;Espectaculos;Cine;Andalucía;Almería;111;502;670,44;6,04;35
2024;12;Actividades;Actividades infantiles;Andalucía;Almería;65;294;399,75;6,15;21
2024;12;Espectaculos;Cultura, teatro y danza;Andalucía;Almería;73;330;2248,4;30,8;27
2024;12;Espectaculos;Música;Andalucía;Almería;1116;5044;20154,96;18,06;655
2024;12;Actividades;Actividades infantiles;Andalucía;Almería;62;391;356,5;5,75;33
2024;12;Espectaculos;Cultura, teatro y danza;Andalucía;Almería;173;782;1960,09;11,33;74
2024;12;Espectaculos;Música;Andalucía;Almería;31;140;1937,5;62,5;17
2024;12;Espectaculos;Cultura, teatro y danza;Andalucía;Almería;183;828;4360,89;23,83;58
2024;12;Espectaculos;Conferencias;Andalucía;Almería;5;22;250;50;4
2024;12;Espectaculos;Musicales;Andalucía;Almería;75;338;990;13,2;19
2024;12;Espectaculos;Música;Andalucía;Almería;98;442;3234;33;44
2024;12;Espectaculos;Cultura, teatro y danza;Andalucía;Almería;199;900;4093,43;20,57;73
2024;12;Espectaculos;Música;Andalucía;Almería;4;18;76;19;3
2024;12;Espectaculos;Música;Castilla y León;Ávila;3;14;39,6;13,2;2
2024;12;Espectaculos;Música;Extremadura;Badajoz;80;362;1123,2;14,04;22
2024;12;Espectaculos;Musicales;Extremadura;Badajoz;520;2350;10810,8;20,79;172
2024;12;Espectaculos;Música;Extremadura;Badajoz;70;316;779,1;11,13;32
2024;12;Actividades;Actividades infantiles;Extremadura;Badajoz;54;244;950,4;17,6;17
2024;12;Espectaculos;Cultura, teatro y danza;Extremadura;Badajoz;520;2350;10810,8;20,79;172
2024;12;Espectaculos;Cultura, teatro y danza;Extremadura;Badajoz;14;64;42;3;5
2024;12;Espectaculos;Musicales;Extremadura;Badajoz;7;32;123,2;17,6;3
2024;12;Espectaculos;Música;Extremadura;Badajoz;697;3150;12796,92;18,36;386
2024;12;Actividades;Actividades infantiles;Extremadura;Badajoz;233;1054;2145,93;9,21;90
2024;12;Espectaculos;Cultura, teatro y danza;Extremadura;Badajoz;7;32;123,2;17,6;3
2024;12;Actividades;Deportes y aventuras;Extremadura;Badajoz;17;76;165,07;9,71;17
2024;12;Actividades;Deportes y aventuras;Extremadura;Badajoz;54;244;567;10,5;51
2024;12;Espectaculos;Musicales;Extremadura;Badajoz;271;1224;4688,3;17,3;83
2024;12;Actividades;Actividades infantiles;Extremadura;Badajoz;180;814;3105;17,25;55
2024;12;Espectaculos;Cultura, teatro y danza;Extremadura;Badajoz;271;1224;4688,3;17,3;83
2024;12;Actividades;Cursos;Illes Balears;Illes Balears;3;14;60;20;3
2024;12;Espectaculos;Música;Illes Balears;Illes Balears;350;1582;7003,5;20,01;254
2024;12;Espectaculos;Música;Illes Balears;Illes Balears;98;442;986,86;10,07;35
2024;12;Espectaculos;Cultura, teatro y danza;Illes Balears;Illes Balears;175;790;1545,25;8,83;64
2024;12;Espectaculos;Música;Illes Balears;Illes Balears;90;406;720;8;54
2024;12;Espectaculos;Música;Illes Balears;Illes Balears;1;4;18,94;18,94;1
2024;12;Actividades;Actividades infantiles;Illes Balears;Illes Balears;1;4;18,94;18,94;1
2024;12;Espectaculos;Música;Illes Balears;Illes Balears;759;3430;13297,68;17,52;296
2024;12;Actividades;Actividades infantiles;Illes Balears;Illes Balears;35;158;840;24;14
2024;12;Espectaculos;Música;Illes Balears;Illes Balears;460;2078;5460,2;11,87;244
2024;12;Espectaculos;Música;Illes Balears;Illes Balears;40;180;596;14,9;29
2024;12;Espectaculos;Cultura, teatro y danza;Illes Balears;Illes Balears;86;388;268,32;3,12;28
2024;12;Espectaculos;Música;Illes Balears;Illes Balears;334;1741;5988,62;17,93;211
2024;12;Actividades;Actividades infantiles;Illes Balears;Illes Balears;245;1108;6815,9;27,82;163
2024;12;Espectaculos;Cultura, teatro y danza;Illes Balears;Illes Balears;14;64;118,02;8,43;7
2024;12;Espectaculos;Música;Illes Balears;Illes Balears;32;144;497,28;15,54;19
2024;12;Espectaculos;Música;Illes Balears;Illes Balears;1336;6038;19198,32;14,37;577
2024;12;Actividades;Gastronomía;Illes Balears;Illes Balears;29;132;751,39;25,91;17
2024;12;Espectaculos;Música;Illes Balears;Illes Balears;12;54;124,32;10,36;3
2024;12;Actividades;Actividades infantiles;Illes Balears;Illes Balears;12;54;124,32;10,36;3
2024;12;Espectaculos;Música;Illes Balears;Illes Balears;95;430;1649,2;17,36;41
2024;12;Espectaculos;Cultura, teatro y danza;Illes Balears;Illes Balears;134;606;1113,54;8,31;52
2024;12;Espectaculos;Música;Illes Balears;Illes Balears;102;462;1745,22;17,11;50
2024;12;Espectaculos;Música;Illes Balears;Illes Balears;141;636;1527,03;10,83;63
2024;12;Actividades;Actividades infantiles;Illes Balears;Illes Balears;79;358;790;10;33
2024;12;Espectaculos;Cine;Illes Balears;Illes Balears;23;104;116,84;5,08;13
2024;12;Espectaculos;Música;Illes Balears;Illes Balears;703;3176;8239,16;11,72;395
2024;12;Espectaculos;Cultura, teatro y danza;Illes Balears;Illes Balears;85;384;736,95;8,67;29
2024;12;Espectaculos;Cultura, teatro y danza;Illes Balears;Illes Balears;316;1428;3150,52;9,97;133
2024;12;Espectaculos;Cultura, teatro y danza;Illes Balears;Illes Balears;58;262;270,86;4,67;26
2024;12;Espectaculos;Música;Illes Balears;Illes Balears;40;180;746;18,65;19
2024;12;Actividades;Deportes y aventuras;Illes Balears;Illes Balears;74;334;700,04;9,46;38
2024;12;Actividades;Actividades infantiles;Illes Balears;Illes Balears;74;334;700,04;9,46;38
2024;12;Actividades;Cursos;Illes Balears;Illes Balears;122;552;6592,88;54,04;60
2024;12;Espectaculos;Música;Illes Balears;Illes Balears;12798;65967;210911,04;16,48;7271
2024;12;Actividades;Actividades infantiles;Illes Balears;Illes Balears;286;1294;6409,26;22,41;148
2024;12;Espectaculos;Cultura, teatro y danza;Illes Balears;Illes Balears;1675;7430;21172;12,64;714
2024;12;Espectaculos;Museo y exposiciones;Illes Balears;Illes Balears;9;40;93,24;10,36;7
2024;12;Actividades;Gastronomía;Illes Balears;Illes Balears;105;476;3566,85;33,97;40
2024;12;Espectaculos;Música;Illes Balears;Illes Balears;411;1765;5807,43;14,13;150
2024;12;Actividades;Actividades infantiles;Illes Balears;Illes Balears;91;412;725,27;7,97;39
2024;12;Espectaculos;Cultura, teatro y danza;Illes Balears;Illes Balears;376;1698;2579,36;6,86;134
2024;12;Espectaculos;Música;Illes Balears;Illes Balears;2100;9490;41139;19,59;852
2024;12;Espectaculos;Cultura, teatro y danza;Illes Balears;Illes Balears;245;1108;7330,4;29,92;99
2024;12;Espectaculos;Música;Illes Balears;Illes Balears;97;438;2463,8;25,4;60
2024;12;Actividades;Cursos;Illes Balears;Illes Balears;7;197;72,52;10,36;6
2024;12;Espectaculos;Música;Illes Balears;Illes Balears;128;578;2420,48;18,91;58
2024;12;Espectaculos;Música;Illes Balears;Illes Balears;422;5898;3561,68;8,44;162
2024;12;Actividades;Deportes y aventuras;Illes Balears;Illes Balears;50;226;1000;20;50
2024;12;Actividades;Actividades infantiles;Illes Balears;Illes Balears;7;3930;42;6;2
2024;12;Espectaculos;Cultura, teatro y danza;Illes Balears;Illes Balears;217;941;3454,64;15,92;101
2024;12;Espectaculos;Música;Illes Balears;Illes Balears;152;688;1293,52;8,51;58
2024;12;Espectaculos;Cultura, teatro y danza;Illes Balears;Illes Balears;364;1646;1900,08;5,22;130
2024;12;Espectaculos;Música;Illes Balears;Illes Balears;9;40;167,4;18,6;4
2024;12;Actividades;Actividades infantiles;Illes Balears;Illes Balears;9;40;167,4;18,6;4
2024;12;Espectaculos;Música;Illes Balears;Illes Balears;48;340;506,88;10,56;30
2024;12;Espectaculos;Música;Illes Balears;Illes Balears;54;244;280,8;5,2;22
2024;12;Espectaculos;Cultura, teatro y danza;Illes Balears;Illes Balears;65;294;540,15;8,31;25
2024;12;Espectaculos;Música;Illes Balears;Illes Balears;250;1130;1037,5;4,15;165
2024;12;Espectaculos;Cultura, teatro y danza;Illes Balears;Illes Balears;156;706;1135,68;7,28;54
2024;12;Espectaculos;Música;Illes Balears;Illes Balears;99;448;582,12;5,88;31
2024;12;Actividades;Deportes y aventuras;Illes Balears;Illes Balears;99;448;582,12;5,88;31
2024;12;Espectaculos;Música;Illes Balears;Illes Balears;20;90;352,2;17,61;12
2024;12;Espectaculos;Música;Illes Balears;Illes Balears;119;538;2247,91;18,89;61
2024;12;Actividades;Actividades infantiles;Illes Balears;Illes Balears;1;4;18,6;18,6;1
2024;12;Espectaculos;Música;Illes Balears;Illes Balears;2;10;31,08;15,54;1
2024;12;Espectaculos;Música;Illes Balears;Illes Balears;32;144;497,28;15,54;19
2024;12;Espectaculos;Música;Cataluña;Barcelona;71;320;809,4;11,4;33
2024;12;Espectaculos;Cultura, teatro y danza;Cataluña;Barcelona;16;72;176;11;4
2024;12;Espectaculos;Música;Cataluña;Barcelona;20;90;226,6;11,33;13
2024;12;Espectaculos;Música;Cataluña;Barcelona;21;94;210;10;11
2024;12;Espectaculos;Música;Cataluña;Barcelona;18;82;370,08;20,56;10
2024;12;Actividades;Cursos;Cataluña;Barcelona;160;724;6900,8;43,13;137
2024;12;Espectaculos;Cine;Cataluña;Barcelona;269;1216;2716,9;10,1;133
2024;12;Espectaculos;Musicales;Cataluña;Barcelona;671;2825;11970,64;17,84;279
2024;12;Espectaculos;Música;Cataluña;Barcelona;19697;83447;312591,39;15,87;11820
2024;12;Actividades;Actividades infantiles;Cataluña;Barcelona;1377;6224;25075,17;18,21;480
2024;12;Espectaculos;Cultura, teatro y danza;Cataluña;Barcelona;5287;23444;74335,22;14,06;2340
2024;12;Espectaculos;Museo y exposiciones;Cataluña;Barcelona;56;254;707,84;12,64;21
2024;12;Actividades;Gastronomía;Cataluña;Barcelona;419;1894;17367,55;41,45;271
2024;12;Espectaculos;Música;Cataluña;Barcelona;16;72;334,56;20,91;6
2024;12;Actividades;Actividades infantiles;Cataluña;Barcelona;16;72;334,56;20,91;6
2024;12;Espectaculos;Música;Cataluña;Barcelona;56;254;833,28;14,88;21
2024;12;Espectaculos;Música;Cataluña;Barcelona;37;168;378,14;10,22;22
2024;12;Actividades;Actividades infantiles;Cataluña;Barcelona;600;2712;1206;2,01;163
2024;12;Espectaculos;Musicales;Cataluña;Barcelona;6;28;30;5;2
2024;12;Espectaculos;Cultura, teatro y danza;Cataluña;Barcelona;6;28;30;5;2
2024;12;Espectaculos;Cultura, teatro y danza;Cataluña;Barcelona;166;750;1328;8;63
2024;12;Espectaculos;Musicales;Cataluña;Barcelona;266;1202;2058,84;7,74;98
2024;12;Actividades;Actividades infantiles;Cataluña;Barcelona;266;1202;2058,84;7,74;98
2024;12;Espectaculos;Cultura, teatro y danza;Cataluña;Barcelona;266;1202;2058,84;7,74;98
2024;12;Actividades;Actividades infantiles;Cataluña;Barcelona;46;208;311,88;6,78;14
2024;12;Espectaculos;Cultura, teatro y danza;Cataluña;Barcelona;46;208;311,88;6,78;14
2024;12;Espectaculos;Música;Cataluña;Barcelona;5;22;67,95;13,59;2
2024;12;Espectaculos;Música;Cataluña;Barcelona;574;2594;4546,08;7,92;241
2024;12;Espectaculos;Cultura, teatro y danza;Cataluña;Barcelona;166;750;1245;7,5;83
2024;12;Espectaculos;Música;Cataluña;Barcelona;67;302;5004,23;74,69;50
2024;12;Espectaculos;Música;Cataluña;Barcelona;297;1342;5188,59;17,47;184
2024;12;Actividades;Actividades infantiles;Cataluña;Barcelona;6;28;48;8;2
2024;12;Espectaculos;Cultura, teatro y danza;Cataluña;Barcelona;33;150;376,53;11,41;14
2024;12;Espectaculos;Música;Cataluña;Barcelona;120;542;1579,2;13,16;101
2024;12;Espectaculos;Música;Cataluña;Barcelona;554;2504;7467,92;13,48;331
2024;12;Espectaculos;Música;Cataluña;Barcelona;213;962;4545,42;21,34;80
2024;12;Espectaculos;Cultura, teatro y danza;Cataluña;Barcelona;4;18;60;15;2
2024;12;Espectaculos;Música;Cataluña;Barcelona;10;46;104;10,4;4
2024;12;Actividades;Actividades infantiles;Cataluña;Barcelona;415;1876;3818;9,2;112
2024;12;Espectaculos;Música;Cataluña;Barcelona;87;394;1847,88;21,24;28
2024;12;Espectaculos;Música;Cataluña;Barcelona;155;700;3278,25;21,15;54
2024;12;Actividades;Actividades infantiles;Cataluña;Barcelona;155;700;3278,25;21,15;54
2024;12;Espectaculos;Música;Cataluña;Barcelona;7;32;72,1;10,3;4
2024;12;Espectaculos;Música;Cataluña;Barcelona;500;2260;8000;16;276
2024;12;Espectaculos;Música;Cataluña;Barcelona;47;212;141;3;30
2024;12;Espectaculos;Música;Cataluña;Barcelona;473;2138;5236,11;11,07;196
2024;12;Actividades;Cursos;Cataluña;Barcelona;6;28;159,06;26,51;6
2024;12;Espectaculos;Musicales;Cataluña;Barcelona;606;2738;5205,54;8,59;168
2024;12;Espectaculos;Música;Cataluña;Barcelona;1;4;5;5;1
2024;12;Actividades;Actividades infantiles;Cataluña;Barcelona;606;2738;5205,54;8,59;168
2024;12;Espectaculos;Cultura, teatro y danza;Cataluña;Barcelona;633;3724;6500,91;10,27;182
2024;12;Espectaculos;Música;Cataluña;Barcelona;12;54;159,24;13,27;9
2024;12;Actividades;Deportes y aventuras;Cataluña;Barcelona;93;420;465;5;34
2024;12;Espectaculos;Música;Cataluña;Barcelona;63;284;549,99;8,73;30
2024;12;Espectaculos;Cine;Cataluña;Barcelona;16;72;46,88;2,93;7
2024;12;Espectaculos;Cultura, teatro y danza;Cataluña;Barcelona;221;998;2576,86;11,66;84
2024;12;Espectaculos;Música;Cataluña;Barcelona;861;3892;15919,89;18,49;661
2024;12;Espectaculos;Cultura, teatro y danza;Cataluña;Barcelona;21;94;399;19;6
2024;12;Espectaculos;Música;Cataluña;Barcelona;43;194;383,13;8,91;20
2024;12;Actividades;Gastronomía;Cataluña;Barcelona;8;36;78,64;9,83;7
2024;12;Espectaculos;Música;Cataluña;Barcelona;62;280;450,12;7,26;27
2024;12;Espectaculos;Cultura, teatro y danza;Cataluña;Barcelona;36;162;676,8;18,8;12
2024;12;Espectaculos;Música;Cataluña;Barcelona;224;1012;656,32;2,93;83
2024;12;Actividades;Actividades infantiles;Cataluña;Barcelona;103;466;515;5;37
2024;12;Espectaculos;Música;Cataluña;Barcelona;15;68;198;13,2;7
2024;12;Espectaculos;Conferencias;Cataluña;Barcelona;5;22;343,7;68,74;5
2024;12;Actividades;Cursos;Cataluña;Barcelona;1;4;39;39;1
2024;12;Espectaculos;Musicales;Cataluña;Barcelona;454;2052;4458,28;9,82;201
2024;12;Actividades;Actividades infantiles;Cataluña;Barcelona;234;1058;2459,34;10,51;90
2024;12;Espectaculos;Cultura, teatro y danza;Cataluña;Barcelona;743;3149;6820,74;9,18;345
2024;12;Espectaculos;Música;Cataluña;Barcelona;431;1948;5827,12;13,52;192
2024;12;Espectaculos;Cultura, teatro y danza;Cataluña;Barcelona;46;208;501,4;10,9;21
2024;12;Espectaculos;Música;Cataluña;Barcelona;24;108;1546,8;64,45;13
2024;12;Actividades;Actividades infantiles;Cataluña;Barcelona;24;108;1546,8;64,45;13
2024;12;Actividades;Cursos;Cataluña;Barcelona;2;10;60;30;2
2024;12;Espectaculos;Música;Cataluña;Barcelona;309;1321;3120,9;10,1;181
2024;12;Espectaculos;Música;Cataluña;Barcelona;137;620;2676,98;19,54;63
2024;12;Espectaculos;Música;Cataluña;Barcelona;511;2310;8441,72;16,52;328
2024;12;Actividades;Actividades infantiles;Cataluña;Barcelona;96;417;2055,36;21,41;37
2024;12;Espectaculos;Música;Castilla y León;Burgos;484;2188;10362,44;21,41;199
2024;12;Espectaculos;Cultura, teatro y danza;Castilla y León;Burgos;27;122;140,94;5,22;8
2024;12;Espectaculos;Música;Castilla y León;Burgos;167;754;2120,9;12,7;86
2024;12;Actividades;Cursos;Extremadura;Cáceres;6;28;55,38;9,23;5
2024;12;Espectaculos;Musicales;Extremadura;Cáceres;673;3042;13244,64;19,68;211
2024;12;Espectaculos;Música;Extremadura;Cáceres;45;383;945,9;21,02;23
2024;12;Actividades;Actividades infantiles;Extremadura;Cáceres;79;358;1303,5;16,5;22
2024;12;Espectaculos;Cultura, teatro y danza;Extremadura;Cáceres;710;3208;9826,4;13,84;224
2024;12;Actividades;Deportes y aventuras;Extremadura;Cáceres;199;900;1584,04;7,96;175
2024;12;Espectaculos;Cultura, teatro y danza;Extremadura;Cáceres;21;94;210;10;11
2024;12;Espectaculos;Musicales;Extremadura;Cáceres;31;140;511,5;16,5;10
2024;12;Actividades;Actividades infantiles;Extremadura;Cáceres;31;140;511,5;16,5;10
2024;12;Espectaculos;Cultura, teatro y danza;Extremadura;Cáceres;31;140;511,5;16,5;10
2024;12;Espectaculos;Música;Extremadura;Cáceres;1;4;12;12;1
2024;12;Espectaculos;Música;Andalucía;Cádiz;45;204;337,05;7,49;21
2024;12;Espectaculos;Cultura, teatro y danza;Andalucía;Cádiz;16;72;158,08;9,88;9
2024;12;Espectaculos;Música;Andalucía;Cádiz;461;2084;5780,94;12,54;263
2024;12;Actividades;Actividades infantiles;Andalucía;Cádiz;213;962;4211,01;19,77;124
2024;12;Actividades;Gastronomía;Andalucía;Cádiz;82;370;824,1;10,05;46
2024;12;Espectaculos;Música;Andalucía;Cádiz;185;836;2577,05;13,93;119
2024;12;Espectaculos;Música;Andalucía;Cádiz;343;1550;4633,93;13,51;168
2024;12;Espectaculos;Música;Andalucía;Cádiz;71;320;645,39;9,09;45
2024;12;Espectaculos;Música;Andalucía;Cádiz;40;180;527,2;13,18;21
2024;12;Actividades;Actividades infantiles;Andalucía;Cádiz;13;58;206,05;15,85;5
2024;12;Espectaculos;Cultura, teatro y danza;Andalucía;Cádiz;13;58;206,05;15,85;5
2024;12;Espectaculos;Musicales;Andalucía;Cádiz;100;452;1586;15,86;28
2024;12;Actividades;Actividades infantiles;Andalucía;Cádiz;100;452;1586;15,86;28
2024;12;Espectaculos;Cultura, teatro y danza;Andalucía;Cádiz;100;452;1586;15,86;28
2024;12;Espectaculos;Musicales;Comunitat Valenciana;Castellón/Castelló;350;1582;5040;14,4;112
2024;12;Espectaculos;Música;Comunitat Valenciana;Castellón/Castelló;992;4484;14215,36;14,33;537
2024;12;Actividades;Actividades infantiles;Comunitat Valenciana;Castellón/Castelló;350;1471;5040;14,4;112
2024;12;Espectaculos;Cultura, teatro y danza;Comunitat Valenciana;Castellón/Castelló;350;1582;5040;14,4;112
2024;12;Espectaculos;Música;Comunitat Valenciana;Castellón/Castelló;20;90;308,6;15,43;12
2024;12;Espectaculos;Música;Castilla - La Mancha;Ciudad Real;145;656;1471,75;10,15;54
2024;12;Espectaculos;Música;Castilla - La Mancha;Ciudad Real;238;1076;2327,64;9,78;133
2024;12;Espectaculos;Música;Castilla - La Mancha;Ciudad Real;46;208;467,82;10,17;19
2024;12;Espectaculos;Música;Castilla - La Mancha;Ciudad Real;6;28;68,28;11,38;3
2024;12;Espectaculos;Musicales;Andalucía;Córdoba;2;10;21,6;10,8;1
2024;12;Espectaculos;Música;Andalucía;Córdoba;312;1321;4109,04;13,17;145
2024;12;Actividades;Actividades infantiles;Andalucía;Córdoba;29;132;298,7;10,3;7
2024;12;Espectaculos;Cultura, teatro y danza;Andalucía;Córdoba;562;2540;7592,62;13,51;231
2024;12;Espectaculos;Cultura, teatro y danza;Andalucía;Córdoba;458;2070;1351,1;2,95;114
2024;12;Espectaculos;Música;Andalucía;Córdoba;108;488;1368,36;12,67;45
2024;12;Espectaculos;Cultura, teatro y danza;Andalucía;Córdoba;16;72;164;10,25;6
2024;12;Espectaculos;Musicales;Andalucía;Córdoba;18;82;108,54;6,03;4
2024;12;Espectaculos;Cultura, teatro y danza;Andalucía;Córdoba;18;82;108,54;6,03;4
2024;12;Espectaculos;Música;Andalucía;Córdoba;24;108;247,2;10,3;13
2024;12;Espectaculos;Música;Galicia;A Coruña;1149;4918;15637,89;13,61;653
2024;12;Actividades;Deportes y aventuras;Galicia;A Coruña;17;76;117,98;6,94;11
2024;12;Actividades;Actividades infantiles;Galicia;A Coruña;236;1155;1361,72;5,77;88
2024;12;Espectaculos;Cultura, teatro y danza;Galicia;A Coruña;235;1062;1508,7;6,42;84
2024;12;Espectaculos;Música;Galicia;A Coruña;102;460;1916,58;18,79;53
2024;12;Espectaculos;Cultura, teatro y danza;Galicia;A Coruña;50;223;248,5;4,97;25
2024;12;Espectaculos;Música;Galicia;A Coruña;696;3146;8345,04;11,99;499
2024;12;Espectaculos;Música;Galicia;A Coruña;455;2058;7766,85;17,07;273
2024;12;Espectaculos;Cultura, teatro y danza;Galicia;A Coruña;4;18;25,92;6,48;2
2024;12;Espectaculos;Música;Castilla - La Mancha;Cuenca;2;10;48,3;24,15;2
2024;12;Espectaculos;Cine;Cataluña;Girona;2;10;9;4,5;1
2024;12;Espectaculos;Música;Cataluña;Girona;103;466;1392,56;13,52;46
2024;12;Espectaculos;Música;Cataluña;Girona;2;10;840;420;1
2024;12;Espectaculos;Cine;Cataluña;Girona;3;14;30;10;2
2024;12;Espectaculos;Música;Cataluña;Girona;87;394;1437,24;16,52;36
2024;12;Espectaculos;Música;Cataluña;Girona;3;14;30;10;2
2024;12;Espectaculos;Música;Cataluña;Girona;2;10;22;11;2
2024;12;Espectaculos;Música;Cataluña;Girona;242;1094;3312,98;13,69;131
2024;12;Espectaculos;Música;Cataluña;Girona;48;227;776,16;16,17;17
2024;12;Actividades;Actividades infantiles;Cataluña;Girona;7;32;144,9;20,7;3
2024;12;Espectaculos;Cultura, teatro y danza;Cataluña;Girona;115;520;2309,2;20,08;43
2024;12;Espectaculos;Música;Cataluña;Girona;635;2870;12744,45;20,07;539
2024;12;Espectaculos;Música;Cataluña;Girona;16;72;320;20;9
2024;12;Espectaculos;Música;Cataluña;Girona;52;236;364;7;28
2024;12;Espectaculos;Música;Cataluña;Girona;11;50;114,95;10,45;5
2024;12;Espectaculos;Música;Cataluña;Girona;1411;6376;3880,25;2,75;371
2024;12;Actividades;Actividades infantiles;Cataluña;Girona;1411;6376;3880,25;2,75;371
2024;12;Espectaculos;Música;Cataluña;Girona;51;230;512,04;10,04;24
2024;12;Espectaculos;Música;Andalucía;Granada;279;1260;3387,06;12,14;159
2024;12;Espectaculos;Musicales;Andalucía;Granada;48;216;578,4;12,05;17
2024;12;Espectaculos;Música;Andalucía;Granada;223;1008;6094,59;27,33;92
2024;12;Actividades;Actividades infantiles;Andalucía;Granada;48;216;578,4;12,05;17
2024;12;Espectaculos;Cultura, teatro y danza;Andalucía;Granada;124;560;1615,72;13,03;56
2024;12;Espectaculos;Museo y exposiciones;Andalucía;Granada;42;190;492,66;11,73;18
2024;12;Actividades;Gastronomía;Andalucía;Granada;34;154;564,4;16,6;21
2024;12;Espectaculos;Música;Andalucía;Granada;86;388;991,58;11,53;50
2024;12;Espectaculos;Música;Andalucía;Granada;10;46;82,5;8,25;7
2024;12;Espectaculos;Musicales;Andalucía;Granada;65;294;643,5;9,9;27
2024;12;Espectaculos;Música;Andalucía;Granada;2204;14845;25897;11,75;1217
2024;12;Actividades;Actividades infantiles;Andalucía;Granada;87;394;1120,56;12,88;36
2024;12;Espectaculos;Cultura, teatro y danza;Andalucía;Granada;738;3336;13372,56;18,12;303
2024;12;Espectaculos;Música;Andalucía;Granada;556;4120;2413,04;4,34;160
2024;12;Actividades;Actividades infantiles;Andalucía;Granada;48;216;281,28;5,86;13
2024;12;Espectaculos;Cultura, teatro y danza;Andalucía;Granada;48;216;281,28;5,86;13
2024;12;Espectaculos;Cultura, teatro y danza;Andalucía;Granada;114;516;785,46;6,89;44
2024;12;Espectaculos;Música;Andalucía;Granada;6;28;66;11;2
2024;12;Actividades;Actividades infantiles;Castilla - La Mancha;Guadalajara;2490;11254;9984,9;4,01;493
2024;12;Espectaculos;Cultura, teatro y danza;Castilla - La Mancha;Guadalajara;2490;11254;9984,9;4,01;493
2024;12;Espectaculos;Música;Castilla - La Mancha;Guadalajara;338;1528;5823,74;17,23;146
2024;12;Actividades;Actividades infantiles;Castilla - La Mancha;Guadalajara;187;1144;2251,48;12,04;76
2024;12;Espectaculos;Cultura, teatro y danza;Castilla - La Mancha;Guadalajara;208;940;1256,32;6,04;96
2024;12;Actividades;Gastronomía;Castilla - La Mancha;Guadalajara;208;940;1256,32;6,04;96
2024;12;Espectaculos;Cultura, teatro y danza;País Vasco;Gipuzkoa;6;28;45;7,5;3
2024;12;Espectaculos;Música;País Vasco;Gipuzkoa;772;3380;8275,84;10,72;259
2024;12;Espectaculos;Cultura, teatro y danza;País Vasco;Gipuzkoa;539;2436;4683,91;8,69;181
2024;12;Espectaculos;Conferencias;País Vasco;Gipuzkoa;150;678;14280;95,2;144
2024;12;Espectaculos;Cine;País Vasco;Gipuzkoa;97;1030;388,97;4,01;39
2024;12;Espectaculos;Música;País Vasco;Gipuzkoa;1018;4778;13203,46;12,97;491
2024;12;Actividades;Actividades infantiles;País Vasco;Gipuzkoa;35;158;219,45;6,27;18
2024;12;Espectaculos;Cultura, teatro y danza;País Vasco;Gipuzkoa;358;1618;3422,48;9,56;149
2024;12;Espectaculos;Música;País Vasco;Gipuzkoa;9;40;46,53;5,17;5
2024;12;Espectaculos;Cultura, teatro y danza;País Vasco;Gipuzkoa;92;416;475,64;5,17;47
2024;12;Espectaculos;Música;País Vasco;Gipuzkoa;12;54;222,36;18,53;9
2024;12;Espectaculos;Cine;País Vasco;Gipuzkoa;8;36;24;3;6
2024;12;Espectaculos;Música;País Vasco;Gipuzkoa;109;492;767,36;7,04;54
2024;12;Espectaculos;Cultura, teatro y danza;País Vasco;Gipuzkoa;76;344;351,12;4,62;31
2024;12;Espectaculos;Música;País Vasco;Gipuzkoa;52;236;617,76;11,88;22
2024;12;Espectaculos;Cine;País Vasco;Gipuzkoa;62;280;366,42;5,91;36
2024;12;Espectaculos;Música;País Vasco;Gipuzkoa;96;434;2879,04;29,99;49
2024;12;Actividades;Deportes y aventuras;País Vasco;Gipuzkoa;3217;14540;99630,49;30,97;1082
2024;12;Espectaculos;Música;País Vasco;Gipuzkoa;111;502;1774,89;15,99;78
2024;12;Actividades;Actividades infantiles;Andalucía;Huelva;4280;19344;20372,8;4,76;1010
2024;12;Espectaculos;Cultura, teatro y danza;Andalucía;Huelva;4280;19344;20372,8;4,76;1010
2024;12;Espectaculos;Museo y exposiciones;Andalucía;Huelva;4280;19344;20372,8;4,76;1010
2024;12;Espectaculos;Música;Andalucía;Huelva;5;22;50;10;3
2024;12;Espectaculos;Cultura, teatro y danza;Andalucía;Huelva;3;14;30;10;1
2024;12;Espectaculos;Música;Andalucía;Huelva;346;1564;3470,38;10,03;114
2024;12;Espectaculos;Música;Aragón;Huesca;2604;11768;28852,32;11,08;1969
2024;12;Espectaculos;Música;Aragón;Huesca;277;1252;4343,36;15,68;160
2024;12;Actividades;Actividades infantiles;Aragón;Huesca;234;1058;1008,54;4,31;78
2024;12;Espectaculos;Cultura, teatro y danza;Aragón;Huesca;564;2548;2278,56;4,04;180
2024;12;Espectaculos;Música;Aragón;Huesca;10;46;58;5,8;4
2024;12;Espectaculos;Música;Andalucía;Jaén;322;1456;4327,68;13,44;213
2024;12;Espectaculos;Música;Andalucía;Jaén;19;86;235,03;12,37;7
2024;12;Espectaculos;Música;Andalucía;Jaén;214;968;1506,56;7,04;94
2024;12;Espectaculos;Música;Andalucía;Jaén;3;14;22,11;7,37;2
2024;12;Espectaculos;Música;Andalucía;Jaén;23;104;1258,56;54,72;18
2024;12;Espectaculos;Música;Andalucía;Jaén;41;186;1054,93;25,73;18
2024;12;Espectaculos;Música;Castilla y León;León;34;154;535,16;15,74;19
2024;12;Espectaculos;Música;Castilla y León;León;272;1230;3971,2;14,6;132
2024;12;Actividades;Actividades infantiles;Castilla y León;León;642;2902;8037,84;12,52;327
2024;12;Espectaculos;Música;Castilla y León;León;71;320;1247,47;17,57;35
2024;12;Espectaculos;Música;Cataluña;Lleida;112;506;1731,52;15,46;50
2024;12;Actividades;Actividades infantiles;Cataluña;Lleida;12;54;188,04;15,67;6
2024;12;Espectaculos;Música;Cataluña;Lleida;135;610;2432,7;18,02;59
2024;12;Espectaculos;Música;Cataluña;Lleida;459;2074;5705,37;12,43;325
2024;12;Espectaculos;Música;Cataluña;Lleida;76;344;582,16;7,66;37
2024;12;Espectaculos;Musicales;Cataluña;Lleida;2070;9356;8528,4;4,12;508
2024;12;Espectaculos;Música;Cataluña;Lleida;185;794;2480,85;13,41;87
2024;12;Actividades;Actividades infantiles;Cataluña;Lleida;2654;11994;12181,86;4,59;684
2024;12;Espectaculos;Cultura, teatro y danza;Cataluña;Lleida;2683;12126;12368,63;4,61;693
2024;12;Espectaculos;Música;La Rioja;La Rioja;979;4424;18082,13;18,47;905
2024;12;Espectaculos;Música;La Rioja;La Rioja;21;94;399,42;19,02;15
2024;12;Espectaculos;Cultura, teatro y danza;La Rioja;La Rioja;58;262;826,5;14,25;22
2024;12;Espectaculos;Cultura, teatro y danza;La Rioja;La Rioja;80;362;482,4;6,03;18
2024;12;Espectaculos;Música;La Rioja;La Rioja;5;22;65;13;2
2024;12;Espectaculos;Cultura, teatro y danza;La Rioja;La Rioja;39;176;2914,08;74,72;19
2024;12;Espectaculos;Cultura, teatro y danza;La Rioja;La Rioja;26;118;156;6;6
2024;12;Espectaculos;Música;Galicia;Lugo;368;1664;3680;10;200
2024;12;Actividades;Actividades infantiles;Galicia;Lugo;86;388;1395,78;16,23;26
2024;12;Espectaculos;Cultura, teatro y danza;Galicia;Lugo;137;620;2485,18;18,14;43
2024;12;Espectaculos;Musicales;Comunidad de Madrid;Madrid;71;320;575,1;8,1;19
2024;12;Espectaculos;Música;Comunidad de Madrid;Madrid;452;2044;5541,52;12,26;250
2024;12;Actividades;Actividades infantiles;Comunidad de Madrid;Madrid;93;420;477,09;5,13;33
2024;12;Espectaculos;Cultura, teatro y danza;Comunidad de Madrid;Madrid;98;442;882;9;28
2024;12;Espectaculos;Música;Comunidad de Madrid;Madrid;49;222;619,85;12,65;24
2024;12;Espectaculos;Música;Comunidad de Madrid;Madrid;62;280;970,3;15,65;27
2024;12;Espectaculos;Música;Comunidad de Madrid;Madrid;9;40;144,99;16,11;4
2024;12;Espectaculos;Música;Comunidad de Madrid;Madrid;12;54;120;10;8
2024;12;Espectaculos;Música;Comunidad de Madrid;Madrid;2;10;11;5,5;1
2024;12;Actividades;Actividades infantiles;Comunidad de Madrid;Madrid;16;72;88;5,5;6
2024;12;Espectaculos;Cultura, teatro y danza;Comunidad de Madrid;Madrid;32;144;176;5,5;10
2024;12;Espectaculos;Música;Comunidad de Madrid;Madrid;281;2232;3386,05;12,05;141
2024;12;Espectaculos;Cultura, teatro y danza;Comunidad de Madrid;Madrid;107;484;545,7;5,1;34
2024;12;Espectaculos;Música;Comunidad de Madrid;Madrid;6;28;60;10;3
2024;12;Espectaculos;Música;Comunidad de Madrid;Madrid;506;2286;39179,58;77,43;265
2024;12;Actividades;Deportes y aventuras;Comunidad de Madrid;Madrid;3;26;19,17;6,39;1
2024;12;Espectaculos;Conferencias;Comunidad de Madrid;Madrid;168;962;53479,44;318,33;165
2024;12;Actividades;Cursos;Comunidad de Madrid;Madrid;93;420;4693,71;50,47;85
2024;12;Espectaculos;Cine;Comunidad de Madrid;Madrid;83;744;705,5;8,5;56
2024;12;Espectaculos;Musicales;Comunidad de Madrid;Madrid;250;1130;3210;12,84;116
2024;12;Espectaculos;Música;Comunidad de Madrid;Madrid;33963;152100;484991,64;14,28;17635
2024;12;Actividades;Deportes y aventuras;Comunidad de Madrid;Madrid;579;3556;4452,51;7,69;277
2024;12;Actividades;Actividades infantiles;Comunidad de Madrid;Madrid;627;2636;5737,05;9,15;260
2024;12;Espectaculos;Cultura, teatro y danza;Comunidad de Madrid;Madrid;3005;12638;39485,7;13,14;1519
2024;12;Actividades;Gastronomía;Comunidad de Madrid;Madrid;74;320;1144,04;15,46;41
2024;12;Espectaculos;Música;Comunidad de Madrid;Madrid;77;348;967,12;12,56;27
2024;12;Espectaculos;Cultura, teatro y danza;Comunidad de Madrid;Madrid;43;194;478,59;11,13;29
2024;12;Espectaculos;Música;Comunidad de Madrid;Madrid;9;40;45;5;6
2024;12;Espectaculos;Música;Comunidad de Madrid;Madrid;118;534;2236,1;18,95;60
2024;12;Espectaculos;Musicales;Comunidad de Madrid;Madrid;58;262;455,3;7,85;20
2024;12;Actividades;Actividades infantiles;Comunidad de Madrid;Madrid;58;262;455,3;7,85;20
2024;12;Espectaculos;Cultura, teatro y danza;Comunidad de Madrid;Madrid;58;262;455,3;7,85;20
2024;12;Actividades;Cursos;Comunidad de Madrid;Madrid;14;64;490;35;10
2024;12;Espectaculos;Musicales;Comunidad de Madrid;Madrid;218;986;1090;5;70
2024;12;Espectaculos;Música;Comunidad de Madrid;Madrid;344;1556;4145,2;12,05;200
2024;12;Actividades;Actividades infantiles;Comunidad de Madrid;Madrid;218;986;1090;5;70
2024;12;Espectaculos;Cultura, teatro y danza;Comunidad de Madrid;Madrid;218;986;1090;5;70
2024;12;Espectaculos;Musicales;Comunidad de Madrid;Madrid;1;4;7;7;1
2024;12;Espectaculos;Cultura, teatro y danza;Comunidad de Madrid;Madrid;1;4;7;7;1
2024;12;Actividades;Cursos;Comunidad de Madrid;Madrid;1;4;23,75;23,75;1
2024;12;Espectaculos;Música;Comunidad de Madrid;Madrid;28;126;421,96;15,07;11
2024;12;Actividades;Actividades infantiles;Comunidad de Madrid;Madrid;1;4;23,75;23,75;1
2024;12;Espectaculos;Música;Comunidad de Madrid;Madrid;96;434;1129,92;11,77;34
2024;12;Espectaculos;Música;Andalucía;Málaga;17;76;148,07;8,71;14
2024;12;Espectaculos;Música;Andalucía;Málaga;20;90;284;14,2;11
2024;12;Espectaculos;Música;Andalucía;Málaga;39;176;628,29;16,11;15
2024;12;Actividades;Cursos;Andalucía;Málaga;4;18;50;12,5;3
2024;12;Espectaculos;Música;Andalucía;Málaga;1829;13370;27764,22;15,18;870
2024;12;Actividades;Deportes y aventuras;Andalucía;Málaga;70;380;163,8;2,34;35
2024;12;Actividades;Actividades infantiles;Andalucía;Málaga;427;1930;3770,41;8,83;156
2024;12;Espectaculos;Cultura, teatro y danza;Andalucía;Málaga;1006;4546;29858,08;29,68;407
2024;12;Actividades;Gastronomía;Andalucía;Málaga;26;118;320,06;12,31;18
2024;12;Espectaculos;Cine;Andalucía;Málaga;552;2494;10482,48;18,99;168
2024;12;Espectaculos;Conferencias;Andalucía;Málaga;42;190;1890;45;31
2024;12;Espectaculos;Música;Andalucía;Málaga;3;14;21;7;2
2024;12;Actividades;Actividades infantiles;Andalucía;Málaga;3;14;21;7;2
2024;12;Espectaculos;Cultura, teatro y danza;Andalucía;Málaga;14;64;406;29;11
2024;12;Espectaculos;Cultura, teatro y danza;Andalucía;Málaga;4;18;117,96;29,49;2
2024;12;Espectaculos;Música;Andalucía;Málaga;24;108;394,56;16,44;10
2024;12;Actividades;Gastronomía;Andalucía;Málaga;24;108;394,56;16,44;10
2024;12;Espectaculos;Música;Andalucía;Málaga;264;1194;6621,12;25,08;144
2024;12;Actividades;Cursos;Región de Murcia;Murcia;829;3746;6632;8;244
2024;12;Espectaculos;Música;Región de Murcia;Murcia;199;900;3474,54;17,46;165
2024;12;Espectaculos;Música;Región de Murcia;Murcia;12;54;168;14;5
2024;12;Actividades;Actividades infantiles;Región de Murcia;Murcia;26;118;389,22;14,97;21
2024;12;Espectaculos;Música;Región de Murcia;Murcia;36;162;180;5;27
2024;12;Espectaculos;Musicales;Región de Murcia;Murcia;34;344;400,18;11,77;17
2024;12;Espectaculos;Música;Región de Murcia;Murcia;1138;36015;15852,34;13,93;667
2024;12;Actividades;Actividades infantiles;Región de Murcia;Murcia;105;474;2326,8;22,16;55
2024;12;Espectaculos;Cultura, teatro y danza;Región de Murcia;Murcia;408;2228;4006,56;9,82;171
2024;12;Actividades;Gastronomía;Región de Murcia;Murcia;37;168;370;10;13
2024;12;Espectaculos;Musicales;Región de Murcia;Murcia;65;294;520;8;18
2024;12;Actividades;Actividades infantiles;Región de Murcia;Murcia;65;294;520;8;18
2024;12;Espectaculos;Cultura, teatro y danza;Región de Murcia;Murcia;65;294;520;8;18
2024;12;Espectaculos;Música;Región de Murcia;Murcia;699;3160;5738,79;8,21;644
2024;12;Actividades;Cursos;Región de Murcia;Murcia;118;534;12360,5;104,75;116
2024;12;Espectaculos;Música;Comunidad Foral de Navarra;Navarra;8;36;74,32;9,29;7
2024;12;Espectaculos;Música;Comunidad Foral de Navarra;Navarra;39;176;877,5;22,5;31
2024;12;Espectaculos;Musicales;Comunidad Foral de Navarra;Navarra;7;32;98;14;2
2024;12;Actividades;Actividades infantiles;Comunidad Foral de Navarra;Navarra;7;32;98;14;2
2024;12;Espectaculos;Cultura, teatro y danza;Comunidad Foral de Navarra;Navarra;7;32;98;14;2
2024;12;Espectaculos;Música;Comunidad Foral de Navarra;Navarra;6713;30340;127278,48;18,96;4768
2024;12;Espectaculos;Música;Comunidad Foral de Navarra;Navarra;123;556;4870,8;39,6;68
2024;12;Espectaculos;Música;Galicia;Ourense;6;30;74,22;12,37;3
2024;12;Espectaculos;Música;Principado de Asturias;Asturias;328;1484;4631,36;14,12;179
2024;12;Actividades;Actividades infantiles;Principado de Asturias;Asturias;13;58;96,98;7,46;5
2024;12;Espectaculos;Cultura, teatro y danza;Principado de Asturias;Asturias;42;190;413,7;9,85;21
2024;12;Espectaculos;Música;Principado de Asturias;Asturias;10;46;303,8;30,38;7
2024;12;Espectaculos;Cultura, teatro y danza;Principado de Asturias;Asturias;115;520;2309,2;20,08;43
2024;12;Espectaculos;Música;Principado de Asturias;Asturias;1261;5700;22407,97;17,77;711
2024;12;Actividades;Gastronomía;Principado de Asturias;Asturias;16;72;134,4;8,4;8
2024;12;Espectaculos;Música;Principado de Asturias;Asturias;145;656;1493,5;10,3;76
2024;12;Actividades;Actividades infantiles;Principado de Asturias;Asturias;1;4;26;26;1
2024;12;Espectaculos;Cultura, teatro y danza;Principado de Asturias;Asturias;1;4;26;26;1
2024;12;Espectaculos;Museo y exposiciones;Principado de Asturias;Asturias;1;4;26;26;1
2024;12;Espectaculos;Música;Castilla y León;Palencia;14;64;173,6;12,4;6
2024;12;Espectaculos;Música;Castilla y León;Palencia;68;308;837,08;12,31;29
2024;12;Espectaculos;Música;Castilla y León;Palencia;55;248;848,1;15,42;52
2024;12;Espectaculos;Música;Canarias;Las Palmas;5222;23600;23603,44;4,52;2513
2024;12;Espectaculos;Musicales;Canarias;Las Palmas;16;72;352;22;4
2024;12;Actividades;Actividades infantiles;Canarias;Las Palmas;16;72;352;22;4
2024;12;Espectaculos;Cultura, teatro y danza;Canarias;Las Palmas;16;72;352;22;4
2024;12;Espectaculos;Música;Canarias;Las Palmas;423;1910;9415,98;22,26;210
2024;12;Espectaculos;Cultura, teatro y danza;Canarias;Las Palmas;510;2304;7277,7;14,27;220
2024;12;Espectaculos;Música;Canarias;Las Palmas;120;542;1320;11;39
2024;12;Espectaculos;Cultura, teatro y danza;Canarias;Las Palmas;1061;4577;27872,47;26,27;319
2024;12;Espectaculos;Música;Canarias;Las Palmas;145;656;1624;11,2;64
2024;12;Espectaculos;Cultura, teatro y danza;Canarias;Las Palmas;1057;4778;22408,4;21,2;442
2024;12;Actividades;Cursos;Canarias;Las Palmas;4;18;105,72;26,43;4
2024;12;Espectaculos;Musicales;Canarias;Las Palmas;237;1072;4036,11;17,03;93
2024;12;Espectaculos;Música;Canarias;Las Palmas;1278;6729;21483,18;16,81;683
2024;12;Actividades;Actividades infantiles;Canarias;Las Palmas;100;452;2933;29,33;34
2024;12;Espectaculos;Cultura, teatro y danza;Canarias;Las Palmas;704;3281;10883,84;15,46;289
2024;12;Actividades;Gastronomía;Canarias;Las Palmas;199;900;2346,21;11,79;92
2024;12;Actividades;Deportes y aventuras;Canarias;Las Palmas;1;4;80;80;1
2024;12;Actividades;Actividades infantiles;Canarias;Las Palmas;77;348;385;5;26
2024;12;Espectaculos;Cultura, teatro y danza;Canarias;Las Palmas;463;2092;5569,89;12,03;181
2024;12;Espectaculos;Música;Canarias;Las Palmas;90;406;198;2,2;24
2024;12;Espectaculos;Música;Canarias;Las Palmas;5805;26236;102051,9;17,58;2045
2024;12;Espectaculos;Cultura, teatro y danza;Canarias;Las Palmas;23;104;283,59;12,33;8
2024;12;Espectaculos;Música;Canarias;Las Palmas;45;204;495;11;20
2024;12;Espectaculos;Música;Canarias;Las Palmas;952;4302;25228;26,5;616
2024;12;Actividades;Actividades infantiles;Canarias;Las Palmas;48;216;441,6;9,2;14
2024;12;Espectaculos;Cultura, teatro y danza;Canarias;Las Palmas;491;2220;8607,23;17,53;177
2024;12;Espectaculos;Música;Canarias;Las Palmas;454;2052;2497;5,5;149
2024;12;Espectaculos;Cultura, teatro y danza;Canarias;Las Palmas;108;488;669,6;6,2;37
2024;12;Espectaculos;Música;Canarias;Las Palmas;558;2522;11450,16;20,52;411
2024;12;Espectaculos;Música;Canarias;Las Palmas;64;290;358,4;5,6;25
2024;12;Espectaculos;Cultura, teatro y danza;Canarias;Las Palmas;49;222;352,8;7,2;22
2024;12;Espectaculos;Cultura, teatro y danza;Galicia;Pontevedra;23;104;124,2;5,4;10
2024;12;Actividades;Gastronomía;Galicia;Pontevedra;23;104;124,2;5,4;10
2024;12;Espectaculos;Música;Galicia;Pontevedra;5;22;31,8;6,36;3
2024;12;Espectaculos;Música;Galicia;Pontevedra;53;240;699,6;13,2;23
2024;12;Espectaculos;Música;Galicia;Pontevedra;1126;5090;13973,66;12,41;630
2024;12;Espectaculos;Cultura, teatro y danza;Galicia;Pontevedra;148;670;1774,52;11,99;70
2024;12;Espectaculos;Música;Galicia;Pontevedra;42;190;567,42;13,51;22
2024;12;Actividades;Deportes y aventuras;Galicia;Pontevedra;691;3122;2259,57;3,27;204
2024;12;Actividades;Actividades infantiles;Galicia;Pontevedra;691;3122;2259,57;3,27;204
2024;12;Espectaculos;Cultura, teatro y danza;Castilla y León;Salamanca;131;761;305,23;2,33;60
2024;12;Espectaculos;Musicales;Castilla y León;Salamanca;199;900;3474,54;17,46;58
2024;12;Espectaculos;Música;Castilla y León;Salamanca;329;1486;4484,27;13,63;216
2024;12;Actividades;Actividades infantiles;Castilla y León;Salamanca;199;900;3474,54;17,46;58
2024;12;Espectaculos;Cultura, teatro y danza;Castilla y León;Salamanca;263;1188;2937,71;11,17;89
2024;12;Actividades;Deportes y aventuras;Castilla y León;Salamanca;17;76;165,07;9,71;17
2024;12;Espectaculos;Cultura, teatro y danza;Castilla y León;Salamanca;197;890;898,32;4,56;55
2024;12;Espectaculos;Museo y exposiciones;Castilla y León;Salamanca;197;890;898,32;4,56;55
2024;12;Espectaculos;Música;Canarias;Santa Cruz de Tenerife;48;216;1382,4;28,8;30
2024;12;Espectaculos;Cultura, teatro y danza;Canarias;Santa Cruz de Tenerife;51;230;591,09;11,59;16
2024;12;Espectaculos;Musicales;Canarias;Santa Cruz de Tenerife;37;168;814;22;11
2024;12;Espectaculos;Música;Canarias;Santa Cruz de Tenerife;718;3246;13627,64;18,98;528
2024;12;Actividades;Actividades infantiles;Canarias;Santa Cruz de Tenerife;37;168;814;22;11
2024;12;Espectaculos;Cultura, teatro y danza;Canarias;Santa Cruz de Tenerife;364;1646;7935,2;21,8;158
2024;12;Espectaculos;Música;Canarias;Santa Cruz de Tenerife;191;1298;1018,03;5,33;82
2024;12;Espectaculos;Cultura, teatro y danza;Canarias;Santa Cruz de Tenerife;187;846;561;3;80
2024;12;Espectaculos;Música;Canarias;Santa Cruz de Tenerife;1795;8112;29653,4;16,52;1053
2024;12;Actividades;Deportes y aventuras;Canarias;Santa Cruz de Tenerife;17;76;232,56;13,68;8
2024;12;Espectaculos;Cultura, teatro y danza;Canarias;Santa Cruz de Tenerife;271;1187;3436,28;12,68;125
2024;12;Espectaculos;Música;Canarias;Santa Cruz de Tenerife;352;1590;12070,08;34,29;272
2024;12;Espectaculos;Música;Canarias;Santa Cruz de Tenerife;1797;8122;36047,82;20,06;1133
2024;12;Actividades;Deportes y aventuras;Canarias;Santa Cruz de Tenerife;432;1952;11880;27,5;206
2024;12;Espectaculos;Cultura, teatro y danza;Canarias;Santa Cruz de Tenerife;87;394;2319,42;26,66;42
2024;12;Actividades;Cursos;Canarias;Santa Cruz de Tenerife;1;4;15;15;1
2024;12;Espectaculos;Musicales;Canarias;Santa Cruz de Tenerife;145;656;1790,75;12,35;79
2024;12;Espectaculos;Música;Canarias;Santa Cruz de Tenerife;569;2572;8227,74;14,46;330
2024;12;Actividades;Actividades infantiles;Canarias;Santa Cruz de Tenerife;2;10;21,8;10,9;1
2024;12;Espectaculos;Cultura, teatro y danza;Canarias;Santa Cruz de Tenerife;361;1632;4335,61;12,01;180
2024;12;Actividades;Gastronomía;Canarias;Santa Cruz de Tenerife;62;280;676,42;10,91;30
2024;12;Espectaculos;Musicales;Canarias;Santa Cruz de Tenerife;25;112;207,25;8,29;13
2024;12;Espectaculos;Música;Canarias;Santa Cruz de Tenerife;22;100;210,98;9,59;9
2024;12;Espectaculos;Cultura, teatro y danza;Canarias;Santa Cruz de Tenerife;251;4224;2974,35;11,85;111
2024;12;Espectaculos;Cultura, teatro y danza;Canarias;Santa Cruz de Tenerife;158;714;1782,24;11,28;52
2024;12;Espectaculos;Música;Cantabria;Cantabria;58;262;1503,94;25,93;28
2024;12;Espectaculos;Música;Cantabria;Cantabria;14;64;140,7;10,05;8
2024;12;Espectaculos;Música;Cantabria;Cantabria;277;1252;2747,84;9,92;133
2024;12;Actividades;Actividades infantiles;Cantabria;Cantabria;231;1044;1859,55;8,05;101
2024;12;Espectaculos;Cultura, teatro y danza;Cantabria;Cantabria;336;1518;3265,92;9,72;148
2024;12;Espectaculos;Música;Cantabria;Cantabria;365;1650;3660,95;10,03;189
2024;12;Actividades;Actividades infantiles;Cantabria;Cantabria;169;764;1693,38;10,02;79
2024;12;Espectaculos;Música;Castilla y León;Segovia;78;352;960,18;12,31;27
2024;12;Espectaculos;Música;Castilla y León;Segovia;49;222;1715;35;20
2024;12;Espectaculos;Música;Castilla y León;Segovia;82;370;1162,76;14,18;40
2024;12;Espectaculos;Música;Andalucía;Sevilla;1600;7232;18864;11,79;1000
2024;12;Espectaculos;Música;Andalucía;Sevilla;45;204;676,35;15,03;22
2024;12;Actividades;Deportes y aventuras;Andalucía;Sevilla;54;244;260,28;4,82;23
2024;12;Espectaculos;Música;Andalucía;Sevilla;30;136;300;10;15
2024;12;Actividades;Actividades infantiles;Andalucía;Sevilla;663;2996;3334,89;5,03;187
2024;12;Espectaculos;Cultura, teatro y danza;Andalucía;Sevilla;663;2996;3334,89;5,03;187
2024;12;Espectaculos;Música;Andalucía;Sevilla;141;638;1144,92;8,12;77
2024;12;Espectaculos;Música;Andalucía;Sevilla;2;10;24,74;12,37;1
2024;12;Espectaculos;Música;Andalucía;Sevilla;47;212;969,14;20,62;24
2024;12;Espectaculos;Cine;Andalucía;Sevilla;182;2319;728;4;55
2024;12;Espectaculos;Musicales;Andalucía;Sevilla;96;434;1458,24;15,19;53
2024;12;Espectaculos;Música;Andalucía;Sevilla;3069;13678;38945,61;12,69;1632
2024;12;Actividades;Actividades infantiles;Andalucía;Sevilla;546;2468;7829,64;14,34;218
2024;12;Espectaculos;Cultura, teatro y danza;Andalucía;Sevilla;479;3737;6696,42;13,98;237
2024;12;Espectaculos;Museo y exposiciones;Andalucía;Sevilla;120;1618;1590;13,25;55
2024;12;Espectaculos;Música;Castilla y León;Soria;74;334;1033,04;13,96;32
2024;12;Espectaculos;Música;Castilla y León;Soria;18;82;198;11;10
2024;12;Espectaculos;Música;Castilla y León;Soria;3;14;36;12;2
2024;12;Espectaculos;Música;Castilla y León;Soria;63;286;900,9;14,3;23
2024;12;Espectaculos;Cultura, teatro y danza;Castilla y León;Soria;6;28;79,2;13,2;3
2024;12;Espectaculos;Música;Cataluña;Tarragona;1053;4760;10014,03;9,51;739
2024;12;Espectaculos;Música;Cataluña;Tarragona;257;1162;5348,17;20,81;86
2024;12;Actividades;Actividades infantiles;Cataluña;Tarragona;18;82;256,5;14,25;7
2024;12;Espectaculos;Cultura, teatro y danza;Cataluña;Tarragona;18;82;256,5;14,25;7
2024;12;Espectaculos;Museo y exposiciones;Cataluña;Tarragona;18;82;256,5;14,25;7
2024;12;Actividades;Deportes y aventuras;Cataluña;Tarragona;51;230;256,02;5,02;43
2024;12;Espectaculos;Música;Cataluña;Tarragona;319;1442;6628,82;20,78;104
2024;12;Actividades;Actividades infantiles;Cataluña;Tarragona;319;1442;6628,82;20,78;104
2024;12;Espectaculos;Música;Cataluña;Tarragona;1332;6020;18181,8;13,65;763
2024;12;Actividades;Deportes y aventuras;Cataluña;Tarragona;110;498;1520,2;13,82;68
2024;12;Espectaculos;Música;Cataluña;Tarragona;384;1736;4992;13;277
2024;12;Actividades;Deportes y aventuras;Cataluña;Tarragona;28;126;218,96;7,82;13
2024;12;Actividades;Actividades infantiles;Cataluña;Tarragona;28;126;218,96;7,82;13
2024;12;Espectaculos;Música;Cataluña;Tarragona;158;1181;2921,42;18,49;87
2024;12;Actividades;Actividades infantiles;Cataluña;Tarragona;20;90;211;10,55;20
2024;12;Espectaculos;Cultura, teatro y danza;Cataluña;Tarragona;41;186;492;12;27
2024;12;Espectaculos;Música;Cataluña;Tarragona;11;50;261,47;23,77;6
2024;12;Espectaculos;Música;Cataluña;Tarragona;53;240;647,13;12,21;22
2024;12;Espectaculos;Música;Cataluña;Tarragona;27;122;434,7;16,1;14
2024;12;Espectaculos;Cultura, teatro y danza;Cataluña;Tarragona;2;10;35,34;17,67;1
2024;12;Espectaculos;Música;Cataluña;Tarragona;17;76;174,08;10,24;10
2024;12;Espectaculos;Música;Cataluña;Tarragona;57;258;579,69;10,17;22
2024;12;Espectaculos;Música;Aragón;Teruel;206;932;5314,8;25,8;156
2024;12;Actividades;Deportes y aventuras;Castilla - La Mancha;Toledo;3;14;85,41;28,47;2
2024;12;Actividades;Actividades infantiles;Castilla - La Mancha;Toledo;3;14;85,41;28,47;2
2024;12;Espectaculos;Música;Castilla - La Mancha;Toledo;35;158;2539,6;72,56;30
2024;12;Espectaculos;Música;Castilla - La Mancha;Toledo;122;552;2592,5;21,25;60
2024;12;Actividades;Actividades infantiles;Castilla - La Mancha;Toledo;46;208;1501,9;32,65;25
2024;12;Espectaculos;Cultura, teatro y danza;Castilla - La Mancha;Toledo;1;4;19,63;19,63;1
2024;12;Espectaculos;Música;Castilla - La Mancha;Toledo;3;14;38,28;12,76;1
2024;12;Actividades;Actividades infantiles;Castilla - La Mancha;Toledo;108;488;1689,12;15,64;29
2024;12;Espectaculos;Cultura, teatro y danza;Castilla - La Mancha;Toledo;108;488;1689,12;15,64;29
2024;12;Espectaculos;Museo y exposiciones;Castilla - La Mancha;Toledo;93;420;596,13;6,41;18
2024;12;Actividades;Actividades infantiles;Comunitat Valenciana;Valencia/València;128;578;942,08;7,36;80
2024;12;Espectaculos;Cultura, teatro y danza;Comunitat Valenciana;Valencia/València;128;578;942,08;7,36;80
2024;12;Actividades;Gastronomía;Comunitat Valenciana;Valencia/València;128;578;942,08;7,36;80
2024;12;Espectaculos;Cultura, teatro y danza;Comunitat Valenciana;Valencia/València;135;610;1258,2;9,32;60
2024;12;Espectaculos;Museo y exposiciones;Comunitat Valenciana;Valencia/València;5;22;51,8;10,36;2
2024;12;Espectaculos;Música;Comunitat Valenciana;Valencia/València;1;4;10;10;1
2024;12;Espectaculos;Música;Comunitat Valenciana;Valencia/València;13;58;360,75;27,75;9
2024;12;Espectaculos;Cultura, teatro y danza;Comunitat Valenciana;Valencia/València;31;140;426,56;13,76;12
2024;12;Espectaculos;Museo y exposiciones;Comunitat Valenciana;Valencia/València;31;140;426,56;13,76;12
2024;12;Espectaculos;Música;Comunitat Valenciana;Valencia/València;17;76;276,25;16,25;9
2024;12;Actividades;Actividades infantiles;Comunitat Valenciana;Valencia/València;17;76;276,25;16,25;9
2024;12;Espectaculos;Música;Comunitat Valenciana;Valencia/València;1134;5126;10466,82;9,23;750
2024;12;Actividades;Actividades infantiles;Comunitat Valenciana;Valencia/València;270;1220;1587,6;5,88;118
2024;12;Espectaculos;Cultura, teatro y danza;Comunitat Valenciana;Valencia/València;270;1220;1587,6;5,88;118
2024;12;Espectaculos;Música;Comunitat Valenciana;Valencia/València;155;702;1866,2;12,04;108
2024;12;Espectaculos;Musicales;Comunitat Valenciana;Valencia/València;79;358;245,69;3,11;23
2024;12;Espectaculos;Música;Comunitat Valenciana;Valencia/València;47;212;146,64;3,12;16
2024;12;Actividades;Actividades infantiles;Comunitat Valenciana;Valencia/València;79;358;245,69;3,11;23
2024;12;Espectaculos;Cultura, teatro y danza;Comunitat Valenciana;Valencia/València;79;358;245,69;3,11;23
2024;12;Espectaculos;Música;Comunitat Valenciana;Valencia/València;323;1460;1644,07;5,09;91
2024;12;Espectaculos;Musicales;Comunitat Valenciana;Valencia/València;2623;11854;23816,84;9,08;737
2024;12;Espectaculos;Música;Comunitat Valenciana;Valencia/València;1938;8760;29399,46;15,17;964
2024;12;Actividades;Actividades infantiles;Comunitat Valenciana;Valencia/València;4646;20998;51245,38;11,03;1362
2024;12;Espectaculos;Cultura, teatro y danza;Comunitat Valenciana;Valencia/València;5553;25098;212513,31;38,27;1685
2024;12;Actividades;Gastronomía;Comunitat Valenciana;Valencia/València;100;452;931;9,31;50
2024;12;Espectaculos;Cultura, teatro y danza;Castilla y León;Valladolid;130;588;1569,1;12,07;55
2024;12;Espectaculos;Cultura, teatro y danza;Castilla y León;Valladolid;64;290;295,04;4,61;20
2024;12;Espectaculos;Cultura, teatro y danza;Castilla y León;Valladolid;2;10;16;8;2
2024;12;Espectaculos;Musicales;Castilla y León;Valladolid;163;736;1416,47;8,69;49
2024;12;Actividades;Actividades infantiles;Castilla y León;Valladolid;163;736;1416,47;8,69;49
2024;12;Espectaculos;Cultura, teatro y danza;Castilla y León;Valladolid;495;2238;5029,2;10,16;155
2024;12;Espectaculos;Cine;Castilla y León;Valladolid;112;506;682,08;6,09;28
2024;12;Actividades;Actividades infantiles;Castilla y León;Valladolid;69;312;425,73;6,17;18
2024;12;Espectaculos;Música;Castilla y León;Valladolid;883;3990;12388,49;14,03;365
2024;12;Actividades;Actividades infantiles;Castilla y León;Valladolid;58;262;227,94;3,93;21
2024;12;Espectaculos;Cultura, teatro y danza;Castilla y León;Valladolid;104;470;426,4;4,1;39
2024;12;Espectaculos;Cultura, teatro y danza;Castilla y León;Valladolid;35;158;141,75;4,05;16
2024;12;Espectaculos;Musicales;Castilla y León;Valladolid;424;1916;5512;13;120
2024;12;Espectaculos;Música;Castilla y León;Valladolid;7907;33422;119474,77;15,11;2392
2024;12;Actividades;Actividades infantiles;Castilla y León;Valladolid;7193;32508;74591,41;10,37;1926
2024;12;Espectaculos;Cultura, teatro y danza;Castilla y León;Valladolid;480;2170;9216;19,2;150
2024;12;Espectaculos;Música;Castilla y León;Valladolid;139;628;2916,22;20,98;68
2024;12;Actividades;Deportes y aventuras;País Vasco;Bizkaia;504;2278;9596,16;19,04;502
2024;12;Actividades;Actividades infantiles;País Vasco;Bizkaia;30;136;96,9;3,23;8
2024;12;Actividades;Cursos;País Vasco;Bizkaia;6;26;1050;175;2
2024;12;Espectaculos;Música;País Vasco;Bizkaia;1955;8836;26275,2;13,44;1005
2024;12;Actividades;Deportes y aventuras;País Vasco;Bizkaia;3;14;84;28;1
2024;12;Actividades;Actividades infantiles;País Vasco;Bizkaia;5;22;61,85;12,37;3
2024;12;Espectaculos;Cultura, teatro y danza;País Vasco;Bizkaia;162;734;1587,6;9,8;80
2024;12;Actividades;Actividades infantiles;País Vasco;Bizkaia;311;1406;2973,16;9,56;104
2024;12;Espectaculos;Cultura, teatro y danza;País Vasco;Bizkaia;311;1406;2973,16;9,56;104
2024;12;Espectaculos;Museo y exposiciones;País Vasco;Bizkaia;311;1406;2973,16;9,56;104
2024;12;Espectaculos;Música;País Vasco;Bizkaia;43;194;779,59;18,13;25
2024;12;Espectaculos;Cultura, teatro y danza;País Vasco;Bizkaia;41;186;493,23;12,03;15
2024;12;Espectaculos;Música;País Vasco;Bizkaia;187;846;2406,69;12,87;93
2024;12;Actividades;Actividades infantiles;País Vasco;Bizkaia;442;1998;4406,74;9,97;112
2024;12;Espectaculos;Cultura, teatro y danza;País Vasco;Bizkaia;442;1998;4406,74;9,97;112
2024;12;Espectaculos;Música;País Vasco;Bizkaia;57;258;576,27;10,11;31
2024;12;Espectaculos;Música;País Vasco;Bizkaia;121;546;2855,6;23,6;62
2024;12;Espectaculos;Música;Castilla y León;Zamora;721;3030;11175,5;15,5;370
2024;12;Actividades;Actividades infantiles;Castilla y León;Zamora;59;266;355,18;6,02;18
2024;12;Espectaculos;Cultura, teatro y danza;Castilla y León;Zamora;72;326;288;4;35
2024;12;Espectaculos;Cine;Aragón;Zaragoza;110;498;854,7;7,77;44
2024;12;Espectaculos;Cultura, teatro y danza;Aragón;Zaragoza;365;1650;1478,25;4,05;118
2024;12;Espectaculos;Música;Aragón;Zaragoza;148;668;1459,28;9,86;90
2024;12;Actividades;Actividades infantiles;Aragón;Zaragoza;36;162;216,72;6,02;12
2024;12;Espectaculos;Cultura, teatro y danza;Aragón;Zaragoza;36;162;216,72;6,02;12
2024;12;Espectaculos;Conferencias;Aragón;Zaragoza;5;130;187,5;37,5;5
2024;12;Actividades;Cursos;Aragón;Zaragoza;406;1834;11311,16;27,86;267
2024;12;Espectaculos;Cine;Aragón;Zaragoza;114;516;627;5,5;60
2024;12;Espectaculos;Musicales;Aragón;Zaragoza;270;1269;2759,4;10,22;100
2024;12;Espectaculos;Música;Aragón;Zaragoza;5401;23231;75722,02;14,02;3295
2024;12;Actividades;Deportes y aventuras;Aragón;Zaragoza;6;28;99,6;16,6;4
2024;12;Actividades;Actividades infantiles;Aragón;Zaragoza;1093;4940;8580,05;7,85;342
2024;12;Espectaculos;Cultura, teatro y danza;Aragón;Zaragoza;2833;12042;22692,33;8,01;1125
2024;12;Espectaculos;Cultura, teatro y danza;Ceuta;Ceuta;20;90;162;8,1;9
2024;12;Espectaculos;Conferencias;Total Nacional;Total Nacional;375;2004;38423,1375;102,4617;354
2024;12;Actividades;Cursos;Total Nacional;Total Nacional;1786;8239;68559,8964;38,3874;955
2024;12;Espectaculos;Cine;Total Nacional;Total Nacional;2803;15129;23304,142;8,314;1051
2024;12;Espectaculos;Musicales;Total Nacional;Total Nacional;11769;53224;141076,1799;11,9871;3716
2024;12;Espectaculos;Música;Total Nacional;Total Nacional;178675;853744;3031489,388;16,9665;96318
2024;12;Actividades;Deportes y aventuras;Total Nacional;Total Nacional;6572;30716;94688,7188;14,4079;2983
2024;12;Actividades;Actividades infantiles;Total Nacional;Total Nacional;46116;213508;576122,5764;12,4929;13890
2024;12;Espectaculos;Cultura, teatro y danza;Total Nacional;Total Nacional;58427;266703;710080,8591;12,1533;21044
2024;12;Espectaculos;Museo y exposiciones;Total Nacional;Total Nacional;5163;24410;59219,61;11,47;1310
2024;12;Actividades;Gastronomía;Total Nacional;Total Nacional;1576;7112;22872,1728;14,5128;851
